predictor,horizon,start_date,top_minus_bottom_pct,top_k_excess_vs_spy_pct
momentum_20d,5,1999-01-22,-0.9042290320342317,-3.284133885403895
momentum_20d,5,1999-01-29,-5.431467870107613,-0.02876587168902563
momentum_20d,5,1999-02-05,-0.42753705454925406,-1.0585960571543374
momentum_20d,5,1999-02-12,1.688790685338289,0.2969597440799424
momentum_20d,5,1999-02-22,1.7529345156788798,1.3129961339381122
momentum_20d,5,1999-03-01,-0.8708382453751939,-0.4562286727493925
momentum_20d,5,1999-03-08,-0.5985397509066978,-0.2289771920857738
momentum_20d,5,1999-03-15,-0.053609089443625454,0.5941444451556348
momentum_20d,5,1999-03-22,1.4857673896551757,-0.7290738741403697
momentum_20d,5,1999-03-29,-0.39562385646378545,-1.5888519310047384
momentum_20d,5,1999-04-06,-0.8305874727760896,1.2468801607666467
momentum_20d,5,1999-04-13,1.065172018643845,2.2856928164802186
momentum_20d,5,1999-04-20,-5.8991203799498555,-3.782263332146892
momentum_20d,5,1999-04-27,6.395515479748055,5.798767227089233
momentum_20d,5,1999-05-04,-0.9998198331440814,-0.7702921925498596
momentum_20d,5,1999-05-11,-2.702991604508224,-3.7234477883368235
momentum_20d,5,1999-05-18,-0.5825896269102977,0.3178104604105244
momentum_20d,5,1999-05-25,-1.9412365929080095,-0.9711647766640389
momentum_20d,5,1999-06-02,1.517728356499785,0.674231461751466
momentum_20d,5,1999-06-09,-0.7916768679789447,0.17393276260019297
momentum_20d,5,1999-06-16,-1.2885634171278897,-1.4972508854245912
momentum_20d,5,1999-06-23,0.7614959220461293,-0.5565651121031356
momentum_20d,5,1999-06-30,-0.09820084990206368,-0.576100242787499
momentum_20d,5,1999-07-08,0.1939593209661306,-0.26989502575338975
momentum_20d,5,1999-07-15,-4.545987978000998,-0.7123194844159575
momentum_20d,5,1999-07-22,-0.35799013089247156,-0.22642824644933945
momentum_20d,5,1999-07-29,7.049690069812406,4.690063565488819
momentum_20d,5,1999-08-05,0.9192481689824377,1.355965318946558
momentum_20d,5,1999-08-12,-3.7476417361893257,-2.5115356090456453
momentum_20d,5,1999-08-19,-1.3302680463916545,-3.0719917784543043
momentum_20d,5,1999-08-26,3.529759390119443,1.7537768046788527
momentum_20d,5,1999-09-02,1.1706807201918448,-0.18387433210098242
momentum_20d,5,1999-09-10,-0.03248755421455156,0.43001084681074664
momentum_20d,5,1999-09-17,-0.8840633796841376,-0.5958116526215733
momentum_20d,5,1999-09-24,0.8290021047763514,0.7056508301637694
momentum_20d,5,1999-10-01,1.5481798445547015,0.07104262444727061
momentum_20d,5,1999-10-08,-2.3258789762755896,1.450390955681998
momentum_20d,5,1999-10-15,-4.396488145999706,-1.7503983982262123
momentum_20d,5,1999-10-22,-0.3576605644228497,-1.1415977768605665
momentum_20d,5,1999-10-29,4.400730400554076,1.0798892629942825
momentum_20d,5,1999-11-05,-2.371099204993195,0.101711114024076
momentum_20d,5,1999-11-12,0.326823587980829,-0.46340366221323537
momentum_20d,5,1999-11-19,0.019570018239286127,-1.569730287301474
momentum_20d,5,1999-11-29,-1.9795378210735144,-0.7060903017322724
momentum_20d,5,1999-12-06,2.0363791375744067,0.45228263066649327
momentum_20d,5,1999-12-13,3.658353770669587,1.5067165378768768
momentum_20d,5,1999-12-20,1.5301018542535887,0.6249351796514164
momentum_20d,5,1999-12-28,4.164263187064976,2.722510168362284
momentum_20d,5,2000-01-04,0.2784917485863513,0.8638545873054496
momentum_20d,5,2000-01-11,1.003284089878298,-0.39107214617809527
momentum_20d,5,2000-01-19,-2.0197135081942137,-0.24491018453385674
momentum_20d,5,2000-01-26,0.7519256432624853,1.2074600744261401
momentum_20d,5,2000-02-02,2.5812599446506606,-0.659619021511378
momentum_20d,5,2000-02-09,-0.10140296570066987,-0.4828785772990729
momentum_20d,5,2000-02-16,1.4648450231419954,0.18894209541742518
momentum_20d,5,2000-02-24,-4.39768151920316,-1.5023675528518243
momentum_20d,5,2000-03-02,4.900127555006417,1.887282438894063
momentum_20d,5,2000-03-09,-10.689889936121396,-2.4011148849250414
momentum_20d,5,2000-03-16,3.0140717252089595,-0.21698032430773986
momentum_20d,5,2000-03-23,2.489201713179597,3.815767935469568
momentum_20d,5,2000-03-30,-0.1298775891967955,-0.06998780682598107
momentum_20d,5,2000-04-06,7.4516741508159985,5.375985526709456
momentum_20d,5,2000-04-13,-1.9100629331062269,-2.375039806823065
momentum_20d,5,2000-04-20,-5.018257890040978,-1.0909377170712644
momentum_20d,5,2000-04-28,-0.30607662680261677,-0.6098254393131792
momentum_20d,5,2000-05-05,3.5778609665200487,2.9495444521516796
momentum_20d,5,2000-05-12,2.382429149773002,1.9065478583135564
momentum_20d,5,2000-05-19,3.2207496730426555,0.6868744768513735
momentum_20d,5,2000-05-26,-10.473476877376061,-5.851383387775799
momentum_20d,5,2000-06-05,-0.19425319745547015,-1.1153887931891129
momentum_20d,5,2000-06-12,3.515965677849057,-0.4920638797869377
momentum_20d,5,2000-06-19,-0.1437151637104339,-1.5203480003841898
momentum_20d,5,2000-06-26,-2.4776200366486014,-0.9246761073153734
momentum_20d,5,2000-07-03,-5.367804086142222,-0.08382438866810413
momentum_20d,5,2000-07-11,3.17921362645193,-1.0763898889094459
momentum_20d,5,2000-07-18,3.021856041185948,1.3801581715325972
momentum_20d,5,2000-07-25,0.10461517517466785,0.25097225204061546
momentum_20d,5,2000-08-01,2.76239467141199,2.1367635177906257
momentum_20d,5,2000-08-08,-1.229803981973195,0.26161252835542237
momentum_20d,5,2000-08-15,-2.199978754529637,-0.43947523894620755
momentum_20d,5,2000-08-22,-0.7845038857260622,-0.7242456448109096
momentum_20d,5,2000-08-29,-4.70073977821202,-1.8491720065185218
momentum_20d,5,2000-09-06,-4.306018866723056,-1.9758235750303
momentum_20d,5,2000-09-13,-0.9812422337601341,-1.2886179594255123
momentum_20d,5,2000-09-20,9.325335915973987,3.934244233115084
momentum_20d,5,2000-09-27,0.7792311905052143,2.0127823446163413
momentum_20d,5,2000-10-04,8.138692128910673,2.967469077078011
momentum_20d,5,2000-10-11,2.2939441917146364,1.0891979417347244
momentum_20d,5,2000-10-18,-1.948983013801094,-1.7860029101798143
momentum_20d,5,2000-10-25,-1.3914755001648291,0.9203837240252607
momentum_20d,5,2000-11-01,6.593128942850808,2.496763751811944
momentum_20d,5,2000-11-08,-4.563889944512174,-0.17550094618850415
momentum_20d,5,2000-11-15,-2.7726174381894326,-1.7562028603410533
momentum_20d,5,2000-11-22,2.934666508644527,-1.220711295373552
momentum_20d,5,2000-11-30,-2.9559329295591574,0.014269825677145262
momentum_20d,5,2000-12-07,-3.276545034211198,-1.3930432341903054
momentum_20d,5,2000-12-14,6.132021145634647,4.45653077784004
momentum_20d,5,2000-12-21,0.8918900613012296,1.7189237492198768
momentum_20d,5,2000-12-29,-0.7324804814524393,-1.424201082008377
momentum_20d,5,2001-01-08,-1.377826079162662,-1.728444366259126
momentum_20d,5,2001-01-16,-4.546435521817519,-3.275151043315986
momentum_20d,5,2001-01-23,-2.6438508387107964,-1.7695440344913178
momentum_20d,5,2001-01-30,-7.549546300584842,-3.5284096961805123
momentum_20d,5,2001-02-06,-3.3823558852425384,-0.8276000047378199
momentum_20d,5,2001-02-13,3.104078728342992,3.2434865726058804
momentum_20d,5,2001-02-21,5.904480623397141,0.5894537464916787
momentum_20d,5,2001-02-28,-7.127048351947588,-1.6170459662615766
momentum_20d,5,2001-03-07,1.7149313038301917,1.479622275409668
momentum_20d,5,2001-03-14,2.3823718892183487,2.085500493928176
momentum_20d,5,2001-03-21,-1.7153826493317796,-2.6960604410848727
momentum_20d,5,2001-03-28,-1.045720133359703,-4.022253446854914
momentum_20d,5,2001-04-04,-17.258915842524715,-5.075423346956151
momentum_20d,5,2001-04-11,-9.965195831487893,-4.429545025996942
momentum_20d,5,2001-04-19,-9.899714511521562,-5.813894650957349
momentum_20d,5,2001-04-26,-1.5433635645101287,-1.2000063953349995
momentum_20d,5,2001-05-03,-1.6222658959822296,-1.5465201160244524
momentum_20d,5,2001-05-10,1.8216102453192904,2.069255360762627
momentum_20d,5,2001-05-17,-4.5813644689244235,-2.8554969855713113
momentum_20d,5,2001-05-24,-5.269367105897194,-3.3608911731064803
momentum_20d,5,2001-06-01,-4.334181454608688,-0.47989347094267537
momentum_20d,5,2001-06-08,-5.899880282219402,-4.518232911279352
momentum_20d,5,2001-06-15,2.8236126608507606,0.6327143078898219
momentum_20d,5,2001-06-22,-7.6206499148476725,-1.7036064851017756
momentum_20d,5,2001-06-29,-4.619809668515336,-2.377378695213894
momentum_20d,5,2001-07-09,0.7308582913263861,-0.8417336664907626
momentum_20d,5,2001-07-16,-2.8759759635898092,-0.4393699821384711
momentum_20d,5,2001-07-23,-1.5875075120295696,-0.9505131358709562
momentum_20d,5,2001-07-30,-4.492566950206737,-1.3115511425674873
momentum_20d,5,2001-08-06,-1.0342667853397067,-0.48370563409540307
momentum_20d,5,2001-08-13,0.4933445556328537,-1.1490717160173913
momentum_20d,5,2001-08-20,1.7911205777572325,2.588122129344021
momentum_20d,5,2001-08-27,0.36346544446763296,-0.7800978713544904
momentum_20d,5,2001-09-04,10.112163897450788,3.7086982452381365
momentum_20d,5,2001-09-17,-0.9083011154954024,-3.7373083281308284
momentum_20d,5,2001-09-24,6.4374728869028095,0.17651579421458968
momentum_20d,5,2001-10-01,-10.411728569497125,-2.2155986035938895
momentum_20d,5,2001-10-08,-4.986530392556703,-2.6826444497511592
momentum_20d,5,2001-10-15,0.340126221665471,-0.4151739963117869
momentum_20d,5,2001-10-22,1.704420644879756,1.8371072353573121
momentum_20d,5,2001-10-29,3.5970214373228413,1.8560201537539605
momentum_20d,5,2001-11-05,1.6775447679353017,1.776756771178456
momentum_20d,5,2001-11-12,7.724296034675389,2.149172358897074
momentum_20d,5,2001-11-19,-0.2890961504501188,0.07960501789711452
momentum_20d,5,2001-11-27,0.453125354340204,1.1070111056015928
momentum_20d,5,2001-12-04,3.1758683093770355,2.5930370697935246
momentum_20d,5,2001-12-11,-1.083412232776885,-0.7786763611445664
momentum_20d,5,2001-12-18,-5.7113131604367515,-4.559644624809578
momentum_20d,5,2001-12-26,-7.78602045866563,-2.3252007364127025
momentum_20d,5,2002-01-03,-1.0344682601796846,-1.8072080677121811
momentum_20d,5,2002-01-10,0.4617835441878252,-0.4345152779678618
momentum_20d,5,2002-01-17,-3.122893730615476,-0.4682106827634776
momentum_20d,5,2002-01-25,0.8832361449228572,0.9856772514080162
momentum_20d,5,2002-02-01,2.2194715831307423,0.8445328501986094
momentum_20d,5,2002-02-08,1.2520726279848053,2.062679785379899
momentum_20d,5,2002-02-15,3.336686282980898,2.061574098595213
momentum_20d,5,2002-02-25,-2.1125324673949937,-0.5032774061278111
momentum_20d,5,2002-03-04,-1.225271616979403,-1.2282735597511771
momentum_20d,5,2002-03-11,-1.3235840243704167,-0.9728852504753194
momentum_20d,5,2002-03-18,0.10974719716731292,-0.6666273959193725
momentum_20d,5,2002-03-25,2.245751418089474,1.9465399623202595
momentum_20d,5,2002-04-02,-2.3643115228065614,-0.8727356657521631
momentum_20d,5,2002-04-09,-3.0202711942005784,-0.4034210804950848
momentum_20d,5,2002-04-16,2.1043075092745354,0.601969494287713
momentum_20d,5,2002-04-23,0.5786067673036799,0.4005722316169247
momentum_20d,5,2002-04-30,6.234460515378382,1.6312178381541087
momentum_20d,5,2002-05-07,-8.118606582665508,-1.8241768767074988
momentum_20d,5,2002-05-14,1.4885932376237179,0.40775568662700934
momentum_20d,5,2002-05-21,3.323925050734855,0.8127514592673505
momentum_20d,5,2002-05-29,-0.6018883981086669,-0.48578203096824407
momentum_20d,5,2002-06-05,-5.710010607995457,-3.711642553318247
momentum_20d,5,2002-06-12,1.410294711162189,-0.6782658544295643
momentum_20d,5,2002-06-19,-1.0921336023227535,-1.2270624635844682
momentum_20d,5,2002-06-26,1.0905249924801241,0.8186409982429033
momentum_20d,5,2002-07-03,-2.737230489173581,-1.0546502252757182
momentum_20d,5,2002-07-11,-1.9328898317300856,-0.5226500842614668
momentum_20d,5,2002-07-18,-8.526783624971124,-3.9267036528406796
momentum_20d,5,2002-07-25,0.4525398558572185,-1.607772171296203
momentum_20d,5,2002-08-01,1.3234172006619915,0.5726579156155005
momentum_20d,5,2002-08-08,-4.5419292853371065,-1.9817848069788073
momentum_20d,5,2002-08-15,-3.5999334028866015,-1.3381939701139136
momentum_20d,5,2002-08-22,1.3796345328433806,-0.9249776115549446
momentum_20d,5,2002-08-29,0.6540894474491281,-0.14681402472303356
momentum_20d,5,2002-09-06,0.6929885030300491,-0.41351755427154374
momentum_20d,5,2002-09-13,4.274838666190551,2.109767739949664
momentum_20d,5,2002-09-20,-2.2814798268359047,-1.5568553192891708
momentum_20d,5,2002-09-27,4.0947675450134735,0.4009966401171054
momentum_20d,5,2002-10-04,-1.3323595979028693,-2.1780752868865383
momentum_20d,5,2002-10-11,0.5953864084407234,-0.24214353712889528
momentum_20d,5,2002-10-18,-1.2636355379068154,1.4324148847170481
momentum_20d,5,2002-10-25,1.2339285242708367,2.991622776077792
momentum_20d,5,2002-11-01,-0.2911779177614574,-1.6053384716198438
momentum_20d,5,2002-11-08,3.278270523970643,1.9640669145225702
momentum_20d,5,2002-11-15,6.984748770502365,4.618397717151312
momentum_20d,5,2002-11-22,-0.42962071191842144,-0.30756954040128315
momentum_20d,5,2002-12-02,-10.61383114607757,-5.356667453244738
momentum_20d,5,2002-12-09,3.208590304167606,1.4621081190649456
momentum_20d,5,2002-12-16,1.2612629977158174,0.7178849802007818
momentum_20d,5,2002-12-23,2.819378251892346,0.8427135626770851
momentum_20d,5,2002-12-31,-4.131424429604351,-1.5971174417317695
momentum_20d,5,2003-01-08,-0.34442391525092064,-0.41740658105490586
momentum_20d,5,2003-01-15,0.4648060239785886,0.874718934018189
momentum_20d,5,2003-01-23,-1.1090730219544358,-0.5431717277915582
momentum_20d,5,2003-01-30,-2.341782358189326,-1.733817142477682
momentum_20d,5,2003-02-06,0.16091539469374286,0.09860243185811912
momentum_20d,5,2003-02-13,-3.3912384438635828,-0.5688437121211587
momentum_20d,5,2003-02-21,2.490686811934817,1.3087453042206043
momentum_20d,5,2003-02-28,-0.8747242503320707,-0.27796320787240036
momentum_20d,5,2003-03-07,0.8602916210457537,1.7860533786322574
momentum_20d,5,2003-03-14,-0.5053070200613593,0.0901865784005714
momentum_20d,5,2003-03-21,-3.1826340997316698,-1.9963814157322808
momentum_20d,5,2003-03-28,1.075674590203398,0.23036227511368987
momentum_20d,5,2003-04-04,-1.4590553549277074,-0.646219658263621
momentum_20d,5,2003-04-11,-4.163232304285824,-0.36933788355235275
momentum_20d,5,2003-04-21,0.7199395227675062,0.2861577423065661
momentum_20d,5,2003-04-28,0.29264608754931604,0.42138399415750555
momentum_20d,5,2003-05-05,0.4850348116465823,0.2719640790039909
momentum_20d,5,2003-05-12,-3.319978267439442,-2.2211060341090216
momentum_20d,5,2003-05-19,0.5692102845522424,2.485224600688807
momentum_20d,5,2003-05-27,0.08384334311055675,-0.46623072330399157
momentum_20d,5,2003-06-03,-1.6902958738925629,-1.3331520286889553
momentum_20d,5,2003-06-10,-4.263929291181393,-3.286549997218439
momentum_20d,5,2003-06-17,-1.6226031690289615,-0.572669980586656
momentum_20d,5,2003-06-24,-1.110338644556704,-0.5233717177190049
momentum_20d,5,2003-07-01,-0.28177167032712075,0.4956346812827972
momentum_20d,5,2003-07-09,4.00382109863345,1.6066166442040435
momentum_20d,5,2003-07-16,-1.5418700551122193,-0.28470860868210124
momentum_20d,5,2003-07-23,1.275274742708025,0.3133594108911749
momentum_20d,5,2003-07-30,-0.820695964416418,0.021061740133191766
momentum_20d,5,2003-08-06,0.5955227206300373,0.03054194740298814
momentum_20d,5,2003-08-13,1.004959610356737,1.1828096082120356
momentum_20d,5,2003-08-20,2.6602143528495508,2.1748537532884527
momentum_20d,5,2003-08-27,0.4126074349425209,-0.716676158142689
momentum_20d,5,2003-09-04,-2.1983562065839473,-1.1006436638322716
momentum_20d,5,2003-09-11,1.4117248757692344,0.4510125806800547
momentum_20d,5,2003-09-18,-2.2655504351912805,-0.8383126425673959
momentum_20d,5,2003-09-25,0.9213296832121539,0.3317016258538604
momentum_20d,5,2003-10-02,-4.504283448933018,-1.7031067553332946
momentum_20d,5,2003-10-09,0.44302882689650397,0.2571359750046113
momentum_20d,5,2003-10-16,-1.0759913294847119,-0.14405687952583718
momentum_20d,5,2003-10-23,5.444067912115884,2.935637492337184
momentum_20d,5,2003-10-30,2.096773288712413,1.379366470370691
momentum_20d,5,2003-11-06,-1.7022375257566744,-0.38095259049709673
momentum_20d,5,2003-11-13,-1.2374888470897887,-0.8269822534125745
momentum_20d,5,2003-11-20,-0.4555439955419627,0.2556371012262951
momentum_20d,5,2003-11-28,-0.19344728520128696,-0.5057122201388098
momentum_20d,5,2003-12-05,1.5850961265556887,0.886083049610035
momentum_20d,5,2003-12-12,2.122065798739211,1.2003568645221416
momentum_20d,5,2003-12-19,0.15707021452916098,0.21672353227190447
momentum_20d,5,2003-12-29,-1.5678416736446987,-0.7796823743699759
momentum_20d,5,2004-01-06,-1.0980983345592796,-0.3092851019923515
momentum_20d,5,2004-01-13,-0.261083480822814,-1.514324297319721
momentum_20d,5,2004-01-21,-1.4077788103975233,-1.7561036497883764
momentum_20d,5,2004-01-28,0.5258925737962457,1.2621052893166764
momentum_20d,5,2004-02-04,-3.4124290371295274,-1.0057689413256319
momentum_20d,5,2004-02-11,1.5081650719265223,0.515631665889434
momentum_20d,5,2004-02-19,1.0298136582668278,0.48483573237849314
momentum_20d,5,2004-02-26,0.5852460304156315,0.011254702830469181
momentum_20d,5,2004-03-04,1.0134259464248359,0.31682819992923106
momentum_20d,5,2004-03-11,0.7237259354990385,0.6520302982042796
momentum_20d,5,2004-03-18,-2.110570172109816,-1.031903905613544
momentum_20d,5,2004-03-25,-0.9392117546025869,-0.9016836656121704
momentum_20d,5,2004-04-01,-1.922589579607344,-0.768722144298543
momentum_20d,5,2004-04-08,-3.326432936003295,-2.050035536160337
momentum_20d,5,2004-04-16,0.009387874577622846,-0.5588831153897078
momentum_20d,5,2004-04-23,2.0477390838274117,1.0416559466587296
momentum_20d,5,2004-04-30,0.6952048239667736,0.6827643102122694
momentum_20d,5,2004-05-07,-1.3466044907310553,-0.6779711338964416
momentum_20d,5,2004-05-14,-2.163622419610252,-1.2769993298509954
momentum_20d,5,2004-05-21,-1.9696417304978286,-0.6496434239256388
momentum_20d,5,2004-05-28,-1.2007006064687777,-1.050118249362634
momentum_20d,5,2004-06-07,-1.2923409066457947,-0.9845257086340505
momentum_20d,5,2004-06-15,-0.043221985423976504,0.8204274138764789
momentum_20d,5,2004-06-22,0.8409720967189986,0.9295411767528202
momentum_20d,5,2004-06-29,2.838534649834608,1.1831776822399331
momentum_20d,5,2004-07-07,2.276653923545021,0.8556407824915291
momentum_20d,5,2004-07-14,1.6062850059119893,0.9270957458177113
momentum_20d,5,2004-07-21,1.1288527550845677,-0.07560927894605754
momentum_20d,5,2004-07-28,0.33388768267111163,0.9793196865945375
momentum_20d,5,2004-08-04,2.613252904692539,0.38570140231837613
momentum_20d,5,2004-08-11,-1.1138620488074866,0.10170808666435753
momentum_20d,5,2004-08-18,0.3299627029698253,0.06537584611801725
momentum_20d,5,2004-08-25,-0.28320324740317426,0.21236675578182318
momentum_20d,5,2004-09-01,0.5561860001721874,0.07709436599103725
momentum_20d,5,2004-09-09,0.01839913456644915,-0.1697997415914106
momentum_20d,5,2004-09-16,-0.0177242789257865,1.7629495549054501
momentum_20d,5,2004-09-23,-2.187491532331172,-0.873708681639677
momentum_20d,5,2004-09-30,1.8213833495476746,0.5969872096211064
momentum_20d,5,2004-10-07,-1.4587266947110655,-1.5182832178395187
momentum_20d,5,2004-10-14,2.5962465978445466,1.2107620357848812
momentum_20d,5,2004-10-21,-2.397582509562527,-1.4630700676333208
momentum_20d,5,2004-10-28,-1.3360060060617664,-1.1953446012165414
momentum_20d,5,2004-11-04,0.7144646916895832,0.27611702485341727
momentum_20d,5,2004-11-11,2.238012741551347,1.8506217771799764
momentum_20d,5,2004-11-18,-2.2392268461432607,-0.7320322291524757
momentum_20d,5,2004-11-26,-5.255309150077936,-3.8427226152181158
momentum_20d,5,2004-12-03,-1.7888470819469575,-2.1049326354254867
momentum_20d,5,2004-12-10,-0.4543890456028654,-0.04905248173039389
momentum_20d,5,2004-12-17,0.4667930033065315,-0.10051081813516512
momentum_20d,5,2004-12-27,0.7769580178738448,-0.19633451323559278
momentum_20d,5,2005-01-03,1.1027073851679892,0.2884359654830767
momentum_20d,5,2005-01-10,0.7248019764683811,0.5019918591118462
momentum_20d,5,2005-01-18,3.024509292683723,1.5554474315873055
momentum_20d,5,2005-01-25,-0.47808931301932167,1.0366559739802308
momentum_20d,5,2005-02-01,-0.29298243044003264,0.7210320076668293
momentum_20d,5,2005-02-08,1.7612975064530412,1.5225706667188734
momentum_20d,5,2005-02-15,1.056004191278126,0.8395971746413192
momentum_20d,5,2005-02-23,1.699304242307827,1.3760852368193501
momentum_20d,5,2005-03-02,0.395792430436633,0.3255094188952238
momentum_20d,5,2005-03-09,-2.019304251757429,-1.4309868699638497
momentum_20d,5,2005-03-16,0.24743701412840435,0.04021644938826767
momentum_20d,5,2005-03-23,0.8629212423832447,0.7985872727017377
momentum_20d,5,2005-03-31,0.49845548456845334,0.11710420290427237
momentum_20d,5,2005-04-07,2.9741321817608135,1.0159683832248114
momentum_20d,5,2005-04-14,-0.6350774990756388,-0.5793894511869329
momentum_20d,5,2005-04-21,1.0464116659619251,-0.01597830699505328
momentum_20d,5,2005-04-28,-1.6632764981943104,-0.9751770877511593
momentum_20d,5,2005-05-05,2.3530874424278663,0.44419840304425656
momentum_20d,5,2005-05-12,-0.0487895460543323,-0.2123431885761621
momentum_20d,5,2005-05-19,0.8031464376064094,1.191108927611443
momentum_20d,5,2005-05-26,-1.9224143497901727,-0.12578891622902671
momentum_20d,5,2005-06-03,-0.5301317484844785,-0.6426519326253637
momentum_20d,5,2005-06-10,0.5374501219638635,0.8680528972192847
momentum_20d,5,2005-06-17,0.49122861077643964,-0.11323233026574082
momentum_20d,5,2005-06-24,1.2371009230835117,0.9066137527812786
momentum_20d,5,2005-07-01,-3.256400605598242,-0.2687672710257457
momentum_20d,5,2005-07-11,-0.7315343945611323,-1.056356053899262
momentum_20d,5,2005-07-18,-2.786963051111069,-0.34745194222812004
momentum_20d,5,2005-07-25,-0.24400191056833295,0.3806171753247748
momentum_20d,5,2005-08-01,1.2433592465146934,0.6070094798767116
momentum_20d,5,2005-08-08,-0.19406770796379647,-0.005684172225980019
momentum_20d,5,2005-08-15,-2.3495985269210817,-1.2285702409320955
momentum_20d,5,2005-08-22,0.9493816019266762,0.427681962454111
momentum_20d,5,2005-08-29,2.52764539503069,1.7479983547865248
momentum_20d,5,2005-09-06,-0.519099029881942,-0.34303400399284445
momentum_20d,5,2005-09-13,2.5144927346396653,1.6939094579790703
momentum_20d,5,2005-09-20,-0.7323041475210939,-0.03946845850310021
momentum_20d,5,2005-09-27,-1.8028083223951996,-0.6920365971871141
momentum_20d,5,2005-10-04,-1.8262615525826456,-1.5350086079707816
momentum_20d,5,2005-10-11,-2.376210240219919,-1.491918547146831
momentum_20d,5,2005-10-18,-0.23115973846833393,-0.09118715881952788
momentum_20d,5,2005-10-25,1.4218834841127257,-0.11125099621399626
momentum_20d,5,2005-11-01,-0.8534330868207429,-0.23598215178897153
momentum_20d,5,2005-11-08,2.786489546763345,1.2102973662027283
momentum_20d,5,2005-11-15,1.3455496530257869,0.2188629309980946
momentum_20d,5,2005-11-22,0.7158459167563969,0.887765765183679
momentum_20d,5,2005-11-30,0.37368737206737723,1.4773757917264874
momentum_20d,5,2005-12-07,-1.773542351278819,-0.4429314720056439
momentum_20d,5,2005-12-14,-2.6745648526006103,-1.5553711711919882
momentum_20d,5,2005-12-21,0.84349785089383,0.922167005848958
momentum_20d,5,2005-12-29,-2.305401869035843,-0.34508574580251283
momentum_20d,5,2006-01-06,-0.37284939681186957,-0.5258507355533015
momentum_20d,5,2006-01-13,-0.18830347209133347,1.0067154893606398
momentum_20d,5,2006-01-23,-0.519081370480005,-0.2823761717035652
momentum_20d,5,2006-01-30,-0.5359945193051792,-0.05596025472925555
momentum_20d,5,2006-02-06,-3.402724819928564,-3.2462822554815993
momentum_20d,5,2006-02-13,1.0906831149699554,0.30455608601186823
momentum_20d,5,2006-02-21,0.3014346044825126,-0.0377796821400785
momentum_20d,5,2006-02-28,0.058946831943296196,-0.758852994145609
momentum_20d,5,2006-03-07,-0.3113695910656836,0.02501255724457104
momentum_20d,5,2006-03-14,1.4899426232965214,0.4244468370249869
momentum_20d,5,2006-03-21,-1.6456814361563172,-0.3670108903975603
momentum_20d,5,2006-03-28,1.3965284306499866,0.9989686359031857
momentum_20d,5,2006-04-04,1.7599469326427013,1.204630299982464
momentum_20d,5,2006-04-11,3.720916856487951,2.868332579940658
momentum_20d,5,2006-04-19,-2.217707278276134,-1.5108711006846929
momentum_20d,5,2006-04-26,0.6680252361659996,0.5726178337564096
momentum_20d,5,2006-05-03,0.09516801048488803,-0.3706590193879533
momentum_20d,5,2006-05-10,-3.252919292905232,-2.3883122985636147
momentum_20d,5,2006-05-17,2.279875988566675,0.6766550453427778
momentum_20d,5,2006-05-24,-0.2031570039218463,0.21938502943826452
momentum_20d,5,2006-06-01,4.59276765889118,1.8896471858174595
momentum_20d,5,2006-06-08,-0.7558782171026864,-0.16756954201876767
momentum_20d,5,2006-06-15,-0.10174595450961703,0.12189652915557773
momentum_20d,5,2006-06-22,-0.9406097210949833,-0.9333961722854648
momentum_20d,5,2006-06-29,2.487296246257024,1.0160458693200036
momentum_20d,5,2006-07-07,2.5244711090239402,1.5331056213835348
momentum_20d,5,2006-07-14,1.4487782924759793,-0.8461058292807669
momentum_20d,5,2006-07-21,-1.204305274748722,0.3982654120793905
momentum_20d,5,2006-07-28,0.2622768392657626,-0.1602085533431737
momentum_20d,5,2006-08-04,0.5812213995781171,-0.18136787336367294
momentum_20d,5,2006-08-11,-3.4025693951306537,-1.173134841603877
momentum_20d,5,2006-08-18,-1.0747052544307931,-0.9688419847062812
momentum_20d,5,2006-08-25,0.5674751859606382,1.1638661664740146
momentum_20d,5,2006-09-01,2.577977831336668,0.5502108722083232
momentum_20d,5,2006-09-11,1.6042440683606238,1.041814358322076
momentum_20d,5,2006-09-18,1.5286542685012652,0.3155417483293066
momentum_20d,5,2006-09-25,-1.864675386354949,-0.7205655286674273
momentum_20d,5,2006-10-02,2.4061976967052403,1.0689708056370963
momentum_20d,5,2006-10-09,-0.9749029810705208,0.3716561698839346
momentum_20d,5,2006-10-16,0.31432781783548397,-0.5256483554752684
momentum_20d,5,2006-10-23,1.0387740750347023,0.912791477670479
momentum_20d,5,2006-10-30,0.563352031853781,-0.15427022901555176
momentum_20d,5,2006-11-06,-0.39922454215724673,0.6248675516736506
momentum_20d,5,2006-11-13,-2.2299831736243765,-1.1586339650887254
momentum_20d,5,2006-11-20,-0.880277077569817,-0.34307495301858504
momentum_20d,5,2006-11-28,1.150165475570164,0.6645970619784558
momentum_20d,5,2006-12-05,-1.0870257834001789,-0.53735943299974
momentum_20d,5,2006-12-12,0.5926941155891059,-0.14895697630829358
momentum_20d,5,2006-12-19,-0.2942885259700656,-0.7400266693838864
momentum_20d,5,2006-12-27,-1.1141712997884727,0.3799740074908057
momentum_20d,5,2007-01-05,-0.41583418535710753,-0.4182249708138297
momentum_20d,5,2007-01-12,-3.700526329312418,-2.330356544206924
momentum_20d,5,2007-01-22,-1.7735517893893677,-0.4282707300418946
momentum_20d,5,2007-01-29,-1.6716956202156665,-0.7554516670541078
momentum_20d,5,2007-02-05,1.4926952575123256,1.0053062574010654
momentum_20d,5,2007-02-12,-1.272377800796598,-0.3997092015062302
momentum_20d,5,2007-02-20,0.4818491065391194,2.287517673379695
momentum_20d,5,2007-02-27,-1.09825007945612,-1.1330001859898706
momentum_20d,5,2007-03-06,1.7501710652539062,1.255806659706208
momentum_20d,5,2007-03-13,0.0738077899145928,-0.10587610246711361
momentum_20d,5,2007-03-20,2.0037972420639796,1.2621366198799868
momentum_20d,5,2007-03-27,1.0656390577653514,0.6433230069673519
momentum_20d,5,2007-04-03,-0.11101316327191876,0.38860691828376626
momentum_20d,5,2007-04-11,-1.9391542530594683,-1.0823939590381082
momentum_20d,5,2007-04-18,-0.49303527150060444,0.2920149327474123
momentum_20d,5,2007-04-25,-0.14527303354898718,-0.5238893104793567
momentum_20d,5,2007-05-02,0.39956836348944424,0.41157087445649054
momentum_20d,5,2007-05-09,-0.9030094269524317,-0.8919883483287797
momentum_20d,5,2007-05-16,0.09663217975807159,0.05828599934190789
momentum_20d,5,2007-05-23,0.8569561523738963,0.6073539997374144
momentum_20d,5,2007-05-31,1.886865678875449,0.5430372477483421
momentum_20d,5,2007-06-07,-0.6896128630639338,0.10231362494025713
momentum_20d,5,2007-06-14,1.6184263538064423,0.8451362801830972
momentum_20d,5,2007-06-21,-0.8353156625720929,-0.5954098708146449
momentum_20d,5,2007-06-28,2.0742920876084168,1.3375105081598746
momentum_20d,5,2007-07-06,2.0212965942170222,1.4257299674835209
momentum_20d,5,2007-07-13,1.8068065853293496,0.5595102362478659
momentum_20d,5,2007-07-20,-1.2911615359911959,-1.4054353036359344
momentum_20d,5,2007-07-27,0.2730333133969939,-0.6172205831159405
momentum_20d,5,2007-08-03,-1.6210579815002255,-0.696208693682554
momentum_20d,5,2007-08-10,-0.43496998020561284,-1.5620772138632923
momentum_20d,5,2007-08-17,-3.0625010670761657,-1.0350574929765286
momentum_20d,5,2007-08-24,-2.3206424327669506,-1.2869964353939278
momentum_20d,5,2007-08-31,-0.8495952950570115,0.07585044937512553
momentum_20d,5,2007-09-10,-0.04881699746912549,0.29666071959338536
momentum_20d,5,2007-09-17,2.0497763584177653,1.7358353810836464
momentum_20d,5,2007-09-24,0.4043648482045044,0.47172852565336615
momentum_20d,5,2007-10-01,-0.24811732567910916,-0.6513402931001371
momentum_20d,5,2007-10-08,1.3982296346917538,-0.24627747765547658
momentum_20d,5,2007-10-15,-1.446406354996558,-0.2755810939039427
momentum_20d,5,2007-10-22,0.824590963217579,-0.7564776142512237
momentum_20d,5,2007-10-29,2.163330818061486,1.7986397208054432
momentum_20d,5,2007-11-05,-2.4853192311107537,-1.9331072853264852
momentum_20d,5,2007-11-12,2.1143338515043464,1.329066797292433
momentum_20d,5,2007-11-19,2.11926220934557,1.2255592970973561
momentum_20d,5,2007-11-27,-2.0909396282744908,-0.11559968866931374
momentum_20d,5,2007-12-04,-1.3441391156930251,-0.9758019482987934
momentum_20d,5,2007-12-11,1.8683637529402275,0.6306990873045388
momentum_20d,5,2007-12-18,1.6552645551394907,1.039068269491361
momentum_20d,5,2007-12-26,0.33473900963962855,0.038340250970155434
momentum_20d,5,2008-01-03,-0.7248428827308582,-2.2036091781425586
momentum_20d,5,2008-01-10,-1.735819257121492,-1.0636010224292316
momentum_20d,5,2008-01-17,-8.838333486949319,-4.821195288400774
momentum_20d,5,2008-01-25,0.9769788382313276,1.2003432309121673
momentum_20d,5,2008-02-01,-2.4900211196228836,-1.0089781662553552
momentum_20d,5,2008-02-08,-0.42426812624347665,-0.8636551186959496
momentum_20d,5,2008-02-15,3.819743596259824,2.4038641627691275
momentum_20d,5,2008-02-25,2.0234660497702652,0.7745257681596396
momentum_20d,5,2008-03-03,-1.4413471913008051,-0.5027849329974059
momentum_20d,5,2008-03-10,0.40874956095311443,-0.6567286027630681
momentum_20d,5,2008-03-17,-6.092062847147206,-3.0739224947865447
momentum_20d,5,2008-03-25,-1.9848454174162218,-0.6470528190757034
momentum_20d,5,2008-04-01,-3.827172443246378,-1.0889497925036795
momentum_20d,5,2008-04-08,-1.9673663433076267,-0.8145606512207452
momentum_20d,5,2008-04-15,2.847781041401613,1.3985418495437183
momentum_20d,5,2008-04-22,-5.5369892932417075,-3.5757433602035094
momentum_20d,5,2008-04-29,2.3341181988910296,1.1607918610178292
momentum_20d,5,2008-05-06,0.9005790883785207,1.9682774313563838
momentum_20d,5,2008-05-13,-1.011578775968247,-0.43921553382907746
momentum_20d,5,2008-05-20,0.48727342344351277,0.7497120027755895
momentum_20d,5,2008-05-28,-2.1315755177080953,-1.071682807949196
momentum_20d,5,2008-06-04,1.745866597845458,-0.8195509930660797
momentum_20d,5,2008-06-11,0.4628922000517862,0.07450686326154754
momentum_20d,5,2008-06-18,1.8147667643538663,0.6994746771274245
momentum_20d,5,2008-06-25,5.035803569184978,2.312087541206516
momentum_20d,5,2008-07-02,0.7275686935569717,0.32834361771362974
momentum_20d,5,2008-07-10,-4.226279555101908,-1.3909264078622399
momentum_20d,5,2008-07-17,-2.1464957432065153,-2.888493109081995
momentum_20d,5,2008-07-24,-2.018327562941295,-1.0004378994865135
momentum_20d,5,2008-07-31,0.5794323814196459,0.2788220399324396
momentum_20d,5,2008-08-07,2.079338619212786,0.6854178861626314
momentum_20d,5,2008-08-14,-5.3980811024861595,-1.1654350437446004
momentum_20d,5,2008-08-21,-2.1820172837983582,-0.3034109260531418
momentum_20d,5,2008-08-28,-1.1576336155755005,-0.9563354429647138
momentum_20d,5,2008-09-05,1.7953360506019107,-0.25716953071595416
momentum_20d,5,2008-09-12,-1.9397425148281764,0.8721865089312645
momentum_20d,5,2008-09-19,1.3694579956746982,0.11144102914509475
momentum_20d,5,2008-09-26,4.163176176628466,0.30310921233908106
momentum_20d,5,2008-10-03,-2.6529559845042754,2.555036044092858
momentum_20d,5,2008-10-10,0.5718976253310748,-2.6801195582148774
momentum_20d,5,2008-10-17,6.75133050412553,4.111098723606688
momentum_20d,5,2008-10-24,-10.340582655949076,-6.40323157277755
momentum_20d,5,2008-10-31,0.2977945572931552,-3.4950112504904207
momentum_20d,5,2008-11-07,6.8376891417652015,4.902096444868084
momentum_20d,5,2008-11-14,9.751306229998583,3.3488497163549846
momentum_20d,5,2008-11-21,-6.216203702684557,-4.05772794809105
momentum_20d,5,2008-12-01,-13.018831183419119,-5.786864615948536
momentum_20d,5,2008-12-08,-5.343739358764498,0.4730283370262378
momentum_20d,5,2008-12-15,-4.786450345352167,-1.9547225201151708
momentum_20d,5,2008-12-22,-0.5022328453951378,0.21391388354818167
momentum_20d,5,2008-12-30,-0.8566172510317845,0.07626216450066226
momentum_20d,5,2009-01-07,2.0175320875493785,0.4666766833231084
momentum_20d,5,2009-01-14,7.136934448748325,3.2719606110549506
momentum_20d,5,2009-01-22,-1.9714179857709773,0.7214084263956977
momentum_20d,5,2009-01-29,4.065510123018331,1.6714422553900137
momentum_20d,5,2009-02-05,-1.8901394917718841,-1.4291434676496775
momentum_20d,5,2009-02-12,3.7297543627624123,1.0796773388794478
momentum_20d,5,2009-02-20,-2.32836255114357,-0.4039115549373862
momentum_20d,5,2009-02-27,8.938502641524456,3.5147803021332136
momentum_20d,5,2009-03-06,-6.054967195555687,-1.2206714847030473
momentum_20d,5,2009-03-13,-3.8780059094999193,-0.6008755167974573
momentum_20d,5,2009-03-20,2.827415458756999,2.7527683881749976
momentum_20d,5,2009-03-27,4.133131292604246,1.1674103420205695
momentum_20d,5,2009-04-03,6.353913156162461,4.22024814010061
momentum_20d,5,2009-04-13,-3.6837361153267785,-1.8236112195050873
momentum_20d,5,2009-04-20,5.026844449659166,3.12884042019137
momentum_20d,5,2009-04-27,3.710103880908304,1.6073237888114027
momentum_20d,5,2009-05-04,-0.7092815178108077,0.2976109826344331
momentum_20d,5,2009-05-11,-0.9180860483489612,-0.6123142212774508
momentum_20d,5,2009-05-18,-2.3377084259219623,-0.3165319438285167
momentum_20d,5,2009-05-26,-0.1762314010007371,0.6666023320688108
momentum_20d,5,2009-06-02,-2.2713308606703912,-1.8066041444045222
momentum_20d,5,2009-06-09,-3.238787399467402,-1.4171101627213134
momentum_20d,5,2009-06-16,-0.17398233694033322,0.8237653934226227
momentum_20d,5,2009-06-23,0.45019419792194554,0.3313276011903824
momentum_20d,5,2009-06-30,3.6004038743724336,1.3395952894920904
momentum_20d,5,2009-07-08,-4.925656301032996,-3.1980184941440357
momentum_20d,5,2009-07-15,-0.873092398470976,0.5763312644155933
momentum_20d,5,2009-07-22,-0.48537191042074357,-0.5110280834638676
momentum_20d,5,2009-07-29,-1.555503495337714,0.5120440687114296
momentum_20d,5,2009-08-05,-1.8903786245734002,-1.5397051488350613
momentum_20d,5,2009-08-12,-1.8292128900699054,-0.9024177848272363
momentum_20d,5,2009-08-19,0.8890429895617391,-0.030655231384960995
momentum_20d,5,2009-08-26,-2.2230925214458797,-0.7664931952339933
momentum_20d,5,2009-09-02,-4.285081114274036,-3.164091875913592
momentum_20d,5,2009-09-10,-0.9070073260874982,-0.4886212873757456
momentum_20d,5,2009-09-17,-2.260599351903162,-1.2793328881750368
momentum_20d,5,2009-09-24,-1.1610905560956377,-1.1363494944428454
momentum_20d,5,2009-10-01,3.383431262896419,1.2026887689607988
momentum_20d,5,2009-10-08,0.5027344390139558,0.3833766443142187
momentum_20d,5,2009-10-15,-0.010458227448399216,0.3127520598272667
momentum_20d,5,2009-10-22,-0.8181207906635124,-1.4676193276079053
momentum_20d,5,2009-10-29,-1.3969921779936538,-1.2800836252330714
momentum_20d,5,2009-11-05,-2.5828776537992093,-0.9112918461049521
momentum_20d,5,2009-11-12,1.2792714904703868,0.18838178781771892
momentum_20d,5,2009-11-19,1.1866361179841745,0.6843322916004573
momentum_20d,5,2009-11-27,-0.115143635796644,0.009290723801846923
momentum_20d,5,2009-12-04,0.5723335100415488,-0.34683708734481267
momentum_20d,5,2009-12-11,-0.2697088933992787,0.5956631392324236
momentum_20d,5,2009-12-18,-0.7059736049429628,-0.706678797002976
momentum_20d,5,2009-12-28,-1.9769733041007562,-0.9472839132876961
momentum_20d,5,2010-01-05,-1.9063118129457859,-0.5108719713777021
momentum_20d,5,2010-01-12,-1.0365822832739826,-1.2478540124544337
momentum_20d,5,2010-01-20,-2.0900050676668633,-1.619034719355798
momentum_20d,5,2010-01-27,1.4801591654994692,0.29765181132345164
momentum_20d,5,2010-02-03,-0.8814690325993728,0.2049413161086792
momentum_20d,5,2010-02-10,-1.8546373743521787,-0.2922897874613787
momentum_20d,5,2010-02-18,0.6227056153954209,0.704983871822636
momentum_20d,5,2010-02-25,0.5736323212129097,0.18391583075741585
momentum_20d,5,2010-03-04,0.09530409196294443,-0.6440395808734605
momentum_20d,5,2010-03-11,0.7335928118083442,0.532096687438055
momentum_20d,5,2010-03-18,2.82702222390158,0.8403423397324769
momentum_20d,5,2010-03-25,-1.6212453265881241,-0.17335395585704738
momentum_20d,5,2010-04-01,1.5355105478781605,0.7356394944901294
momentum_20d,5,2010-04-09,1.428967563181316,0.5138226934380115
momentum_20d,5,2010-04-16,1.9326185794748614,0.5998758362565286
momentum_20d,5,2010-04-23,-2.276815861854057,-0.9744640680276029
momentum_20d,5,2010-04-30,-2.284319681018628,-1.0602971041482
momentum_20d,5,2010-05-07,0.34238293130266495,-0.19685488709122456
momentum_20d,5,2010-05-14,-0.9355755598598914,0.051906506745591496
momentum_20d,5,2010-05-21,-0.3403629695415892,-0.3322914140829525
momentum_20d,5,2010-05-28,2.673680815602797,0.815290069573645
momentum_20d,5,2010-06-07,-2.020961432521899,-0.6297169659375508
momentum_20d,5,2010-06-14,-1.062512495075248,-0.11878160743250914
momentum_20d,5,2010-06-21,-1.148273928431413,-0.6644532981651019
momentum_20d,5,2010-06-28,2.0212395102974345,0.8679029034594979
momentum_20d,5,2010-07-06,-2.238686131619646,-2.0395798678552053
momentum_20d,5,2010-07-13,-0.3757137474557526,-0.08166761598471886
momentum_20d,5,2010-07-20,-1.2613476349582948,-0.7315315915285447
momentum_20d,5,2010-07-27,-0.3971357652011879,-0.15987745565246847
momentum_20d,5,2010-08-03,-0.5245325478898999,-0.16790942422677163
momentum_20d,5,2010-08-10,0.8899394094424121,0.5797360319470868
momentum_20d,5,2010-08-17,-0.9980642331024655,-1.2226987957623523
momentum_20d,5,2010-08-24,1.132086933202007,-0.01353016771190596
momentum_20d,5,2010-08-31,-2.2690691274702024,-1.5299999740656878
momentum_20d,5,2010-09-08,-1.5539411678359003,-1.2169277415889024
momentum_20d,5,2010-09-15,0.15569742507682466,-0.23057009720549212
momentum_20d,5,2010-09-22,-1.3734832713916623,-0.10953925829468118
momentum_20d,5,2010-09-29,-0.5916080927645506,-0.6223230235548642
momentum_20d,5,2010-10-06,1.1964260058255165,0.4070738189705751
momentum_20d,5,2010-10-13,-0.4963410352730624,-0.5631728736635238
momentum_20d,5,2010-10-20,2.332536461258779,1.763396791198013
momentum_20d,5,2010-10-27,0.8311403847368393,0.40420674028462944
momentum_20d,5,2010-11-03,0.34006497768462873,0.25016352678743914
momentum_20d,5,2010-11-10,-1.1372692434960383,0.24991786446151298
momentum_20d,5,2010-11-17,2.7233546720029755,1.7154292392274284
momentum_20d,5,2010-11-24,1.1608814217698735,0.7462152501910884
momentum_20d,5,2010-12-02,0.8310387728339919,-0.1439135184605404
momentum_20d,5,2010-12-09,-1.0158132587971527,-0.3583513129172008
momentum_20d,5,2010-12-16,0.397982284537309,-0.22345032230577008
momentum_20d,5,2010-12-23,0.9678779103800846,0.6999478535606156
momentum_20d,5,2010-12-31,-0.9366905603445663,-0.6132179671066607
momentum_20d,5,2011-01-07,0.4676616534434741,0.9119462557583446
momentum_20d,5,2011-01-14,-0.9078300053558512,-0.5016165625078044
momentum_20d,5,2011-01-24,2.2285681960491854,1.6084446964434191
momentum_20d,5,2011-01-31,-0.1129022597265698,0.13468884677281984
momentum_20d,5,2011-02-07,1.5225375183041345,0.5081124474184777
momentum_20d,5,2011-02-14,-1.1430791757921943,0.02985012686967936
momentum_20d,5,2011-02-22,-0.34565807477589344,0.34852060641825666
momentum_20d,5,2011-03-01,-0.6936899200501815,-0.15185942115650458
momentum_20d,5,2011-03-08,1.34984398284231,0.39044384762112105
momentum_20d,5,2011-03-15,-0.06774367277133653,-0.3490848477521272
momentum_20d,5,2011-03-22,-1.0345023783725333,0.013281094339919383
momentum_20d,5,2011-03-29,1.3792031602158805,0.9861130258109604
momentum_20d,5,2011-04-05,-2.6025647127429608,-2.6321193648131387
momentum_20d,5,2011-04-12,0.8635050708045747,0.9571591811078473
momentum_20d,5,2011-04-19,-0.26342915502948944,-0.5065970703687823
momentum_20d,5,2011-04-27,2.1896834661493094,0.9315793768388758
momentum_20d,5,2011-05-04,2.108966724424769,0.85938151011965
momentum_20d,5,2011-05-11,1.0924455696043056,0.9908084582196386
momentum_20d,5,2011-05-18,-1.8339651402124089,-0.895769674386715
momentum_20d,5,2011-05-25,0.27678711071231765,-0.05538701665983951
momentum_20d,5,2011-06-02,2.108342301270446,1.1151212349581794
momentum_20d,5,2011-06-09,-0.18642052422070954,-0.23964417153593542
momentum_20d,5,2011-06-16,-1.9199722729092057,-1.2400066425629297
momentum_20d,5,2011-06-23,-0.8538366081831523,-0.5071126735579485
momentum_20d,5,2011-06-30,-0.04979966647369331,0.36760930070677633
momentum_20d,5,2011-07-08,-0.7397204049809962,-0.06705064336602154
momentum_20d,5,2011-07-15,-0.7065383192220054,-0.20418578162311926
momentum_20d,5,2011-07-22,1.1444125719358822,0.01615592644084174
momentum_20d,5,2011-07-29,0.49236858850824444,-0.1843794949049145
momentum_20d,5,2011-08-05,-0.601366379537871,0.8602756215272992
momentum_20d,5,2011-08-12,5.000825478127227,3.173459213483757
momentum_20d,5,2011-08-19,-2.546148065522269,-2.1049594934489475
momentum_20d,5,2011-08-26,1.5589138503741589,0.799640408056331
momentum_20d,5,2011-09-02,-1.0886881223965343,0.06033452855617553
momentum_20d,5,2011-09-12,-0.906141431722866,-0.8890793868759758
momentum_20d,5,2011-09-19,1.0669494304054394,0.31851387459836955
momentum_20d,5,2011-09-26,2.3054369121680907,-0.008982284164845328
momentum_20d,5,2011-10-03,-7.368944126205257,-3.9518669463661484
momentum_20d,5,2011-10-10,0.7295348350685164,0.3830050628893559
momentum_20d,5,2011-10-17,-3.866382669443517,-1.2517946895607666
momentum_20d,5,2011-10-24,0.6221740473220698,0.4557792401550742
momentum_20d,5,2011-10-31,0.833594275035654,0.7794710140907972
momentum_20d,5,2011-11-07,-0.8595949089261941,-0.22854568096520866
momentum_20d,5,2011-11-14,-2.4030928359532577,-0.9971773393401532
momentum_20d,5,2011-11-21,0.8113309690299813,0.43211773825159544
momentum_20d,5,2011-11-29,-4.310980167384123,-2.411099018077227
momentum_20d,5,2011-12-06,2.730396783025842,0.7371836063147323
momentum_20d,5,2011-12-13,0.6857349300381548,0.8180858467770132
momentum_20d,5,2011-12-20,0.7019800972293488,0.5270318161942085
momentum_20d,5,2011-12-28,-2.6921706534900633,-1.1360900189147483
momentum_20d,5,2012-01-05,0.6953504616260727,1.5016781095233078
momentum_20d,5,2012-01-12,1.56821697520864,0.39549600542157687
momentum_20d,5,2012-01-20,0.7097930966706708,0.7108114408520254
momentum_20d,5,2012-01-27,2.178529523608508,0.852254124993553
momentum_20d,5,2012-02-03,-1.776452210190253,-1.4142406950411246
momentum_20d,5,2012-02-10,0.8523398649024665,0.42631174251336706
momentum_20d,5,2012-02-17,0.7645218974972834,0.2520871452741047
momentum_20d,5,2012-02-27,0.2150206117918644,-0.3142840022482293
momentum_20d,5,2012-03-05,0.4651397275752515,0.3555798369228036
momentum_20d,5,2012-03-12,-1.5621356553146375,-0.9151385535049794
momentum_20d,5,2012-03-19,2.2152149838669164,0.9806196460441452
momentum_20d,5,2012-03-26,-0.45934586234560965,-0.32930280350429075
momentum_20d,5,2012-04-02,-0.03609489887179684,-0.7210247954261988
momentum_20d,5,2012-04-10,-1.4525314210504552,-0.5015455416486885
momentum_20d,5,2012-04-17,0.512426148643578,1.2278960056753365
momentum_20d,5,2012-04-24,-2.420070029848868,-0.8646427041230161
momentum_20d,5,2012-05-01,2.3605648143841806,1.370085496146911
momentum_20d,5,2012-05-08,1.8649072986799853,1.628719005046934
momentum_20d,5,2012-05-15,2.0306067962749403,0.44469600554927585
momentum_20d,5,2012-05-22,0.5196414079140326,0.4629861348223889
momentum_20d,5,2012-05-30,0.1637155466043668,0.4298239275456954
momentum_20d,5,2012-06-06,0.9561651221010085,0.8296766535857462
momentum_20d,5,2012-06-13,-2.1644527895121466,-1.3046893837492135
momentum_20d,5,2012-06-20,-1.06416283930059,-1.2296467381236242
momentum_20d,5,2012-06-27,-1.575986443899772,-1.3935374875374253
momentum_20d,5,2012-07-05,2.121257729916648,1.551435009697296
momentum_20d,5,2012-07-12,-1.5017538729218405,-0.407252382554546
momentum_20d,5,2012-07-19,0.10131781861800011,0.5510919859735619
momentum_20d,5,2012-07-26,-0.8689160189530549,-0.6831006256520962
momentum_20d,5,2012-08-02,-1.6523263463780635,-0.7849526128962762
momentum_20d,5,2012-08-09,0.8712914902413179,0.020990229188733167
momentum_20d,5,2012-08-16,-0.04040042591793762,-0.5386138578333106
momentum_20d,5,2012-08-23,-1.5266846369971554,-1.04050556592723
momentum_20d,5,2012-08-30,2.26966621882454,0.552255826298979
momentum_20d,5,2012-09-07,1.9678832011699732,0.28201270892509456
momentum_20d,5,2012-09-14,-1.3319992964439051,-1.67407984620536
momentum_20d,5,2012-09-21,-0.34769757205960206,0.2201825616561237
momentum_20d,5,2012-09-28,0.4457170664500391,-0.20450450201987547
momentum_20d,5,2012-10-05,1.278547582153411,0.4061796470067954
momentum_20d,5,2012-10-12,0.594095797543733,0.31677468638832884
momentum_20d,5,2012-10-19,-1.494704743547837,0.07528522533684448
momentum_20d,5,2012-10-26,-1.2711363978534305,-1.3107616945425358
momentum_20d,5,2012-11-06,-0.5546733256971895,-0.20225312147682897
momentum_20d,5,2012-11-13,-0.4810770926211256,-0.8382906069197374
momentum_20d,5,2012-11-20,1.5428890998617475,1.167990645623688
momentum_20d,5,2012-11-28,-1.151299218619839,-0.15214154590009743
momentum_20d,5,2012-12-05,-0.9573531457154338,-0.40904887572298004
momentum_20d,5,2012-12-12,-0.6292391180691026,0.18904647605536562
momentum_20d,5,2012-12-19,0.3637015949519188,0.10231277476191458
momentum_20d,5,2012-12-27,0.6557849124194364,0.6678912778394757
momentum_20d,5,2013-01-04,0.5678734077325294,0.5840516494190373
momentum_20d,5,2013-01-11,-0.47522036878304696,-0.22146885099604643
momentum_20d,5,2013-01-18,-0.15235545429071648,-0.5072331125080358
momentum_20d,5,2013-01-28,-0.28094694634861844,-0.27792519152735806
momentum_20d,5,2013-02-04,0.2699907735156974,0.045068603388228226
momentum_20d,5,2013-02-11,1.0992251206465482,0.5810344299701138
momentum_20d,5,2013-02-19,-0.6289096655410663,-1.347345586093477
momentum_20d,5,2013-02-26,-0.7124384136049988,-0.14996566819659812
momentum_20d,5,2013-03-05,-1.6849206738844011,-0.6515196394813572
momentum_20d,5,2013-03-12,0.42705889119402085,-0.4672455579418792
momentum_20d,5,2013-03-19,0.7462297462073719,0.8106971298984966
momentum_20d,5,2013-03-26,1.86656137693626,0.7171235062174208
momentum_20d,5,2013-04-03,-1.0675950948223192,-0.13937141221655275
momentum_20d,5,2013-04-10,4.620076811669227,2.3582184712553427
momentum_20d,5,2013-04-17,-2.594012564617354,-0.8843581442228595
momentum_20d,5,2013-04-24,0.6752828514054121,-0.0044554514870102455
momentum_20d,5,2013-05-01,-1.9759063000007737,-1.2323205731097429
momentum_20d,5,2013-05-08,0.20726195865960287,0.2926271048689699
momentum_20d,5,2013-05-15,1.0040020655558388,-0.04372305816590094
momentum_20d,5,2013-05-22,2.5406956382632497,0.6368730183891798
momentum_20d,5,2013-05-30,-1.182502853865323,-0.529179965069863
momentum_20d,5,2013-06-06,0.023540275504026688,0.2576445714642883
momentum_20d,5,2013-06-13,0.652212048392838,0.08610279893445094
momentum_20d,5,2013-06-20,-1.324838460933453,0.12589523122633245
momentum_20d,5,2013-06-27,-0.907766146582693,-0.7496321241801256
momentum_20d,5,2013-07-05,-0.6106779026071077,0.1475937328039893
momentum_20d,5,2013-07-12,-2.3760079841430546,-1.958068841540465
momentum_20d,5,2013-07-19,-0.16589372770762964,-0.17104042043122697
momentum_20d,5,2013-07-26,-0.08307017541084871,0.4350361985804814
momentum_20d,5,2013-08-02,0.05984394022762925,-0.053837237060661014
momentum_20d,5,2013-08-09,0.43616746050924393,0.20008297090696736
momentum_20d,5,2013-08-16,0.8650169624840258,0.4956100897738051
momentum_20d,5,2013-08-23,0.003226786800062764,-0.14344564600556514
momentum_20d,5,2013-08-30,1.6991190264996774,0.5645421299960522
momentum_20d,5,2013-09-09,-0.8406571212898747,-0.7451452234373823
momentum_20d,5,2013-09-16,-0.5829662343828793,-0.27592618105911626
momentum_20d,5,2013-09-23,1.3259362456942998,0.7227825749099044
momentum_20d,5,2013-09-30,0.07442214136308782,0.018636787367550443
momentum_20d,5,2013-10-07,-0.9126604272334434,-0.3998506873090039
momentum_20d,5,2013-10-14,0.23276229619506594,-0.06080516924874916
momentum_20d,5,2013-10-21,-2.0355972402027316,-0.8600456708349006
momentum_20d,5,2013-10-28,0.08339464271092112,-0.037228267125607076
momentum_20d,5,2013-11-04,-0.4445759250975308,-0.35990225989674196
momentum_20d,5,2013-11-11,0.8469193730082333,0.3916799247547213
momentum_20d,5,2013-11-18,-0.3069764037841982,-0.41631455431665837
momentum_20d,5,2013-11-25,-0.8105607728566758,-0.652097277906923
momentum_20d,5,2013-12-03,0.4362940338151766,0.2109702077704778
momentum_20d,5,2013-12-10,-0.3739881131826143,-0.3455969714634096
momentum_20d,5,2013-12-17,0.6473752471085022,-0.23191273580200158
momentum_20d,5,2013-12-24,0.3403443870675297,-0.06927520013924418
momentum_20d,5,2014-01-02,-1.2029387996228251,-0.5839389294224155
momentum_20d,5,2014-01-09,0.24118214278329905,-0.052292973300593903
momentum_20d,5,2014-01-16,-0.7261245290065887,-0.1135429729711368
momentum_20d,5,2014-01-24,0.8907341109949988,1.2070855719642837
momentum_20d,5,2014-01-31,-0.6340185649129193,-0.3991540254602244
momentum_20d,5,2014-02-07,1.1805211253901993,0.8435654585771187
momentum_20d,5,2014-02-14,0.7646059995473113,0.4752869764780658
momentum_20d,5,2014-02-24,-0.2923014218675838,0.17254500798862632
momentum_20d,5,2014-03-03,-0.18936183845202165,-0.2665936598906423
momentum_20d,5,2014-03-10,-1.6892573007615153,0.019303409902978373
momentum_20d,5,2014-03-17,0.6485620279885121,0.3116969371012912
momentum_20d,5,2014-03-24,-0.41247858240668345,-0.07970758503125971
momentum_20d,5,2014-03-31,0.678623059490698,0.011230915709207572
momentum_20d,5,2014-04-07,2.369593655947451,1.659653538378721
momentum_20d,5,2014-04-14,-1.2637364766913202,-0.6518560396015616
momentum_20d,5,2014-04-22,1.4003806567849681,0.7675255656489299
momentum_20d,5,2014-04-29,0.30434107419744877,0.11237550478583325
momentum_20d,5,2014-05-06,-1.7308495676250257,-1.5334700148153226
momentum_20d,5,2014-05-13,-0.3397515549409369,-0.18406505588411576
momentum_20d,5,2014-05-20,-0.9914543417614071,-0.24761262012010418
momentum_20d,5,2014-05-28,0.2989994174832441,0.5312435001985898
momentum_20d,5,2014-06-04,0.8951123263474321,0.11499501920146926
momentum_20d,5,2014-06-11,-0.9763445481856925,0.07106045193430166
momentum_20d,5,2014-06-18,-0.062046390825905726,0.3225839681332129
momentum_20d,5,2014-06-25,-0.2544241860940895,-0.4662965079812194
momentum_20d,5,2014-07-02,-0.4880232073593264,0.04674411480793579
momentum_20d,5,2014-07-10,-1.7315951513338461,-1.3315657230002387
momentum_20d,5,2014-07-17,1.271539609745309,0.39024347829920514
momentum_20d,5,2014-07-24,1.4573892070515553,0.4097109549199433
momentum_20d,5,2014-07-31,-0.7212359883305226,-0.18214803989319295
momentum_20d,5,2014-08-07,-0.7234158997861211,-0.1107612311997667
momentum_20d,5,2014-08-14,-0.2968936213822104,-0.053805990450780015
momentum_20d,5,2014-08-21,0.0326112876417521,0.332693890653187
momentum_20d,5,2014-08-28,1.0377483576395157,0.6161100919334528
momentum_20d,5,2014-09-05,0.3426534889321469,-0.8678082183073458
momentum_20d,5,2014-09-12,0.2686189611530295,0.4053120570290651
momentum_20d,5,2014-09-19,0.19919349998919206,0.39895802987138057
momentum_20d,5,2014-09-26,1.227727863737412,0.9394640052857728
momentum_20d,5,2014-10-03,4.628582218849486,1.4202031462072253
momentum_20d,5,2014-10-10,-2.486156704318602,-0.5283926315370076
momentum_20d,5,2014-10-17,-0.4467729902073744,-0.6374775218453015
momentum_20d,5,2014-10-24,0.09134661634543724,-0.3250474249665958
momentum_20d,5,2014-10-31,0.7339512688557444,0.16319148868146893
momentum_20d,5,2014-11-07,-0.21949348057696003,-0.8025921097305119
momentum_20d,5,2014-11-14,-0.7371106756549913,0.45062025149782414
momentum_20d,5,2014-11-21,2.9306717577761563,1.0428405474359006
momentum_20d,5,2014-12-01,1.2695966458879528,-0.08645339010118955
momentum_20d,5,2014-12-08,0.5536967663895997,0.22920359453385553
momentum_20d,5,2014-12-15,-3.0215535766508372,-0.8744752675541164
momentum_20d,5,2014-12-22,0.5240017953603182,0.6204838852861123
momentum_20d,5,2014-12-30,-0.019981049707603248,-0.01000173099415062
momentum_20d,5,2015-01-07,0.8393839144966941,0.5893109546173909
momentum_20d,5,2015-01-14,-0.7793427915008108,-0.0855722923555661
momentum_20d,5,2015-01-22,1.42094790242591,0.9455864600826517
momentum_20d,5,2015-01-29,-3.779439083713476,-2.3285554835805895
momentum_20d,5,2015-02-05,0.5030848432667249,0.14757713305932896
momentum_20d,5,2015-02-12,0.5265121443704168,0.02146012375156362
momentum_20d,5,2015-02-20,-0.6449986188853433,-0.4027589931661413
momentum_20d,5,2015-02-27,1.3552197626963323,0.2830920754612184
momentum_20d,5,2015-03-06,-0.025090979544188218,-0.41268514670314377
momentum_20d,5,2015-03-13,0.1274959067320891,0.7819131592245787
momentum_20d,5,2015-03-20,-1.4350073245625872,-0.7725879745533404
momentum_20d,5,2015-03-27,0.034326176363449167,-0.4917897315327731
momentum_20d,5,2015-04-06,-1.7540171202914585,-1.315600669295506
momentum_20d,5,2015-04-13,0.9594510554458183,0.788149416695653
momentum_20d,5,2015-04-20,0.1259486085048444,-0.30190386973797023
momentum_20d,5,2015-04-27,-0.2841609243547927,0.010678982849262237
momentum_20d,5,2015-05-04,-0.2898022738225037,-0.7974798900704849
momentum_20d,5,2015-05-11,-0.7575761137565233,-0.3896818525700304
momentum_20d,5,2015-05-18,0.3856584008615327,0.12410626840822318
momentum_20d,5,2015-05-26,0.8601270693394114,0.8588962075466888
momentum_20d,5,2015-06-02,0.2111103717565621,-0.8747058875180347
momentum_20d,5,2015-06-09,0.7455424563641788,0.37665377219501617
momentum_20d,5,2015-06-16,1.4703998969474015,0.5043267510303224
momentum_20d,5,2015-06-23,-0.18448122210146983,0.2458415369571476
momentum_20d,5,2015-06-30,0.21132616392662099,0.0072978292535423135
momentum_20d,5,2015-07-08,0.05291534315519462,-1.210661679345023
momentum_20d,5,2015-07-15,3.8182483351162735,0.34850036457860034
momentum_20d,5,2015-07-22,0.12300394578841725,0.35298675397780566
momentum_20d,5,2015-07-29,2.8510766863471426,1.1331208567061268
momentum_20d,5,2015-08-05,-2.51167186177295,-0.7163484300064971
momentum_20d,5,2015-08-12,3.16027847094165,0.1839219744010097
momentum_20d,5,2015-08-19,0.06108722238109173,0.020472214297377146
momentum_20d,5,2015-08-26,-4.347537862546254,-1.3174816484162966
momentum_20d,5,2015-09-02,0.19625171847087822,-0.03672123681179491
momentum_20d,5,2015-09-10,-0.1675871845122486,0.15694004154525043
momentum_20d,5,2015-09-17,-0.32305642020575837,-0.39981544972305844
momentum_20d,5,2015-09-24,0.6420423710062202,0.5206865056454697
momentum_20d,5,2015-10-01,-3.427553574291483,-0.016209173467481484
momentum_20d,5,2015-10-08,-0.7348278739019739,-0.2695538174172859
momentum_20d,5,2015-10-15,0.6341361412734225,-0.11065018302791978
momentum_20d,5,2015-10-22,-4.806969959690415,-2.7151053926842805
momentum_20d,5,2015-10-29,1.6938646362316754,0.8827312506248316
momentum_20d,5,2015-11-05,1.1739894985938824,0.035270488070471284
momentum_20d,5,2015-11-12,-0.5172852794904499,-0.4258092220717898
momentum_20d,5,2015-11-19,0.4746493479569643,0.17863528004339696
momentum_20d,5,2015-11-27,0.8173524929691884,0.8254733784881322
momentum_20d,5,2015-12-04,-0.1911329154379971,0.25839687378793974
momentum_20d,5,2015-12-11,0.809970285884772,0.33369039623081986
momentum_20d,5,2015-12-18,-0.7923930678035134,-0.2085546400290239
momentum_20d,5,2015-12-28,1.6480259802288733,1.915923590216495
momentum_20d,5,2016-01-05,5.384779809107806,1.780645200968456
momentum_20d,5,2016-01-12,2.5958428480627016,1.6209283014772018
momentum_20d,5,2016-01-20,-1.4879192546933964,-0.08589965236906286
momentum_20d,5,2016-01-27,0.31270612836313083,1.036935677486154
momentum_20d,5,2016-02-03,1.2702247796609036,0.8263601196597895
momentum_20d,5,2016-02-10,-2.69588147514207,-1.6969255097372016
momentum_20d,5,2016-02-18,-0.7014432171094431,-0.9441816404374174
momentum_20d,5,2016-02-25,-1.7678820067068926,-0.8362749375717682
momentum_20d,5,2016-03-03,-0.26560863096664056,0.5571492964777658
momentum_20d,5,2016-03-10,2.8111056112445243,1.0659416535812705
momentum_20d,5,2016-03-17,-1.7466726634312109,-1.125211404781068
momentum_20d,5,2016-03-24,-0.8112783552933804,-0.6667422357093982
momentum_20d,5,2016-04-01,-1.5367343610415105,-0.2174965211592402
momentum_20d,5,2016-04-08,-1.8048484031816026,-0.9659050188208415
momentum_20d,5,2016-04-15,0.2605556671057182,-0.20479034562195983
momentum_20d,5,2016-04-22,-0.708961569477721,0.4497076509753617
momentum_20d,5,2016-04-29,-1.9061726404710637,-1.7282398617316657
momentum_20d,5,2016-05-06,-0.314956577247442,-0.18826438152469427
momentum_20d,5,2016-05-13,-2.8894189840727447,-1.1749843265057938
momentum_20d,5,2016-05-20,0.0694214295638466,0.16155940743833125
momentum_20d,5,2016-05-27,-0.6732848182347095,-0.4168517968944241
momentum_20d,5,2016-06-06,-1.370440641057339,-0.4031999092208749
momentum_20d,5,2016-06-13,-0.05848206483604068,0.2107036224060684
momentum_20d,5,2016-06-20,3.3704004748257335,2.275674591735917
momentum_20d,5,2016-06-27,-0.2198600006972621,-0.051767823322649655
momentum_20d,5,2016-07-05,-4.642242304500595,-3.2658107325422105
momentum_20d,5,2016-07-12,-0.14315857448876274,0.3730263289648206
momentum_20d,5,2016-07-19,2.4507186923371354,1.7434674758268986
momentum_20d,5,2016-07-26,0.5835713502697921,-0.11002562875858472
momentum_20d,5,2016-08-02,1.3351094988549916,0.5891817774995367
momentum_20d,5,2016-08-09,0.2482880307428196,0.21767109516086514
momentum_20d,5,2016-08-16,0.2920538185456937,0.3259201799768352
momentum_20d,5,2016-08-23,1.067552196366813,-0.018414670382764044
momentum_20d,5,2016-08-30,-0.9998517160456077,-0.0043276283239894
momentum_20d,5,2016-09-07,-0.569764866198456,-0.36907903341924697
momentum_20d,5,2016-09-14,0.5309990701621045,0.6048789235923928
momentum_20d,5,2016-09-21,-0.7322518030094944,-0.5684515696661914
momentum_20d,5,2016-09-28,-0.7933670269569038,-0.632674972587477
momentum_20d,5,2016-10-05,-1.5872134948285284,-0.21805560564860013
momentum_20d,5,2016-10-12,-1.0602350825662743,-0.3627875136752704
momentum_20d,5,2016-10-19,1.1537943599973586,0.5621371152445469
momentum_20d,5,2016-10-26,1.0261198443361819,-0.09612654892925399
momentum_20d,5,2016-11-02,-1.9126028012918184,-1.6118701881387458
momentum_20d,5,2016-11-09,2.766124791185006,1.8679842914807843
momentum_20d,5,2016-11-16,2.3167798171929896,1.1009108091938558
momentum_20d,5,2016-11-23,2.261996147057614,1.898088660622388
momentum_20d,5,2016-12-01,-0.6891059521675718,-0.13336281206901557
momentum_20d,5,2016-12-08,-2.3370368783819555,-1.0585781945618802
momentum_20d,5,2016-12-15,-0.2969009696995909,-0.08787532730620087
momentum_20d,5,2016-12-22,-0.052445371951019094,-0.10389869994777978
momentum_20d,5,2016-12-30,-0.8455320763940585,-0.5580133513106156
momentum_20d,5,2017-01-09,-0.5598544880687635,-0.3824960176246339
momentum_20d,5,2017-01-17,-1.2815971253855214,-0.4955987316124529
momentum_20d,5,2017-01-24,-0.5001531261286773,-0.6317244491962655
momentum_20d,5,2017-01-31,0.13632332900829214,-0.6985754155920398
momentum_20d,5,2017-02-07,-1.2791804015274502,-1.2244820179724947
momentum_20d,5,2017-02-14,1.4660387413569083,0.5563343600774557
momentum_20d,5,2017-02-22,0.46922926511257695,0.4513288080057872
momentum_20d,5,2017-03-01,0.9272827200198841,-0.15851349806622989
momentum_20d,5,2017-03-08,0.31845607533365816,0.4061353345132357
momentum_20d,5,2017-03-15,0.3544053129264536,0.9716716662756605
momentum_20d,5,2017-03-22,-0.6886592421585217,-0.48571366960363793
momentum_20d,5,2017-03-29,0.15420881525379793,0.1762386079899425
momentum_20d,5,2017-04-05,0.38882200863277205,0.1283208179470548
momentum_20d,5,2017-04-12,-2.2797942792082178,-1.6591152867508008
momentum_20d,5,2017-04-20,0.2527077661108305,-0.475206821376913
momentum_20d,5,2017-04-27,0.6455993426769427,-0.08390042156577829
momentum_20d,5,2017-05-04,-0.365627396059646,0.23825490700541221
momentum_20d,5,2017-05-11,-0.8927813843778942,0.22566883377787747
momentum_20d,5,2017-05-18,1.5207851337311247,0.35114042657241973
momentum_20d,5,2017-05-25,2.027209041238609,0.7272617324652748
momentum_20d,5,2017-06-02,-3.5352391378457546,-1.3057969168938608
momentum_20d,5,2017-06-09,-0.11382561312703135,-0.44064137984979324
momentum_20d,5,2017-06-16,-1.8109128797722158,-1.6304821584243696
momentum_20d,5,2017-06-23,-0.821945974677607,-0.28477686589346207
momentum_20d,5,2017-06-30,-1.1843927552436424,-0.6003973659784185
momentum_20d,5,2017-07-10,-1.0899022830939318,-0.9624594295688849
momentum_20d,5,2017-07-17,1.0000678400770568,0.7819119508255312
momentum_20d,5,2017-07-24,-1.1591737025616482,-0.43763460625171335
momentum_20d,5,2017-07-31,-0.14716417667584397,-0.3486249430920093
momentum_20d,5,2017-08-07,0.5349121186629002,0.31929740229968606
momentum_20d,5,2017-08-14,1.4275790868340743,1.2163110075381587
momentum_20d,5,2017-08-21,-0.8822872116880487,-0.6469567736348252
momentum_20d,5,2017-08-28,0.163987489163168,0.026773544858701055
momentum_20d,5,2017-09-05,-0.49146509152496376,-0.43115109546544667
momentum_20d,5,2017-09-12,0.654001368257584,0.6988715981604592
momentum_20d,5,2017-09-19,0.7036748557076515,0.0823544760280237
momentum_20d,5,2017-09-26,2.214456976558547,-0.15594618342658073
momentum_20d,5,2017-10-03,-0.3580734313144725,0.1368608887974891
momentum_20d,5,2017-10-10,-0.3666369254415621,0.011770221398010872
momentum_20d,5,2017-10-17,2.3723945086662495,1.3996911623424126
momentum_20d,5,2017-10-24,0.5994935031563713,0.28983668757645764
momentum_20d,5,2017-10-31,0.18834947385769266,0.9182210832498224
momentum_20d,5,2017-11-07,-0.48979913342826303,0.3111058352689914
momentum_20d,5,2017-11-14,-1.1880593483677575,-0.9905795116353774
momentum_20d,5,2017-11-21,-5.122318308556736,-3.5208483431670787
momentum_20d,5,2017-11-29,1.2302989234219277,0.38115584825073967
momentum_20d,5,2017-12-06,-0.5528648186208055,-0.8769299045327231
momentum_20d,5,2017-12-13,1.5334509556845268,0.3657971103775637
momentum_20d,5,2017-12-20,1.5914702678784143,1.179475566712377
momentum_20d,5,2017-12-28,2.8374839376025585,0.7166655920250491
momentum_20d,5,2018-01-05,3.1440475527760263,-0.47613634392903076
momentum_20d,5,2018-01-12,-0.9107675998197284,-1.1010552111437053
momentum_20d,5,2018-01-22,-0.4251954677671995,-0.8511701426022275
momentum_20d,5,2018-01-29,-3.49062680756973,-0.6959326770353196
momentum_20d,5,2018-02-05,0.8213170817780835,-0.09343079506532645
momentum_20d,5,2018-02-12,1.7774188548220622,0.500912468688101
momentum_20d,5,2018-02-20,0.12121037912615762,-0.5362805287183581
momentum_20d,5,2018-02-27,1.1557539774099124,1.116326335959239
momentum_20d,5,2018-03-06,0.5084337328094213,0.24757729862961617
momentum_20d,5,2018-03-13,-0.5462108589936158,0.11791537022208069
momentum_20d,5,2018-03-20,-2.5652521739723806,-0.08695059989040446
momentum_20d,5,2018-03-27,-0.5626818948757384,-0.3195438856405497
momentum_20d,5,2018-04-04,0.5238248689250862,0.8390364240470091
momentum_20d,5,2018-04-11,0.28482524063582204,-0.3569251850606525
momentum_20d,5,2018-04-18,1.3220316793992604,1.0630483681135727
momentum_20d,5,2018-04-25,-1.495732608225786,-0.8193655381926587
momentum_20d,5,2018-05-02,-2.9948553039732837,-2.06664838331192
momentum_20d,5,2018-05-09,0.15739200472630147,0.1979582294628838
momentum_20d,5,2018-05-16,-0.6627028190432482,-0.2517314261665571
momentum_20d,5,2018-05-23,-0.8466341631822139,0.2751398354882325
momentum_20d,5,2018-05-31,2.802523787071994,0.36270065977851795
momentum_20d,5,2018-06-07,1.231599623740646,0.5157352025999058
momentum_20d,5,2018-06-14,0.5490509050466034,1.2778722723265892
momentum_20d,5,2018-06-21,-0.6073491175001925,0.2710374950271007
momentum_20d,5,2018-06-28,0.1298604912560286,-0.21798169394489086
momentum_20d,5,2018-07-06,-1.4749417764890396,-1.8575463785384512
momentum_20d,5,2018-07-13,-1.2680874580025168,-0.6200319514965174
momentum_20d,5,2018-07-20,0.7780665702026994,0.6319679583465614
momentum_20d,5,2018-07-27,-0.9185368434421045,-0.15557124307002584
momentum_20d,5,2018-08-03,-0.6610238801362467,-0.43229158179363125
momentum_20d,5,2018-08-10,1.9495173721753616,0.6476198832400619
momentum_20d,5,2018-08-17,-3.302022494436467,-1.3740363323111238
momentum_20d,5,2018-08-24,0.5209297376145136,0.2046609608016725
momentum_20d,5,2018-08-31,-0.9291180302827976,-0.5560005860949142
momentum_20d,5,2018-09-10,-0.5059393890108529,0.20667425077936694
momentum_20d,5,2018-09-17,1.16585770330719,0.2758976851426712
momentum_20d,5,2018-09-24,0.9104595211592089,0.6184942484967964
momentum_20d,5,2018-10-01,1.0456433295460346,1.014110166872876
momentum_20d,5,2018-10-08,-1.4721286768533979,-0.8653084371698502
momentum_20d,5,2018-10-15,0.3982145104034459,-0.22498609309280862
momentum_20d,5,2018-10-22,5.151760880055819,4.766720960840331
momentum_20d,5,2018-10-29,-4.838195305294088,-2.4312484529882035
momentum_20d,5,2018-11-05,2.6739022925465,2.050532507260172
momentum_20d,5,2018-11-12,0.44142034317598383,1.4804444355824251
momentum_20d,5,2018-11-19,-2.8708999868241234,-1.165488772005311
momentum_20d,5,2018-11-27,0.5844942868927412,0.6527736760110054
momentum_20d,5,2018-12-04,1.836175786265896,1.1447289266922844
momentum_20d,5,2018-12-12,-0.17715139444921907,-0.1659893028322516
momentum_20d,5,2018-12-19,-1.6995111671545253,-1.617993315925259
momentum_20d,5,2018-12-27,-2.2075714727616194,-1.0060629598061124
momentum_20d,5,2019-01-04,-0.46583979373631124,0.16571357937201397
momentum_20d,5,2019-01-11,0.6436498511206978,-0.9098285447947552
momentum_20d,5,2019-01-18,-0.5719306934559281,0.8961613428792906
momentum_20d,5,2019-01-28,-1.0963119659035774,-1.2077406746452266
momentum_20d,5,2019-02-04,0.5166502377286627,1.4625642532549499
momentum_20d,5,2019-02-11,-1.5391876989958289,-0.2600324841172489
momentum_20d,5,2019-02-19,0.08098486342996702,0.10584107915483736
momentum_20d,5,2019-02-26,-0.321761845849163,-0.07795574401538627
momentum_20d,5,2019-03-05,-0.4077150229256551,-0.11581864130946196
momentum_20d,5,2019-03-12,-0.5433100140670518,-0.7165625254962931
momentum_20d,5,2019-03-19,1.4916188145140767,1.1734052037291796
momentum_20d,5,2019-03-26,-3.96545399413187,-2.130439976520508
momentum_20d,5,2019-04-02,0.5256534292891338,0.46842430505792026
momentum_20d,5,2019-04-09,2.538415019254473,1.2884991629289169
momentum_20d,5,2019-04-16,2.042105849280666,1.244581307087985
momentum_20d,5,2019-04-24,-2.3234855866029878,-1.0454930725758427
momentum_20d,5,2019-05-01,-0.9395783974642209,-0.4354427405461399
momentum_20d,5,2019-05-08,0.2540880366339408,0.4762539217194643
momentum_20d,5,2019-05-15,3.393748412443161,0.7447880597089229
momentum_20d,5,2019-05-22,1.420167755162501,0.5091523923034764
momentum_20d,5,2019-05-30,1.6319340065899561,1.4181806357097169
momentum_20d,5,2019-06-06,-2.091973084106421,-0.9937730143594892
momentum_20d,5,2019-06-13,-1.4319427222363603,-0.7265320302580609
momentum_20d,5,2019-06-20,-0.06219207080448612,0.4804946071798488
momentum_20d,5,2019-06-27,-2.03641551584018,-1.6066745991210791
momentum_20d,5,2019-07-05,1.9178519872563176,1.3074102724651926
momentum_20d,5,2019-07-12,-0.34869159956694523,-0.14015513992932843
momentum_20d,5,2019-07-19,2.2609752994011765,0.7560131549565918
momentum_20d,5,2019-07-26,-3.0868956007298625,-1.3467077767915336
momentum_20d,5,2019-08-02,0.688356448061711,0.49440583126915866
momentum_20d,5,2019-08-09,3.529585808950116,1.8938971299751344
momentum_20d,5,2019-08-16,0.6954284625993049,1.0435157006119447
momentum_20d,5,2019-08-23,-1.6311372135324225,-0.9123597049679022
momentum_20d,5,2019-08-30,-2.3717797318168663,-1.4438269602039755
momentum_20d,5,2019-09-09,-3.228587909254036,-1.2248564141193499
momentum_20d,5,2019-09-16,-2.040934607369434,-0.9246062227083721
momentum_20d,5,2019-09-23,-1.5679670623890827,-1.0464543496838306
momentum_20d,5,2019-09-30,-0.4888869117363045,0.46888027533140697
momentum_20d,5,2019-10-07,-2.0088245989544578,-1.732025230765577
momentum_20d,5,2019-10-14,0.459486219582302,0.16781849831585632
momentum_20d,5,2019-10-21,-0.8815166193922863,-0.07910445279661893
momentum_20d,5,2019-10-28,2.4736416307366635,0.6634169174860298
momentum_20d,5,2019-11-04,1.491683249737393,-0.5753624177140388
momentum_20d,5,2019-11-11,-1.6496953083654806,-0.6256056669500243
momentum_20d,5,2019-11-18,1.5215986276684115,0.34886208442373257
momentum_20d,5,2019-11-25,-1.6004392282217061,-0.5992667637703453
momentum_20d,5,2019-12-03,-1.5877362437867562,-0.3874366649932348
momentum_20d,5,2019-12-10,-0.21487839628669586,-0.34433525985739044
momentum_20d,5,2019-12-17,-0.47237267999330107,0.016774105345351842
momentum_20d,5,2019-12-24,-0.3628545504182975,-0.4199554489454564
momentum_20d,5,2020-01-02,-0.2911522036890898,-0.4586698638026114
momentum_20d,5,2020-01-09,-0.9185324615917256,0.0024521351105052007
momentum_20d,5,2020-01-16,2.9411536496251944,0.7660629596082675
momentum_20d,5,2020-01-24,2.6466049200063755,1.266821078454524
momentum_20d,5,2020-01-31,-1.250060574696743,-1.2981319318779772
momentum_20d,5,2020-02-07,0.9846101813783203,1.6595286014793837
momentum_20d,5,2020-02-14,1.3266316953891986,1.7914684919261885
momentum_20d,5,2020-02-24,0.20165881868183436,-1.4335351048984681
momentum_20d,5,2020-03-02,10.010571493993222,1.4918847184176687
momentum_20d,5,2020-03-09,-0.2916576955257676,-3.0952327688561305
momentum_20d,5,2020-03-16,2.9790663343251427,-2.430984282721212
momentum_20d,5,2020-03-23,-8.055153086500013,-3.6887095016596483
momentum_20d,5,2020-03-30,-0.2223588660583033,1.513196956655253
momentum_20d,5,2020-04-06,-1.1610985643444907,-0.3139826395291534
momentum_20d,5,2020-04-14,0.6880193956027717,-0.031303483025650156
momentum_20d,5,2020-04-21,1.8487205736659629,1.5578473444062788
momentum_20d,5,2020-04-28,3.443676058523297,-0.40695681579113
momentum_20d,5,2020-05-05,1.9428951341651381,0.3209227779812881
momentum_20d,5,2020-05-12,0.8076753842058377,0.17102836587490344
momentum_20d,5,2020-05-19,-0.7019817735329189,-0.2764549480760511
momentum_20d,5,2020-05-27,-0.8194673984388038,-0.02471182265235683
momentum_20d,5,2020-06-03,1.1268148718741822,-0.8386360178838981
momentum_20d,5,2020-06-10,-0.5209593870912577,-0.5946353275348131
momentum_20d,5,2020-06-17,-1.7136626349811612,-2.839457748984131
momentum_20d,5,2020-06-24,1.2745013518202306,-0.1894858983054526
momentum_20d,5,2020-07-01,7.700983060536733,3.2265362819820322
momentum_20d,5,2020-07-09,-7.182551015246938,-2.1806039880594263
momentum_20d,5,2020-07-16,-1.1020624166347561,0.08336745234145035
momentum_20d,5,2020-07-23,-1.1624391801056753,-1.289514557461576
momentum_20d,5,2020-07-30,-0.4081246247514752,-1.4666807056404738
momentum_20d,5,2020-08-06,2.908038664362056,1.9713885707416907
momentum_20d,5,2020-08-13,1.366133255734725,-0.7063703953260059
momentum_20d,5,2020-08-20,3.001415343952296,0.6031019286779182
momentum_20d,5,2020-08-27,-0.5961141082136042,0.025495495125312424
momentum_20d,5,2020-09-03,0.9507121351558474,0.9612171077535684
momentum_20d,5,2020-09-11,-1.882826781869699,-0.03489807263789002
momentum_20d,5,2020-09-18,-1.4020775070949194,-3.199528796512855
momentum_20d,5,2020-09-25,2.3704186101244735,0.5001784298183913
momentum_20d,5,2020-10-02,-0.4638795423627995,-0.5757306873196051
momentum_20d,5,2020-10-09,0.7504688921021074,0.4407505428747534
momentum_20d,5,2020-10-16,-0.9183044522540632,-0.0517202486513213
momentum_20d,5,2020-10-23,0.11734005609959075,0.8696857063421382
momentum_20d,5,2020-10-30,2.4278428077558907,0.4366887448201462
momentum_20d,5,2020-11-06,-10.563856006824345,-2.6047406437008798
momentum_20d,5,2020-11-13,2.4835618767695764,2.7378240718058207
momentum_20d,5,2020-11-20,2.486190046621739,1.2871968232389084
momentum_20d,5,2020-11-30,5.03930036938856,3.7044618776774416
momentum_20d,5,2020-12-07,-0.6650942009700215,-0.45299911994300573
momentum_20d,5,2020-12-14,-0.2592336127686723,-1.3698476791234224
momentum_20d,5,2020-12-21,-0.8086212274873975,-1.0838951565328916
momentum_20d,5,2020-12-29,3.426076825316393,3.466323882948904
momentum_20d,5,2021-01-06,3.339868367473753,1.2920355304244366
momentum_20d,5,2021-01-13,-4.668525632828687,-3.5302821901278203
momentum_20d,5,2021-01-21,-3.305039438141459,-2.4936443923240166
momentum_20d,5,2021-01-28,1.3692865477507772,0.8180834589738284
momentum_20d,5,2021-02-04,1.7919789336701502,1.8861364973746797
momentum_20d,5,2021-02-11,0.13896388644862498,0.07590754361356997
momentum_20d,5,2021-02-19,4.7450954609988205,3.379933490981831
momentum_20d,5,2021-02-26,3.9930808230927317,4.745898723823569
momentum_20d,5,2021-03-05,-1.7455057876510027,-0.09238718041334101
momentum_20d,5,2021-03-12,-3.2381241804775085,-2.30592932824875
momentum_20d,5,2021-03-19,0.5469577269970143,0.3352216384606551
momentum_20d,5,2021-03-26,-4.170678145290344,-1.2850904580989995
momentum_20d,5,2021-04-05,0.5653517033916033,-0.8776457769962054
momentum_20d,5,2021-04-12,-1.7428320920186164,-1.4244597166960284
momentum_20d,5,2021-04-19,0.6214295990535135,0.0005815607101222753
momentum_20d,5,2021-04-26,-3.7023687063656148,-0.6056098745935934
momentum_20d,5,2021-05-03,4.048561786224954,2.5418211938067885
momentum_20d,5,2021-05-10,2.5079759365899306,1.8838737226450537
momentum_20d,5,2021-05-17,-4.5279665109785014,-2.7862640070609084
momentum_20d,5,2021-05-24,0.5822330359608479,1.6847046803072512
momentum_20d,5,2021-06-01,-0.02970758427115472,-0.17855286195614567
momentum_20d,5,2021-06-08,-0.6790091567111745,0.25219986961721264
momentum_20d,5,2021-06-15,2.250063600325107,-0.10522797887593249
momentum_20d,5,2021-06-22,-0.10377415993734589,-1.1501805010754227
momentum_20d,5,2021-06-29,-0.02118988712264125,-0.9838013632268586
momentum_20d,5,2021-07-07,0.9056947858128125,-0.2884425147653339
momentum_20d,5,2021-07-14,1.4357564013410298,0.2665078609324226
momentum_20d,5,2021-07-21,-1.0298781553098233,-0.22178750010322842
momentum_20d,5,2021-07-28,-0.39111637161916,0.7004227863461148
momentum_20d,5,2021-08-04,-2.881979007240646,-1.6784492983840549
momentum_20d,5,2021-08-11,1.3097402088773598,-0.5029211231254254
momentum_20d,5,2021-08-18,-3.3131223960570595,-1.5634054782039608
momentum_20d,5,2021-08-25,-0.7037268089372514,-0.2694955609680435
momentum_20d,5,2021-09-01,-1.3397201417871891,-0.8571987923231142
momentum_20d,5,2021-09-09,-0.11742037832119054,0.8749945805942017
momentum_20d,5,2021-09-16,1.180548301636486,0.780237995489752
momentum_20d,5,2021-09-23,0.5781299171811137,1.2849420811367787
momentum_20d,5,2021-09-30,1.415102462301987,1.46834032863273
momentum_20d,5,2021-10-07,1.230407855725198,1.0172043920088893
momentum_20d,5,2021-10-14,-1.2203357748131527,-0.8952632185686612
momentum_20d,5,2021-10-21,0.7567955033909834,0.7511936042011651
momentum_20d,5,2021-10-28,-0.31940096063615514,-0.7280662147692629
momentum_20d,5,2021-11-04,-0.9844215524382454,-0.6189842865717925
momentum_20d,5,2021-11-11,2.606522708619459,0.9324672349054985
momentum_20d,5,2021-11-18,-0.5587307236228319,-0.7690801884645142
momentum_20d,5,2021-11-26,0.7564426858683119,-0.005561223403775331
momentum_20d,5,2021-12-03,-0.14202798029055633,-1.283824130109131
momentum_20d,5,2021-12-10,0.3984224701372498,1.634481530478275
momentum_20d,5,2021-12-17,-4.0600379874846215,-2.0043254805126587
momentum_20d,5,2021-12-27,-0.6726661365981176,0.30617633434584235
momentum_20d,5,2022-01-03,-2.9512913874144715,0.015503255216938369
momentum_20d,5,2022-01-10,2.9002365275757875,2.6229562804586104
momentum_20d,5,2022-01-18,1.8972040749955104,2.6643423128626775
momentum_20d,5,2022-01-25,-1.7877703834429697,-1.3050225989061768
momentum_20d,5,2022-02-01,1.43208316576879,1.6263596628409334
momentum_20d,5,2022-02-08,-1.2110856490353668,-0.025074112672788623
momentum_20d,5,2022-02-15,3.77749554646735,3.5294185702173575
momentum_20d,5,2022-02-23,-1.9992486765128141,-1.232024158976238
momentum_20d,5,2022-03-02,5.7265940066755565,4.106934014497366
momentum_20d,5,2022-03-09,-4.20021506390769,-2.906480912994358
momentum_20d,5,2022-03-16,0.7761384873505565,0.84566699612915
momentum_20d,5,2022-03-23,0.18934210155066028,-0.26832792658670146
momentum_20d,5,2022-03-30,3.6875734171536,3.680727425125463
momentum_20d,5,2022-04-06,0.13873715078002538,-0.217368708426946
momentum_20d,5,2022-04-13,0.32210365277117736,1.025353078592306
momentum_20d,5,2022-04-21,-0.5956229267795968,0.2762369704857659
momentum_20d,5,2022-04-28,0.1971263297615323,0.914937462242634
momentum_20d,5,2022-05-05,3.6754437139603766,2.0728618964139507
momentum_20d,5,2022-05-12,0.436869386967779,0.2823889953875761
momentum_20d,5,2022-05-19,0.854575094375994,0.6283459558287314
momentum_20d,5,2022-05-26,-1.3893273791506622,-0.7503613553347683
momentum_20d,5,2022-06-03,0.6306184808063516,0.9360740660328511
momentum_20d,5,2022-06-10,-6.636893979156833,-5.711974898126037
momentum_20d,5,2022-06-17,1.9563483702448832,0.49713722160641033
momentum_20d,5,2022-06-27,5.385202229029932,1.0298808902151255
momentum_20d,5,2022-07-05,-1.2288476661087493,-0.1861476697213112
momentum_20d,5,2022-07-12,-4.602395092115508,-1.984842919435222
momentum_20d,5,2022-07-19,-1.237469140312708,0.039917461265374474
momentum_20d,5,2022-07-26,3.671756994288907,2.639461777338936
momentum_20d,5,2022-08-02,-2.2735954758938415,-2.731002571707375
momentum_20d,5,2022-08-09,2.23717747115623,1.3815668680037176
momentum_20d,5,2022-08-16,0.5390307723461496,0.45630670121410793
momentum_20d,5,2022-08-23,0.35626307339657154,1.1795787396929955
momentum_20d,5,2022-08-30,0.9034536853490168,0.08638316212901861
momentum_20d,5,2022-09-07,2.7458903866502697,2.0771993078359308
momentum_20d,5,2022-09-14,-0.7552201247753243,-0.7092535418869967
momentum_20d,5,2022-09-21,0.9589937145942362,-0.4723752837852128
momentum_20d,5,2022-09-28,-5.429998546954821,-2.0539706128604713
momentum_20d,5,2022-10-05,0.9295413920095252,-0.5946390353068098
momentum_20d,5,2022-10-12,0.7438462037038536,-0.183952788383331
momentum_20d,5,2022-10-19,0.9590817570471681,1.0190139447766664
momentum_20d,5,2022-10-26,1.3676330789601585,1.4962148205631318
momentum_20d,5,2022-11-02,1.3127014568064235,1.4416435315127263
momentum_20d,5,2022-11-09,-4.070359735683246,-1.346973819098666
momentum_20d,5,2022-11-16,1.887795917338312,0.8042898880244564
momentum_20d,5,2022-11-23,-1.5490229587002822,-0.30849161209010045
momentum_20d,5,2022-12-01,0.7496601687090766,-0.06745815948750641
momentum_20d,5,2022-12-08,-0.7414348244890328,0.0976525687062598
momentum_20d,5,2022-12-15,0.39576617752018484,-0.09757488230873004
momentum_20d,5,2022-12-22,-1.2926203000764451,-0.45057373540018003
momentum_20d,5,2022-12-30,-3.600566449216066,-1.3385564756609494
momentum_20d,5,2023-01-09,-0.8375870335486073,0.05605594953398777
momentum_20d,5,2023-01-17,4.521590148399541,2.0856449223564626
momentum_20d,5,2023-01-24,2.672128202409829,1.0975465752738924
momentum_20d,5,2023-01-31,5.546716542525973,2.7069031495386904
momentum_20d,5,2023-02-07,-1.4913804914361486,-1.2067310684806078
momentum_20d,5,2023-02-14,-4.003486905442326,-1.6938943740912427
momentum_20d,5,2023-02-22,-1.6597626867859594,-0.6843979425441793
momentum_20d,5,2023-03-01,0.6624815097396061,0.979045105896111
momentum_20d,5,2023-03-08,-2.596222001671596,-1.620212546883833
momentum_20d,5,2023-03-15,-1.6316346297501634,-1.514026141120861
momentum_20d,5,2023-03-22,-0.8734887073584015,-0.19662390221284465
momentum_20d,5,2023-03-29,-0.40909859309054736,-0.8646319096968372
momentum_20d,5,2023-04-05,-0.6946583564942784,-0.3275516198290548
momentum_20d,5,2023-04-13,-2.6117963079320274,-1.2214095800539782
momentum_20d,5,2023-04-20,-1.1619298748411646,-1.4952612100026665
momentum_20d,5,2023-04-27,-0.4245103617084559,0.5238643579212332
momentum_20d,5,2023-05-04,1.0391820414741328,-0.3886047526919567
momentum_20d,5,2023-05-11,-1.8936936625663832,-0.16760633584198548
momentum_20d,5,2023-05-18,3.2827110425780495,2.488444181488521
momentum_20d,5,2023-05-25,1.983653267516261,0.8382497932332292
momentum_20d,5,2023-06-02,-0.27728420902155915,-0.2907605822244622
momentum_20d,5,2023-06-09,2.1929128673192113,1.2150762193950206
momentum_20d,5,2023-06-16,-2.0782981479580944,-1.0235692196519688
momentum_20d,5,2023-06-26,2.2455696108099645,1.0123337554105882
momentum_20d,5,2023-07-03,0.8805343292560552,0.2374395429120287
momentum_20d,5,2023-07-11,1.3306031748006892,-0.7848211882434342
momentum_20d,5,2023-07-18,-4.364470600211938,-1.374322048168919
momentum_20d,5,2023-07-25,0.6368256237420841,0.98799333037722
momentum_20d,5,2023-08-01,-0.08275714258825968,-0.02284124158529558
momentum_20d,5,2023-08-08,1.3797670991546236,1.082724189695298
momentum_20d,5,2023-08-15,-0.5533882282388417,-0.2327149709798674
momentum_20d,5,2023-08-22,-0.3751061602742226,-0.6804667471874914
momentum_20d,5,2023-08-29,1.7783681910706193,0.6426852521542625
momentum_20d,5,2023-09-06,-2.469726823808923,-0.6420434064055718
momentum_20d,5,2023-09-13,-2.071472971212396,-0.9328240310621886
momentum_20d,5,2023-09-20,-0.8567689548122185,0.2527306187138997
momentum_20d,5,2023-09-27,-3.4109294358437237,-2.329266360211639
momentum_20d,5,2023-10-04,-3.2807599697784835,-1.3419286925341445
momentum_20d,5,2023-10-11,-2.307916478183851,-1.5762924571512997
momentum_20d,5,2023-10-18,-1.3133537523660457,-1.4733772013523438
momentum_20d,5,2023-10-25,0.3688802266965662,-0.24046054858105256
momentum_20d,5,2023-11-01,-0.3997907384470478,-0.8163287706291156
momentum_20d,5,2023-11-08,-0.7540827692154991,-0.47090657237525146
momentum_20d,5,2023-11-15,0.22641619627634668,-0.46748823807717016
momentum_20d,5,2023-11-22,0.30177273613703665,0.46571649545069277
momentum_20d,5,2023-11-30,1.7297089354650759,0.4364553455166916
momentum_20d,5,2023-12-07,2.540946918680935,2.1037734481200054
momentum_20d,5,2023-12-14,-1.551460644922768,-1.0638779709042367
momentum_20d,5,2023-12-21,-0.4241133557192504,-0.19832296233808963
momentum_20d,5,2023-12-29,-2.340549271851733,-1.131842866575672
momentum_20d,5,2024-01-08,1.6169812409683366,-0.07402193031158522
momentum_20d,5,2024-01-16,2.0768272026195613,-0.9265040138549822
momentum_20d,5,2024-01-23,-1.1182405574669207,-0.2592067220817581
momentum_20d,5,2024-01-30,1.1651608452567372,0.004263778413523175
momentum_20d,5,2024-02-06,1.8130941079662806,1.1550952017611027
momentum_20d,5,2024-02-13,-3.6569083860343077,-1.1415058950331716
momentum_20d,5,2024-02-21,-0.5814736283490496,-1.403264929067812
momentum_20d,5,2024-02-28,0.7530651227326287,1.9719357936210158
momentum_20d,5,2024-03-06,-0.48673253442141906,-0.46172556746615356
momentum_20d,5,2024-03-13,-0.037504683603565646,-0.3762922433189986
momentum_20d,5,2024-03-20,0.3884349159471038,0.9075001790502505
momentum_20d,5,2024-03-27,3.7763311013636947,2.236627284319996
momentum_20d,5,2024-04-04,0.029633118654918446,-0.4642610205300472
momentum_20d,5,2024-04-11,0.07282598687505075,1.171951784261923
momentum_20d,5,2024-04-18,-0.5310131951016113,0.48762321619701215
momentum_20d,5,2024-04-25,-1.6776196839336843,-1.2806365004204587
momentum_20d,5,2024-05-02,-0.09793775964263376,-0.1780749817941259
momentum_20d,5,2024-05-09,-0.5568035532732107,-0.2638466318023299
momentum_20d,5,2024-05-16,0.574205503992568,-0.28946214731783526
momentum_20d,5,2024-05-23,-0.2642923990057204,0.5156493975723448
momentum_20d,5,2024-05-31,2.4040049509333765,-0.0014518861275717812
momentum_20d,5,2024-06-07,4.478815028161365,1.4919880719855283
momentum_20d,5,2024-06-14,-3.967259229631559,-1.6997099042314538
momentum_20d,5,2024-06-24,4.255207454034341,1.0526029217901391
momentum_20d,5,2024-07-01,3.3708456645542935,2.211858205553556
momentum_20d,5,2024-07-09,-3.859446329217886,-1.034635901578603
momentum_20d,5,2024-07-16,1.1749289257644624,0.9922275285840924
momentum_20d,5,2024-07-23,2.4627469595412803,2.2436541444485107
momentum_20d,5,2024-07-30,2.537751139121654,2.55435675868958
momentum_20d,5,2024-08-06,-3.8949239431759137,-2.1355167175991285
momentum_20d,5,2024-08-13,-2.918600860912579,-1.692787153331247
momentum_20d,5,2024-08-20,0.7432399168173657,0.5770005951175012
momentum_20d,5,2024-08-27,-0.5877054381421424,-0.30346986869193016
momentum_20d,5,2024-09-04,-0.057117713548027194,-1.023228525329393
momentum_20d,5,2024-09-11,-1.5335450179650285,-0.4372247236571776
momentum_20d,5,2024-09-18,-0.8341988933748637,0.4578338710127028
momentum_20d,5,2024-09-25,-0.4386155714778407,0.7604389900499571
momentum_20d,5,2024-10-02,0.3841095023283632,-0.6937938544829232
momentum_20d,5,2024-10-09,-2.748118418165017,-2.2420917212587472
momentum_20d,5,2024-10-16,0.7398805152888155,0.3210585332691954
momentum_20d,5,2024-10-23,-1.7397179815412334,-2.222211732492285
momentum_20d,5,2024-10-30,1.4556433884900168,0.9768625533991419
momentum_20d,5,2024-11-06,1.3950943869370531,1.1625662657000082
momentum_20d,5,2024-11-13,-0.6073581254741518,0.44026823035194046
momentum_20d,5,2024-11-20,-0.4294321883395586,-0.809474762472732
momentum_20d,5,2024-11-27,-0.5023818944012604,-1.5410506657669818
momentum_20d,5,2024-12-05,3.8797088069759234,1.842323711370138
momentum_20d,5,2024-12-12,1.6046824790697116,-0.1927527551106219
momentum_20d,5,2024-12-19,-0.6734069672639897,-0.6568972466685974
momentum_20d,5,2024-12-27,0.9742141989371511,1.2240596796104897
momentum_20d,5,2025-01-06,-4.214454405581576,-1.6730735007058906
momentum_20d,5,2025-01-14,1.1591488874712323,-0.49047685240022343
momentum_20d,5,2025-01-22,-6.547185924404997,-4.025136584659253
momentum_20d,5,2025-01-29,-0.4164123012552497,0.695013536250048
momentum_20d,5,2025-02-05,-0.4520673267120431,-0.8230395929362663
momentum_20d,5,2025-02-12,-2.1447780506693346,-0.5501620573818016
momentum_20d,5,2025-02-20,5.590977487405153,3.422110175451576
momentum_20d,5,2025-02-27,1.961226431779406,0.9524078747657742
momentum_20d,5,2025-03-06,-0.2030445573207751,-0.05234607687769991
momentum_20d,5,2025-03-13,0.4074517226499763,0.48825950695058723
momentum_20d,5,2025-03-20,-0.7957476365328064,-1.3133935816891409
momentum_20d,5,2025-03-27,4.243281685023048,2.0414258131790652
momentum_20d,5,2025-04-03,-5.554070152929277,-4.064278934661289
momentum_20d,5,2025-04-10,-0.7649476906500048,1.314014716786971
momentum_20d,5,2025-04-17,-4.524382979479577,-4.767746302307393
momentum_20d,5,2025-04-25,1.218887107949466,-0.8266051708120559
momentum_20d,5,2025-05-02,2.475671924912326,1.4123218878137576
momentum_20d,5,2025-05-09,6.217492722618394,2.313193980957011
momentum_20d,5,2025-05-16,-1.1073129345130828,-0.5344563930658408
momentum_20d,5,2025-05-23,0.36561513715044713,-0.18291398635702877
momentum_20d,5,2025-06-02,1.4753458574973823,1.1058258757996708
momentum_20d,5,2025-06-09,1.3048152731380602,0.8578053545731527
momentum_20d,5,2025-06-16,-1.0438713018385875,-0.429040701998921
momentum_20d,5,2025-06-24,0.9522948147414168,-0.01691193526398571
momentum_20d,5,2025-07-01,2.233194753915017,0.4676561590819565
momentum_20d,5,2025-07-09,-0.008389408774885565,-0.2430922391708501
momentum_20d,5,2025-07-16,-0.48593879825893727,-0.7823087085978156
momentum_20d,5,2025-07-23,1.0571912908208545,-0.5172771628462154
momentum_20d,5,2025-07-30,-0.03235056359182824,-0.7005355194987795
momentum_20d,5,2025-08-06,-0.3367291138142751,0.1353311359549636
momentum_20d,5,2025-08-13,-2.321034238455803,0.22848190966986426
momentum_20d,5,2025-08-20,-2.3821494647189927,-2.2541903702182675
momentum_20d,5,2025-08-27,1.7664500859044696,0.3821575150659914
momentum_20d,5,2025-09-04,0.743952304828092,0.23397480521154534
momentum_20d,5,2025-09-11,1.1114305315035655,-0.2964181109011421
momentum_20d,5,2025-09-18,0.03536472415632077,-0.15776631521246348
momentum_20d,5,2025-09-25,-0.738148669751008,0.6062137283913509
momentum_20d,5,2025-10-02,2.3392218546281556,1.6869095614116498
momentum_20d,5,2025-10-09,-0.8421657616964009,1.2842448683543708
momentum_20d,5,2025-10-16,-1.8089277983288223,-1.2321962938694178
momentum_20d,5,2025-10-23,2.227955502812673,0.006473703400670476
momentum_20d,5,2025-10-30,-1.9879944025624208,-0.9917829091059871
momentum_20d,5,2025-11-06,-0.13768674208134052,1.5343335497778665
momentum_20d,5,2025-11-13,-0.8541038314329544,0.8416642972518503
momentum_20d,5,2025-11-20,-4.086172868977966,-1.7729551508203285
momentum_20d,5,2025-11-28,-3.442368917633465,-2.101833556353172
momentum_20d,5,2025-12-05,-0.19747045952125392,0.28445965253418215
momentum_20d,5,2025-12-12,1.7522589171062901,0.11891375319758035
momentum_20d,5,2025-12-19,-0.6132704111567004,0.02330812858818051
momentum_20d,5,2025-12-29,3.4918181325032847,3.5001978678454413
momentum_20d,5,2026-01-06,-1.7534818871242122,-0.36642550806568197
momentum_20d,5,2026-01-13,2.6974250775423183,2.918342827102412
momentum_20d,5,2026-01-21,2.1636291293078536,1.1267350969678125
momentum_20d,5,2026-01-28,-0.6189316048239097,1.704311726899325
momentum_20d,5,2026-02-04,0.4983089352531368,2.167292556720575
momentum_20d,5,2026-02-11,0.6821476578995938,0.43588688325400343
momentum_20d,5,2026-02-19,0.027534802942312066,0.09805427250075456
momentum_20d,5,2026-02-26,0.8821959490133165,0.5330252695629256
momentum_20d,5,2026-03-05,3.1549741105246407,1.6389995754328979
momentum_20d,5,2026-03-12,1.0943112879187182,1.424857021529132
momentum_20d,5,2026-03-19,-0.7998953169748378,1.7212139767969832
momentum_20d,5,2026-03-26,-1.6668273245506238,-1.5020711139760854
momentum_20d,5,2026-04-02,-3.5384601659044224,-3.431739154396
momentum_20d,5,2026-04-10,1.2399014009657778,-1.3953650193136768
momentum_20d,5,2026-04-17,1.8857838100195736,2.7971933520277563
momentum_20d,5,2026-04-24,-0.9329121904635678,-0.21858328424119167
momentum_20d,5,2026-05-01,9.461162769556609,3.628243547790951
momentum_20d,5,2026-05-08,-3.7042875588143453,-1.93580611224754
momentum_20d,5,2026-05-15,-0.24595525078331032,0.7546783382070303
momentum_20d,5,2026-05-22,2.8788657275985305,0.034842469421684605
momentum_20d,5,2026-06-01,-1.9882582100915351,1.9053637678703088
momentum_20d,5,2026-06-08,-1.7523792382518482,-0.9206932474188764
momentum_20d,5,2026-06-15,-0.36638828982218374,-0.05864063077757701
momentum_20d,5,2026-06-23,2.809436325426806,1.1730172676733117
momentum_20d,5,2026-06-30,-4.454966545814491,-3.113562841141708
momentum_20d,5,2026-07-08,-1.5702550591510045,-1.2247033943902217
momentum_20d,5,2026-07-15,2.114413880282569,2.512801771300588
momentum_20d,5,2026-07-22,7.6431026691058195,3.8904274839424082
momentum_20d,5,2026-07-29,-9.987464761270823,-6.2886055926323055
momentum_20d,5,2026-08-05,-1.4881418863816962,-0.5187884512134033
momentum_20d,5,2026-08-12,3.6960006159365455,3.231492487647991
momentum_20d,5,2026-08-19,-0.7927569955276289,-1.0234164807931898
momentum_20d,5,2026-08-26,2.9433588270335083,1.1286058078419647
momentum_20d,5,2026-09-02,-1.4097330802425183,-0.8068958921424896
momentum_20d,20,1999-01-22,-0.5752793895217508,-1.6320999070546183
momentum_20d,20,1999-02-22,-1.6097833525444103,0.7025749027455304
momentum_20d,20,1999-03-22,3.806832260317698,7.765222544734611
momentum_20d,20,1999-04-20,-0.8465691030422458,-0.2979806007419761
momentum_20d,20,1999-05-18,1.1820463645327555,2.221513054353434
momentum_20d,20,1999-06-16,-3.571171733814338,-5.004197831437293
momentum_20d,20,1999-07-15,-8.68239588819691,-2.570668735827826
momentum_20d,20,1999-08-12,-7.679083350628272,-6.957889913287003
momentum_20d,20,1999-09-10,0.2508864154597723,0.8743248925000557
momentum_20d,20,1999-10-08,2.376618549713927,-0.2563329995585173
momentum_20d,20,1999-11-05,-0.8512840178867924,-1.0552329607917041
momentum_20d,20,1999-12-06,11.759051530523024,4.608149145689078
momentum_20d,20,2000-01-04,-2.7134043515460373,0.24489244215409137
momentum_20d,20,2000-02-02,10.861795890737536,2.8608578973254377
momentum_20d,20,2000-03-02,-4.067815515335334,-3.185643519897289
momentum_20d,20,2000-03-30,-0.05605612271243343,2.4540032398783773
momentum_20d,20,2000-04-28,11.968550005105216,6.992309515611235
momentum_20d,20,2000-05-26,-6.14290808438942,-5.385980914369534
momentum_20d,20,2000-06-26,-5.0062615013896306,-1.0174369409128303
momentum_20d,20,2000-07-25,-3.0354388898126654,0.5138882718717392
momentum_20d,20,2000-08-22,-1.5034340079381796,2.144228510884379
momentum_20d,20,2000-09-20,14.260461151204545,7.775729080026843
momentum_20d,20,2000-10-18,-1.7756559522974797,-0.3867453919321676
momentum_20d,20,2000-11-15,2.8752875872701478,-0.13960455041276038
momentum_20d,20,2000-12-14,-3.262412020160081,-2.47830768755503
momentum_20d,20,2001-01-16,2.9485027247924567,2.6792839365140027
momentum_20d,20,2001-02-13,6.473640308332891,4.412282674332228
momentum_20d,20,2001-03-14,2.5594093115625176,2.74111478845885
momentum_20d,20,2001-04-11,-4.06475282930813,-2.55218121615286
momentum_20d,20,2001-05-10,2.6009693534287877,2.7452800225854723
momentum_20d,20,2001-06-08,-6.486081814741739,-4.957050649177327
momentum_20d,20,2001-07-09,-5.430375806907446,-1.9647771610675362
momentum_20d,20,2001-08-06,-5.649051225400751,-0.6466802668700551
momentum_20d,20,2001-09-04,10.134287239220551,2.4394833009240764
momentum_20d,20,2001-10-08,-12.119195195756642,-6.86809381806242
momentum_20d,20,2001-11-05,10.28811194141043,5.692055557300835
momentum_20d,20,2001-12-04,1.0269664778565761,1.9750601986864662
momentum_20d,20,2002-01-03,-4.967251913097788,-2.16675901059797
momentum_20d,20,2002-02-01,2.8855568618149756,3.3598821605076954
momentum_20d,20,2002-03-04,0.19596030908999312,-0.29604841747821553
momentum_20d,20,2002-04-02,0.2983539542782225,0.7406136715615519
momentum_20d,20,2002-04-30,3.4679979529611584,0.3711678512688795
momentum_20d,20,2002-05-29,7.245687497394063,1.3789163171430863
momentum_20d,20,2002-06-26,-3.072664619400093,-1.0697104413041427
momentum_20d,20,2002-07-25,-5.079767825575917,-5.277278947795505
momentum_20d,20,2002-08-22,0.4512722390747809,-2.196340429457644
momentum_20d,20,2002-09-20,-1.4884696124654633,-4.411239651797679
momentum_20d,20,2002-10-18,4.240424208767539,5.986222272834841
momentum_20d,20,2002-11-15,-0.4586041178364141,0.6522675131315585
momentum_20d,20,2002-12-16,-1.3612309020338276,-1.41542880340223
momentum_20d,20,2003-01-15,-2.3262868599760047,-1.1569656090406757
momentum_20d,20,2003-02-13,-5.535032444962359,-1.2030944143039846
momentum_20d,20,2003-03-14,-3.608209481152565,-3.2868837814449083
momentum_20d,20,2003-04-11,-5.095100980468933,-0.8113148971290229
momentum_20d,20,2003-05-12,-0.3642607483698823,-0.41978882847664156
momentum_20d,20,2003-06-10,-0.4382744357692666,-1.3577291686286963
momentum_20d,20,2003-07-09,0.7161053147602403,0.5197348390852212
momentum_20d,20,2003-08-06,4.670718397668572,4.566403491718921
momentum_20d,20,2003-09-04,-4.770684179933564,-3.226161486401099
momentum_20d,20,2003-10-02,-9.82290426861071,-2.5429784507935165
momentum_20d,20,2003-10-30,0.43518112942629117,1.243403151858117
momentum_20d,20,2003-11-28,0.013370754416127317,-0.21481065409882186
momentum_20d,20,2003-12-29,-1.4658546606209835,-2.72158456845429
momentum_20d,20,2004-01-28,-1.496486975101415,1.7859711373169922
momentum_20d,20,2004-02-26,0.8743823177119969,0.0239297645465116
momentum_20d,20,2004-03-25,-2.577422227468666,-1.493642026373073
momentum_20d,20,2004-04-23,0.3852410357118067,0.2749562224570604
momentum_20d,20,2004-05-21,-0.3177519159854499,0.6322586456209238
momentum_20d,20,2004-06-22,7.009598729362295,3.441533990787856
momentum_20d,20,2004-07-21,2.899396294376892,0.5799853176199836
momentum_20d,20,2004-08-18,-1.4392836224421817,-0.44824508603399743
momentum_20d,20,2004-09-16,2.4307702067410433,3.424078778381016
momentum_20d,20,2004-10-14,-0.1737975926966377,-0.9412486336762615
momentum_20d,20,2004-11-11,-0.7705203956270241,-0.7791594387358325
momentum_20d,20,2004-12-10,-0.7086821400610862,-0.8143800691400046
momentum_20d,20,2005-01-10,1.3748342179385586,1.9046228548421418
momentum_20d,20,2005-02-08,4.608201838036437,3.8532627154914825
momentum_20d,20,2005-03-09,-0.49538858888311676,-1.2117160723122598
momentum_20d,20,2005-04-07,1.5164493566682886,0.6587670030897812
momentum_20d,20,2005-05-05,-0.7705686142685815,-1.3170444755715716
momentum_20d,20,2005-06-03,-0.5246910552305823,-2.1736531267272445
momentum_20d,20,2005-07-01,-5.322219080099392,-1.009703571437015
momentum_20d,20,2005-08-01,-0.4354193165724829,0.6193357552510381
momentum_20d,20,2005-08-29,6.095832685491331,4.170817151609133
momentum_20d,20,2005-09-27,-3.128038642305442,-3.5502262564112117
momentum_20d,20,2005-10-25,1.334792591749956,0.31486615479561963
momentum_20d,20,2005-11-22,-1.0218077699878296,0.77683389117796
momentum_20d,20,2005-12-21,1.9523548261309052,1.1141997599663833
momentum_20d,20,2006-01-23,-3.928363893799728,-2.4504977906317116
momentum_20d,20,2006-02-21,3.4788441789580884,0.9049227696867076
momentum_20d,20,2006-03-21,-5.099504505988458,-0.41307375846198663
momentum_20d,20,2006-04-19,-7.117116889620648,-3.9538507230215902
momentum_20d,20,2006-05-17,4.4416431149713675,2.2749373955856482
momentum_20d,20,2006-06-15,4.364317364180826,2.1504533441790414
momentum_20d,20,2006-07-14,1.4626623719589154,-0.2336212253151171
momentum_20d,20,2006-08-11,-1.477578702489087,0.31857921136488887
momentum_20d,20,2006-09-11,3.782524390964903,1.4885786840340178
momentum_20d,20,2006-10-09,-3.1595480097824833,-0.6289069802772034
momentum_20d,20,2006-11-06,2.5293608090536157,2.7435191078622134
momentum_20d,20,2006-12-05,-5.4630867746939815,-3.5474329102803757
momentum_20d,20,2007-01-05,-1.831682739673579,-0.5264692766772106
momentum_20d,20,2007-02-05,1.9418842517134698,3.109891674490765
momentum_20d,20,2007-03-06,1.9838384652780503,0.49417816947731064
momentum_20d,20,2007-04-03,-2.3915719999532348,-0.8243732437809811
momentum_20d,20,2007-05-02,-2.1492266255555004,-1.8923878447668259
momentum_20d,20,2007-05-31,1.2001653449931426,1.3193305871444405
momentum_20d,20,2007-06-28,5.63707652113871,3.1825648084727653
momentum_20d,20,2007-07-27,-1.603553702273201,-1.6314677579252128
momentum_20d,20,2007-08-24,0.19340144794591038,-1.0579619876058786
momentum_20d,20,2007-09-24,4.1762088865069416,1.3372731441941919
momentum_20d,20,2007-10-22,4.729710612527926,1.4383455780426693
momentum_20d,20,2007-11-19,2.3309104708956196,0.22163656004893598
momentum_20d,20,2007-12-18,4.077394100740287,0.34756585409798646
momentum_20d,20,2008-01-17,-8.125154110723916,-3.916339918281623
momentum_20d,20,2008-02-15,2.837281757005798,1.8140098682160637
momentum_20d,20,2008-03-17,1.4259650040894318,1.3677089199035355
momentum_20d,20,2008-04-15,1.9600677868573704,2.611237688712638
momentum_20d,20,2008-05-13,-4.6894770348017145,-0.37546028095097883
momentum_20d,20,2008-06-11,7.9727304149896625,3.557628503693211
momentum_20d,20,2008-07-10,-5.631750101043127,-2.2400626046848267
momentum_20d,20,2008-08-07,5.852115644477307,3.427426418666176
momentum_20d,20,2008-09-05,5.074205142620905,0.8100219486991689
momentum_20d,20,2008-10-03,0.3416894888426853,1.676741784433063
momentum_20d,20,2008-10-31,3.2987318156269354,-4.479418152208111
momentum_20d,20,2008-12-01,-7.972291419073785,-2.666916544568809
momentum_20d,20,2008-12-30,-10.284517337619073,-5.045101814133716
momentum_20d,20,2009-01-29,2.9968699362887152,-1.1537460224897913
momentum_20d,20,2009-02-27,-0.5644163362830209,0.9921995307213827
momentum_20d,20,2009-03-27,9.805149834293195,3.9871542520274175
momentum_20d,20,2009-04-27,1.298557450557536,0.8270752023983455
momentum_20d,20,2009-05-26,-4.069476738360844,-3.5597656056481464
momentum_20d,20,2009-06-23,-0.9233178712080145,-0.3574698550239027
momentum_20d,20,2009-07-22,1.0023022217005757,-0.5165118447503076
momentum_20d,20,2009-08-19,6.833225458041392,2.9917091844650523
momentum_20d,20,2009-09-17,1.7219927293591044,0.45954968382799777
momentum_20d,20,2009-10-15,-1.6517108626289523,-1.0109122781555366
momentum_20d,20,2009-11-12,2.6583655302094207,0.7862331465225525
momentum_20d,20,2009-12-11,-4.436357343337057,-1.9258685260059212
momentum_20d,20,2010-01-12,-4.171671112356224,-2.493735539956095
momentum_20d,20,2010-02-10,-0.8183065381601518,-1.1585509706663575
momentum_20d,20,2010-03-11,4.483605964773278,1.997621166770669
momentum_20d,20,2010-04-09,-1.2599551342209026,0.42016771388180274
momentum_20d,20,2010-05-07,4.673956947137965,2.0872890669103694
momentum_20d,20,2010-06-07,0.9851501548656957,1.3647661996137281
momentum_20d,20,2010-07-06,-3.8483437169932224,-3.0436358101186833
momentum_20d,20,2010-08-03,-0.681506044462173,-0.5611475049394705
momentum_20d,20,2010-08-31,-4.907587631462469,-3.3389876270506194
momentum_20d,20,2010-09-29,3.3651664097957834,1.2559037429331918
momentum_20d,20,2010-10-27,6.226499271335065,3.9654963460741635
momentum_20d,20,2010-11-24,-0.3793542500867942,-0.7093578282569772
momentum_20d,20,2010-12-23,-0.9163124770829219,-0.35791127712684334
momentum_20d,20,2011-01-24,2.5048020688359207,2.345090282990747
momentum_20d,20,2011-02-22,-1.4967798556206704,-0.17692265955117453
momentum_20d,20,2011-03-22,0.6436575270283444,1.3353509781167006
momentum_20d,20,2011-04-19,4.125845027202358,1.3798892352157144
momentum_20d,20,2011-05-18,-0.7026908364042331,-0.7270778147305108
momentum_20d,20,2011-06-16,0.6951047436666007,-0.5910469794424851
momentum_20d,20,2011-07-15,-0.5262932968652139,0.02555728017941868
momentum_20d,20,2011-08-12,5.916894131536547,3.4015431193734478
momentum_20d,20,2011-09-12,1.4611010271030476,-0.12369586402335801
momentum_20d,20,2011-10-10,-4.39487024797686,-0.40286122778837213
momentum_20d,20,2011-11-07,-2.4275136601987324,-1.577879974563597
momentum_20d,20,2011-12-06,2.1482544412384064,1.0230767296360486
momentum_20d,20,2012-01-05,-0.7132565178664084,1.6326354378351244
momentum_20d,20,2012-02-03,-3.7538351291862706,-3.6098718567543577
momentum_20d,20,2012-03-05,0.6486685516394308,0.5902102465842995
momentum_20d,20,2012-04-02,-2.4168539006257,-1.6754630371644486
momentum_20d,20,2012-05-01,6.637912801436677,3.8390600526419663
momentum_20d,20,2012-05-30,1.7733079643844112,1.2304306811495191
momentum_20d,20,2012-06-27,0.4503204166317777,-0.4527252497463848
momentum_20d,20,2012-07-26,-4.712412478276636,-3.0473084286541052
momentum_20d,20,2012-08-23,-0.4031781084081126,-2.105531435139174
momentum_20d,20,2012-09-21,1.284698804564784,1.9635719581051554
momentum_20d,20,2012-10-19,-3.4897294363600597,-1.3736569961159204
momentum_20d,20,2012-11-20,1.8967271333599174,2.078827206351848
momentum_20d,20,2012-12-19,0.8350297589528655,1.386841768789715
momentum_20d,20,2013-01-18,-0.41764712136702264,-0.502760889885238
momentum_20d,20,2013-02-19,-1.775652196609212,-2.163352353480748
momentum_20d,20,2013-03-19,7.756878773416427,5.223666274516395
momentum_20d,20,2013-04-17,-6.291242096857282,-4.227686495710414
momentum_20d,20,2013-05-15,2.669735354308189,0.36703536993707797
momentum_20d,20,2013-06-13,-1.140456583321218,-0.005189904237257181
momentum_20d,20,2013-07-12,-1.7454396808794053,-1.3065112232403329
momentum_20d,20,2013-08-09,1.127406931294047,0.9287422523696631
momentum_20d,20,2013-09-09,1.6169029605319998,1.1232475533628974
momentum_20d,20,2013-10-07,-0.5460369070632373,-0.7415641490749729
momentum_20d,20,2013-11-04,0.06706104059632416,-0.4277626640924052
momentum_20d,20,2013-12-03,0.12222846116477135,-0.21413173350843065
momentum_20d,20,2014-01-02,-3.636388591736465,-0.34578621889251127
momentum_20d,20,2014-01-31,-0.31591808341321725,0.261837322199295
momentum_20d,20,2014-03-03,-4.227698977245076,-2.0109780843311014
momentum_20d,20,2014-03-31,0.9386766185656925,-0.4825965166159925
momentum_20d,20,2014-04-29,-2.8027689796358723,-2.1037171816327955
momentum_20d,20,2014-05-28,0.04803519455354177,1.2342124769918104
momentum_20d,20,2014-06-25,-0.37330850509427194,-1.431891691658945
momentum_20d,20,2014-07-24,1.7182787430139308,1.3731568382297978
momentum_20d,20,2014-08-21,2.452362946128979,1.062593322401876
momentum_20d,20,2014-09-19,4.312698501922312,1.726004197762258
momentum_20d,20,2014-10-17,-0.18477581341102364,-1.3982700215932433
momentum_20d,20,2014-11-14,7.235239965762444,3.1598521820446535
momentum_20d,20,2014-12-15,1.5376186717959337,1.5658736706221792
momentum_20d,20,2015-01-14,-5.41736123577582,-4.434070672645744
momentum_20d,20,2015-02-12,-0.750859441075898,-1.3322428098165564
momentum_20d,20,2015-03-13,-2.6184629860178554,-0.5156914478609849
momentum_20d,20,2015-04-13,-2.099256532966054,-0.7042647393006825
momentum_20d,20,2015-05-11,0.6867925664269933,0.08796187944553427
momentum_20d,20,2015-06-09,-0.24732952599767105,-1.4356762739117381
momentum_20d,20,2015-07-08,6.775801790686724,0.5344279307912665
momentum_20d,20,2015-08-05,-2.524178395845604,-1.0109024951183119
momentum_20d,20,2015-09-02,1.5256570432430485,1.3928301564695302
momentum_20d,20,2015-10-01,-4.067816347853737,-2.9104305106968447
momentum_20d,20,2015-10-29,1.3115043189173115,0.1717021139863088
momentum_20d,20,2015-11-27,-4.297377728993467,-0.37952626130070743
momentum_20d,20,2015-12-28,8.075849580426036,5.960800335862223
momentum_20d,20,2016-01-27,-0.9317476524430601,0.21473936641526561
momentum_20d,20,2016-02-25,1.0773896551850903,1.3821934708680983
momentum_20d,20,2016-03-24,4.1583408290250645,2.201654307587564
momentum_20d,20,2016-04-22,-2.8583981731545487,-0.43992121851310256
momentum_20d,20,2016-05-20,2.821120888498574,2.8959370480335105
momentum_20d,20,2016-06-20,1.9078311054150883,1.780616410673419
momentum_20d,20,2016-07-19,1.0603692227376116,0.5857277602535109
momentum_20d,20,2016-08-16,2.459876441469614,1.5906627816306103
momentum_20d,20,2016-09-14,2.676323713960009,1.7895347589499326
momentum_20d,20,2016-10-12,1.250481831317348,-1.16168729364761
momentum_20d,20,2016-11-09,6.206469006768715,4.998166549293407
momentum_20d,20,2016-12-08,-4.243854601970139,-2.3316690481219244
momentum_20d,20,2017-01-09,0.7996654710854201,-0.4219306338362279
momentum_20d,20,2017-02-07,1.4809819902650179,-0.5844238583254373
momentum_20d,20,2017-03-08,-2.387714412093337,-0.650700521913224
momentum_20d,20,2017-04-05,-1.8669537699752177,-1.2702588690133445
momentum_20d,20,2017-05-04,1.3280064765483344,1.0901078470091141
momentum_20d,20,2017-06-02,-7.264532065432003,-3.847621614149488
momentum_20d,20,2017-06-30,-2.538083770097632,-0.8107914264750956
momentum_20d,20,2017-07-31,-0.7894059528881484,-1.0176684317208786
momentum_20d,20,2017-08-28,-4.437209844829496,-1.9109479354925092
momentum_20d,20,2017-09-26,1.7482697110579852,-0.7610303262293616
momentum_20d,20,2017-10-24,-0.6032415142803764,0.04348905910625718
momentum_20d,20,2017-11-21,-6.728090217755615,-4.951511226500468
momentum_20d,20,2017-12-20,7.747443259192617,1.9777650204782098
momentum_20d,20,2018-01-22,-1.8477987236552882,-2.0401022794001507
momentum_20d,20,2018-02-20,2.1917853791740347,0.823191261539602
momentum_20d,20,2018-03-20,-6.390334378004854,-1.6351021412137918
momentum_20d,20,2018-04-18,-0.716458787617591,0.00402384549119302
momentum_20d,20,2018-05-16,-1.8704802821789175,-2.5608765962193596
momentum_20d,20,2018-06-14,0.3115733380347726,1.4301396118240182
momentum_20d,20,2018-07-13,-0.32907441629152673,-0.7460683496632832
momentum_20d,20,2018-08-10,4.111803042729263,0.9418863118990132
momentum_20d,20,2018-09-10,-0.9939425583084804,0.225559790571724
momentum_20d,20,2018-10-08,-5.579047335333886,-3.380921844992509
momentum_20d,20,2018-11-05,4.389425443469581,3.4208711953588247
momentum_20d,20,2018-12-04,-1.5062556859177605,-0.6184352915912312
momentum_20d,20,2019-01-04,-2.072608426625444,-1.3093631015717846
momentum_20d,20,2019-02-04,0.8729831491524287,1.123811945019345
momentum_20d,20,2019-03-05,1.0355236844163063,0.0018973713912610417
momentum_20d,20,2019-04-02,2.654167694967839,0.6638435241299849
momentum_20d,20,2019-05-01,-4.6499619787829385,-3.1430276667396098
momentum_20d,20,2019-05-30,-4.417374334322352,-1.9116115575014285
momentum_20d,20,2019-06-27,0.8613251785812995,-0.024132911485737672
momentum_20d,20,2019-07-26,-4.712742095576106,-2.8596431874743367
momentum_20d,20,2019-08-23,-6.301624648242117,-2.064112463695052
momentum_20d,20,2019-09-23,-1.145653533703428,-0.6976189263233734
momentum_20d,20,2019-10-21,-1.2371913671838728,-0.8453225570262032
momentum_20d,20,2019-11-18,2.997454667568422,0.88010720957263
momentum_20d,20,2019-12-17,-1.0025779841017122,-1.2917577120644528
momentum_20d,20,2020-01-16,6.946762496493342,2.2224943348725894
momentum_20d,20,2020-02-14,5.8713119917289305,0.8205172812345082
momentum_20d,20,2020-03-16,0.8301108813824138,-1.0654200081849474
momentum_20d,20,2020-04-14,7.671645275894592,2.1921718522835976
momentum_20d,20,2020-05-12,-3.062538033604515,0.7039420275247288
momentum_20d,20,2020-06-10,-3.8290085169114403,-5.843098422142287
momentum_20d,20,2020-07-09,-2.583145438473785,-0.573784413129667
momentum_20d,20,2020-08-06,-0.6631046170605245,-1.9562465516542948
momentum_20d,20,2020-09-03,2.754043730439641,1.0155943060437878
momentum_20d,20,2020-10-02,-0.7142331495333573,0.28138985364707747
momentum_20d,20,2020-10-30,2.0350063093757935,-0.7276374915149653
momentum_20d,20,2020-11-30,4.0481370417519456,0.8080601926608569
momentum_20d,20,2020-12-29,2.878930121311833,2.554673858320111
momentum_20d,20,2021-01-28,4.53293539075467,5.920163704554641
momentum_20d,20,2021-02-26,-2.9646426749624593,0.17841012888640445
momentum_20d,20,2021-03-26,-3.7935249254025027,-2.9298673780098428
momentum_20d,20,2021-04-26,-7.419744540167976,-2.4572903733680747
momentum_20d,20,2021-05-24,-5.0624495325900565,-3.028763194892836
momentum_20d,20,2021-06-22,-1.1940912073422516,-3.4386462726286537
momentum_20d,20,2021-07-21,-2.2408327093185263,-1.5633743779396563
momentum_20d,20,2021-08-18,-7.864111149535416,-3.3303093268974626
momentum_20d,20,2021-09-16,4.072509378067039,3.2681595351852297
momentum_20d,20,2021-10-14,-2.6180585050234386,-1.2682085490073103
momentum_20d,20,2021-11-11,1.37692485201029,-0.5553983459666734
momentum_20d,20,2021-12-10,-1.9563315881641248,0.6145764885207683
momentum_20d,20,2022-01-10,9.369363328550202,6.600775204901684
momentum_20d,20,2022-02-08,6.388872018904279,4.004184342121472
momentum_20d,20,2022-03-09,4.762256489072211,2.3937670316373545
momentum_20d,20,2022-04-06,-1.7050880467571305,-0.20989160634425538
momentum_20d,20,2022-05-05,5.617042367737901,3.6390539142125276
momentum_20d,20,2022-06-03,-11.321459208714064,-8.660862729354657
momentum_20d,20,2022-07-05,-8.939491898515255,-3.8012598905350212
momentum_20d,20,2022-08-02,1.012818627961857,0.336735588272293
momentum_20d,20,2022-08-30,-1.4501584745205132,-0.8844774724553028
momentum_20d,20,2022-09-28,-3.5900241735450518,-0.99796543495968
momentum_20d,20,2022-10-26,0.014318396790143767,3.162285606624149
momentum_20d,20,2022-11-23,-0.014322259391741365,-0.18541353794267285
momentum_20d,20,2022-12-22,-12.568147035421942,-6.7502196546897
momentum_20d,20,2023-01-24,3.290777583524211,1.5864341892375549
momentum_20d,20,2023-02-22,5.690501928844008,2.64604589021636
momentum_20d,20,2023-03-22,-4.503370115507332,-2.8249465147266934
momentum_20d,20,2023-04-20,-10.766443553171179,-6.440946976648276
momentum_20d,20,2023-05-18,6.7385714303264495,4.255325315384684
momentum_20d,20,2023-06-16,5.7927578899631325,1.8733162479022791
momentum_20d,20,2023-07-18,-3.41923935421952,-1.4994317629808442
momentum_20d,20,2023-08-15,-1.8140420579290588,-0.5132815873861312
momentum_20d,20,2023-09-13,-0.8333864397985671,-1.6148663433227
momentum_20d,20,2023-10-11,-2.648398779250035,-1.5402271149624522
momentum_20d,20,2023-11-08,0.8454497643689107,-0.16215753394233828
momentum_20d,20,2023-12-07,0.5702367559830519,1.353564731797722
momentum_20d,20,2024-01-08,7.294300894739565,1.5437853889926099
momentum_20d,20,2024-02-06,1.2362294819895665,3.518859072199524
momentum_20d,20,2024-03-06,0.7020036045930711,0.1470850198375266
momentum_20d,20,2024-04-04,-0.9250304362648547,-2.1185633513004993
momentum_20d,20,2024-05-02,0.466090624124978,-1.4383436342585432
momentum_20d,20,2024-05-31,2.873547766309092,-0.5952331154975992
momentum_20d,20,2024-07-01,-10.739632966501663,-4.809242533236509
momentum_20d,20,2024-07-30,-0.6615718168824298,0.45739838301020647
momentum_20d,20,2024-08-27,-1.038491751554075,-0.37171163218527126
momentum_20d,20,2024-09-25,-0.4601375877555231,-0.8486481563978169
momentum_20d,20,2024-10-23,2.2802952761510196,1.3169537598650805
momentum_20d,20,2024-11-20,2.551737788388135,-1.599560777161731
momentum_20d,20,2024-12-19,-4.565924924009128,-1.6161774699608777
momentum_20d,20,2025-01-22,-3.9904823384623054,-1.994534349606895
momentum_20d,20,2025-02-20,5.542480612860593,3.6418001390147317
momentum_20d,20,2025-03-20,2.4666798214433445,-0.2046584519103778
momentum_20d,20,2025-04-17,-7.11036304061869,-9.620655809038169
momentum_20d,20,2025-05-16,2.3046039886078007,1.1249583475191636
momentum_20d,20,2025-06-16,0.9413892466970589,-0.27356758482895616
momentum_20d,20,2025-07-16,2.702337715337437,-0.09113933083835235
momentum_20d,20,2025-08-13,-1.7894840898228237,0.16070811968063037
momentum_20d,20,2025-09-11,-1.1177250622016501,-1.6522544902731713
momentum_20d,20,2025-10-09,2.6653680370163175,-0.02920097026603008
momentum_20d,20,2025-11-06,2.39687644952683,1.9911817024139171
momentum_20d,20,2025-12-05,-0.3560439019484182,0.2504396281081641
momentum_20d,20,2026-01-06,-2.1264385335346434,1.9694036303396611
momentum_20d,20,2026-02-04,1.366049687268678,1.7277981676776448
momentum_20d,20,2026-03-05,3.9892161825194803,4.057033653017383
momentum_20d,20,2026-04-02,-6.051058438112919,-9.33607098201219
momentum_20d,20,2026-05-01,12.40762683122706,4.416886856998378
momentum_20d,20,2026-06-01,4.587426278806368,6.283955279792586
momentum_20d,20,2026-06-30,-8.495460272939766,-5.3398407329176525
momentum_20d,20,2026-07-29,-4.904357009543288,-2.3585273186703075
momentum_20d,60,1999-01-22,-7.3613394580796925,-2.720747063022692
momentum_20d,60,1999-04-20,-3.091087262453566,-2.041876041852264
momentum_20d,60,1999-07-15,-0.14785506919713365,0.829918895488091
momentum_20d,60,1999-10-08,6.18228737450253,6.462261452767755
momentum_20d,60,2000-01-04,1.7310482262035913,-2.280383661929271
momentum_20d,60,2000-03-30,-9.462979431679123,-4.118353393884785
momentum_20d,60,2000-06-26,1.7305330055169692,0.6601794726716441
momentum_20d,60,2000-09-20,11.861795553168333,10.878780216635771
momentum_20d,60,2000-12-14,8.635506139267267,7.2693478442174815
momentum_20d,60,2001-03-14,-3.2282570235685557,-0.845528145431255
momentum_20d,60,2001-06-08,-9.976977452524627,-6.840980453620659
momentum_20d,60,2001-09-04,-8.731756168297643,-2.7398129603564874
momentum_20d,60,2001-12-04,-2.01311370988713,1.0806179960535935
momentum_20d,60,2002-03-04,6.584178139922203,4.5781370484690855
momentum_20d,60,2002-05-29,6.336176053858438,-0.5881856300254136
momentum_20d,60,2002-08-22,1.5606836592495843,-1.577569519557831
momentum_20d,60,2002-11-15,-4.18708025110941,-1.1002436845488481
momentum_20d,60,2003-02-13,-14.52497224966153,-6.219153719928397
momentum_20d,60,2003-05-12,6.615406865451819,4.516774356209266
momentum_20d,60,2003-08-06,9.09475083622439,8.712272769406205
momentum_20d,60,2003-10-30,-8.95517538615574,-4.142377886716245
momentum_20d,60,2004-01-28,-2.557661753642692,1.5874550574012252
momentum_20d,60,2004-04-23,6.555985248812797,4.132677119610618
momentum_20d,60,2004-07-21,9.813762094308585,5.934638908742462
momentum_20d,60,2004-10-14,-2.4007935113703915,-2.091920334421604
momentum_20d,60,2005-01-10,3.9376139541623814,3.6748189768387896
momentum_20d,60,2005-04-07,5.816399802430682,4.108329433644972
momentum_20d,60,2005-07-01,3.803193946833605,5.323355485312461
momentum_20d,60,2005-09-27,-6.776502863342312,-4.43933086553557
momentum_20d,60,2005-12-21,0.7330524854264923,-0.6577889094802503
momentum_20d,60,2006-03-21,-0.41220718754976965,1.7147463603724322
momentum_20d,60,2006-06-15,8.411612029860043,3.9738344295921233
momentum_20d,60,2006-09-11,-3.057595997037469,1.4060188900355763
momentum_20d,60,2006-12-05,0.23425899613041706,1.5324769582779765
momentum_20d,60,2007-03-06,2.4470684615917797,-0.10800260964131485
momentum_20d,60,2007-05-31,2.089136884982471,2.4672426868894552
momentum_20d,60,2007-08-24,7.2984198165155085,1.0951698299212054
momentum_20d,60,2007-11-19,3.3759937406532083,1.369510694627988
momentum_20d,60,2008-02-15,7.477491936935876,6.047394498350292
momentum_20d,60,2008-05-13,-7.727256089711703,0.369338780345807
momentum_20d,60,2008-08-07,5.8063385087052115,1.6651935833416027
momentum_20d,60,2008-10-31,7.712615464715338,-2.1917342897894225
momentum_20d,60,2009-01-29,-18.85640092952358,-10.925451162182325
momentum_20d,60,2009-04-27,-1.7712170452599985,-1.5485485309701286
momentum_20d,60,2009-07-22,2.244727391110257,-1.3221460495789796
momentum_20d,60,2009-10-15,-4.794446601160847,-1.2612795937022505
momentum_20d,60,2010-01-12,-1.6384596842951387,-1.4239551143923057
momentum_20d,60,2010-04-09,-7.230242970837912,-1.8812972102930832
momentum_20d,60,2010-07-06,-4.611014640044267,-1.611279762957148
momentum_20d,60,2010-09-29,7.389206817863325,2.9700679306687556
momentum_20d,60,2010-12-23,4.229142521952804,2.8884464642271386
momentum_20d,60,2011-03-22,4.280877074752883,3.9882321037942834
momentum_20d,60,2011-06-16,5.162020929696683,4.130299895677222
momentum_20d,60,2011-09-12,-2.0017734925886987,-2.0624602831462875
momentum_20d,60,2011-12-06,-1.552037626435617,-1.5369826263008055
momentum_20d,60,2012-03-05,5.897575123347605,2.8591059166645465
momentum_20d,60,2012-05-30,-3.9079271093377534,-2.5062293127739554
momentum_20d,60,2012-08-23,-3.6146091609358444,-3.4811404086545594
momentum_20d,60,2012-11-20,4.213898352613129,4.281833927707446
momentum_20d,60,2013-02-19,-1.7502064089753189,-1.8178768140374668
momentum_20d,60,2013-05-15,1.0177538122244092,-1.0489837746542365
momentum_20d,60,2013-08-09,2.7668016250970817,1.680516978262947
momentum_20d,60,2013-11-04,-2.7660966774931866,-2.070537948874007
momentum_20d,60,2014-01-31,-2.088717077755116,-0.1478881358303319
momentum_20d,60,2014-04-29,-4.694801439910204,-2.8497864276466904
momentum_20d,60,2014-07-24,-4.162562096460198,-0.414791991390077
momentum_20d,60,2014-10-17,7.756414488067846,2.511738912018939
momentum_20d,60,2015-01-14,-5.119006359383764,-4.29474603337023
momentum_20d,60,2015-04-13,0.9581625713279177,-0.9954805693714245
momentum_20d,60,2015-07-08,10.134704802605828,4.3064682808183505
momentum_20d,60,2015-10-01,1.9120120721497602,0.14439568421929688
momentum_20d,60,2015-12-28,4.807904966395549,6.670702340869432
momentum_20d,60,2016-03-24,3.00586306919471,4.1392860132947105
momentum_20d,60,2016-06-20,-0.7786148815120778,0.8613371266132966
momentum_20d,60,2016-09-14,7.026538404434373,6.057045217927159
momentum_20d,60,2016-12-08,-8.677645865994677,-5.579304846241647
momentum_20d,60,2017-03-08,1.466913803215397,-1.5335354528270249
momentum_20d,60,2017-06-02,-1.2574337701919107,-0.0872478277147056
momentum_20d,60,2017-08-28,1.595623962885247,2.4317157821305795
momentum_20d,60,2017-11-21,-7.8050082307718105,-5.4372145496996644
momentum_20d,60,2018-02-20,-0.5480267390778966,0.6657823636886901
momentum_20d,60,2018-05-16,-6.976697533141689,-5.688362085626516
momentum_20d,60,2018-08-10,2.736842008400235,0.5531016367129382
momentum_20d,60,2018-11-05,2.8178096932681327,1.9543025005689052
momentum_20d,60,2019-02-04,3.265174907049103,2.226469382283258
momentum_20d,60,2019-05-01,2.633620115135045,0.19785933992477744
momentum_20d,60,2019-07-26,-0.18820931222258697,0.4945333117943244
momentum_20d,60,2019-10-21,3.473614714792968,0.26730256252869655
momentum_20d,60,2020-01-16,18.19573628469722,3.8703764133224294
momentum_20d,60,2020-04-14,19.285155406982778,10.645159201019139
momentum_20d,60,2020-07-09,2.16885236739874,-1.0194213174161693
momentum_20d,60,2020-10-02,-14.451638206900693,-6.6326175535213405
momentum_20d,60,2020-12-29,8.92306538429828,11.58981534128402
momentum_20d,60,2021-03-26,-5.664073590062587,-4.883442798630186
momentum_20d,60,2021-06-22,-1.7287901019014562,-3.7330548832742894
momentum_20d,60,2021-09-16,8.076289410361143,5.526979989294856
momentum_20d,60,2021-12-10,1.9923323542750135,2.5496466434070704
momentum_20d,60,2022-03-09,14.268291777940048,11.092810999274635
momentum_20d,60,2022-06-03,-5.751751853256248,-3.213729465082508
momentum_20d,60,2022-08-30,3.170833567723863,4.620782497502392
momentum_20d,60,2022-11-23,-0.6763008488538096,1.9116684323156903
momentum_20d,60,2023-02-22,13.56397929323705,5.651371641224823
momentum_20d,60,2023-05-18,5.406795405073912,3.4815466972910305
momentum_20d,60,2023-08-15,-5.379449191001292,-4.395961582207927
momentum_20d,60,2023-11-08,-0.06709734530612951,-5.270758845558396
momentum_20d,60,2024-02-06,-2.222393207991713,1.2841103407615426
momentum_20d,60,2024-05-02,-0.9056283242201795,-2.564973691531214
momentum_20d,60,2024-07-30,2.9057498014112872,3.3550125552533596
momentum_20d,60,2024-10-23,-0.7023650846148422,-3.050436474645009
momentum_20d,60,2025-01-22,-9.131529623780674,-3.3412563274062244
momentum_20d,60,2025-04-17,-15.717099689314548,-15.864779154360287
momentum_20d,60,2025-07-16,7.644040721017167,2.6424440079222844
momentum_20d,60,2025-10-09,0.8401527259310315,0.05677598102991066
momentum_20d,60,2026-01-06,-4.3066327735922485,3.635739841379685
momentum_20d,60,2026-04-02,-9.412562374715712,-17.506221993336002
momentum_20d,120,1999-01-22,-6.774220361079056,-6.5627654391726535
momentum_20d,120,1999-07-15,15.259461821677547,9.464440806346563
momentum_20d,120,2000-01-04,-16.801698505410588,-10.954932318153961
momentum_20d,120,2000-06-26,-8.059097132280394,3.1608156804933007
momentum_20d,120,2000-12-14,10.334341887905747,8.095560557250742
momentum_20d,120,2001-06-08,-2.0763185494224663,-4.3652283866128405
momentum_20d,120,2001-12-04,-11.198627550417354,-2.4686788447071213
momentum_20d,120,2002-05-29,1.6523392351418345,-4.040498013764349
momentum_20d,120,2002-11-15,8.89965951803765,6.613806611545862
momentum_20d,120,2003-05-12,25.167963861194348,17.101612443790195
momentum_20d,120,2003-10-30,-13.370368860420017,-6.40485749084686
momentum_20d,120,2004-04-23,7.879175796640128,5.4470294715972125
momentum_20d,120,2004-10-14,8.353495196265094,7.404259466351533
momentum_20d,120,2005-04-07,12.200660708247547,10.243264271156798
momentum_20d,120,2005-09-27,-5.060389492332536,-4.6478570247048605
momentum_20d,120,2006-03-21,0.9108101047326622,1.219394436951097
momentum_20d,120,2006-09-11,-6.051296704532216,0.006611835831741668
momentum_20d,120,2007-03-06,8.048074879640563,1.0508123219450085
momentum_20d,120,2007-08-24,6.588989948646051,0.6834613874946955
momentum_20d,120,2008-02-15,-4.158894275483452,0.67656889283364
momentum_20d,120,2008-08-07,-3.034855028708957,-1.9525113692055895
momentum_20d,120,2009-01-29,-19.972709382856685,-12.726938398342227
momentum_20d,120,2009-07-22,2.80478021384456,0.08072192622524307
momentum_20d,120,2010-01-12,-9.14427307614338,-4.417493918016727
momentum_20d,120,2010-07-06,-17.8390471196381,-9.153658114279823
momentum_20d,120,2010-12-23,-6.476958876990039,-2.5058524818297734
momentum_20d,120,2011-06-16,6.87905258444772,3.7800386560900936
momentum_20d,120,2011-12-06,3.4292805853391304,1.0764465038990942
momentum_20d,120,2012-05-30,-2.987084033178751,-2.3091203083300593
momentum_20d,120,2012-11-20,8.018170920520484,4.665080832441459
momentum_20d,120,2013-05-15,2.926364707262541,-1.2284364212655108
momentum_20d,120,2013-11-04,-4.410306046242418,-2.7084719835208144
momentum_20d,120,2014-04-29,-5.440085253201381,-3.673565189314106
momentum_20d,120,2014-10-17,0.8496826050478631,-2.915372145753696
momentum_20d,120,2015-04-13,0.49206670204737374,-3.9363103637436634
momentum_20d,120,2015-10-01,8.212055051533884,6.506563294296612
momentum_20d,120,2016-03-24,3.357254295069316,0.8628968122628367
momentum_20d,120,2016-09-14,12.794786913295223,8.549614637270071
momentum_20d,120,2017-03-08,4.78921626837201,1.4821666566509815
momentum_20d,120,2017-08-28,-12.72436279952935,-9.13806460990073
momentum_20d,120,2018-02-20,2.7320935662708363,3.7911472683369216
momentum_20d,120,2018-08-10,1.7713002226278436,1.0914432568522314
momentum_20d,120,2019-02-04,1.2988001016081885,1.6728724207972334
momentum_20d,120,2019-07-26,4.312142707766542,2.835305361780434
momentum_20d,120,2020-01-16,26.798521918937766,7.190416074723127
momentum_20d,120,2020-07-09,-0.09954732489364168,5.182861983738252
momentum_20d,120,2020-12-29,11.690515262248468,13.389443621401146
momentum_20d,120,2021-06-22,2.0732189004578925,-1.0498660603819023
momentum_20d,120,2021-12-10,3.773488840772184,5.045882104082681
momentum_20d,120,2022-06-03,2.148315596770182,-0.7846334815045634
momentum_20d,120,2022-11-23,-3.363366447388331,0.7180190067317183
momentum_20d,120,2023-05-18,11.49898748094447,6.115574493679047
momentum_20d,120,2023-11-08,-1.621384553446633,-0.8309462133340458
momentum_20d,120,2024-05-02,4.0983813168211904,-0.9462667945253264
momentum_20d,120,2024-10-23,0.01690047253529725,4.40739678875223
momentum_20d,120,2025-04-17,-26.042788456603855,-22.20401683078835
momentum_20d,120,2025-10-09,-3.4260290812873224,6.344475469480722
momentum_60d,5,1999-03-22,1.2290456398514116,-0.7624269329369289
momentum_60d,5,1999-03-29,1.218032502200809,-0.8238867751397002
momentum_60d,5,1999-04-06,-0.7049266168278315,1.3725410167149046
momentum_60d,5,1999-04-13,-1.331150163394483,3.6480308248484064
momentum_60d,5,1999-04-20,-3.0538307790371295,-3.782263332146892
momentum_60d,5,1999-04-27,6.764402170190753,8.143596858126916
momentum_60d,5,1999-05-04,0.10930328538103859,-0.7702921925498596
momentum_60d,5,1999-05-11,-3.6191112739222966,-3.7234477883368235
momentum_60d,5,1999-05-18,0.42183451436954184,3.3778536319090926
momentum_60d,5,1999-05-25,-0.26603220452195986,-0.6228520502755797
momentum_60d,5,1999-06-02,0.0627014853200973,-0.34008171552932787
momentum_60d,5,1999-06-09,3.0126835457870946,1.9475353872582701
momentum_60d,5,1999-06-16,-1.5318790367787385,-1.7405665050754398
momentum_60d,5,1999-06-23,-3.4537061233708513,-2.34330542038866
momentum_60d,5,1999-06-30,1.4693400392175262,-0.3295072685710535
momentum_60d,5,1999-07-08,-0.9317447216003472,-1.0036535429047588
momentum_60d,5,1999-07-15,0.19633989462943813,0.6228407689664595
momentum_60d,5,1999-07-22,0.061406595867926225,-0.42433253640803786
momentum_60d,5,1999-07-29,1.911759482745749,1.170198612069869
momentum_60d,5,1999-08-05,0.3182008895180906,0.7549180394822108
momentum_60d,5,1999-08-12,-2.246245438572399,-1.0283958750945046
momentum_60d,5,1999-08-19,-2.373932539023256,-3.0719917784543043
momentum_60d,5,1999-08-26,2.2139616224594705,1.2511236574044848
momentum_60d,5,1999-09-02,1.9503033257142126,1.6905927100496025
momentum_60d,5,1999-09-10,-0.39996002252181323,0.06253837850348498
momentum_60d,5,1999-09-17,-1.1931253544218903,-0.9048736273593261
momentum_60d,5,1999-09-24,-0.06146968090711136,0.9142129806699595
momentum_60d,5,1999-10-01,-2.570030314195245,-1.1204937066857177
momentum_60d,5,1999-10-08,-0.309041197949537,1.2412115397526144
momentum_60d,5,1999-10-15,-3.430326442742178,0.3099244933610542
momentum_60d,5,1999-10-22,-5.079339188199583,-3.6180290675504136
momentum_60d,5,1999-10-29,3.507647464044772,1.0798892629942825
momentum_60d,5,1999-11-05,-0.7747021087879278,0.9910013184279162
momentum_60d,5,1999-11-12,-0.9857653326382887,-1.0040461666931586
momentum_60d,5,1999-11-19,0.8395627898804436,-1.569730287301474
momentum_60d,5,1999-11-29,0.7344073729429024,1.4678372227382441
momentum_60d,5,1999-12-06,2.6375847708879094,2.3535018775299883
momentum_60d,5,1999-12-13,2.1776546191321815,1.5067165378768768
momentum_60d,5,1999-12-20,0.8361704814030535,0.6249351796514164
momentum_60d,5,1999-12-28,1.8512937715803681,1.5074978417706477
momentum_60d,5,2000-01-04,0.2784917485863513,0.8638545873054496
momentum_60d,5,2000-01-11,1.1810439410862388,-0.39107214617809527
momentum_60d,5,2000-01-19,-3.3722019112546797,-1.2776354451434178
momentum_60d,5,2000-01-26,0.05957721959521933,1.2074600744261401
momentum_60d,5,2000-02-02,1.4436504193960995,-0.659619021511378
momentum_60d,5,2000-02-09,-3.3915740255745286,-1.8976645340425795
momentum_60d,5,2000-02-16,5.829677365161878,2.507028260394413
momentum_60d,5,2000-02-24,-2.0109036745584064,-1.28364404492749
momentum_60d,5,2000-03-02,6.228475037431617,2.206937252030809
momentum_60d,5,2000-03-09,-13.24369732817444,-3.505112868011554
momentum_60d,5,2000-03-16,4.33999244332629,-1.0976482129741747
momentum_60d,5,2000-03-23,-4.172113339769798,1.216641699619451
momentum_60d,5,2000-03-30,-4.128675464804203,-2.321483481968438
momentum_60d,5,2000-04-06,-5.843351200132045,-0.8495729808210303
momentum_60d,5,2000-04-13,-0.6709342382915352,-2.5475394395390554
momentum_60d,5,2000-04-20,-0.9525772485864207,1.507341395068281
momentum_60d,5,2000-04-28,-1.0509578769171655,0.4641782879944101
momentum_60d,5,2000-05-05,4.480718607479228,3.852402093110859
momentum_60d,5,2000-05-12,1.6331547980298418,1.4708155939440304
momentum_60d,5,2000-05-19,4.391895706514641,1.5963536727613785
momentum_60d,5,2000-05-26,-10.473476877376061,-5.851383387775799
momentum_60d,5,2000-06-05,1.0855944319897857,0.4851851242346365
momentum_60d,5,2000-06-12,-2.287547891498942,-3.0941896525435886
momentum_60d,5,2000-06-19,3.091201429864443,0.8623762937898202
momentum_60d,5,2000-06-26,-2.651369534094531,-1.1345368216569653
momentum_60d,5,2000-07-03,-3.3191775829816064,0.41305774137441187
momentum_60d,5,2000-07-11,-0.15824499695810124,-1.9495839969708162
momentum_60d,5,2000-07-18,1.195922946417353,0.9243213348244258
momentum_60d,5,2000-07-25,-0.5237994292636123,1.0145351711920179
momentum_60d,5,2000-08-01,-3.484534628125006,-1.25088500109057
momentum_60d,5,2000-08-08,-1.0277844110437824,-1.331237965526825
momentum_60d,5,2000-08-15,1.3041820886023126,0.09480424258358303
momentum_60d,5,2000-08-22,2.0612227059598047,0.11165024657352474
momentum_60d,5,2000-08-29,1.0136757893823658,1.5085811523202244
momentum_60d,5,2000-09-06,2.819220473215474,-0.29229644293835566
momentum_60d,5,2000-09-13,-2.7611494997953825,-1.2771118036125775
momentum_60d,5,2000-09-20,6.717269010761402,2.821866735899596
momentum_60d,5,2000-09-27,0.05381259919662318,1.28736375330775
momentum_60d,5,2000-10-04,6.493804120867501,0.4063369319450986
momentum_60d,5,2000-10-11,0.46215103443794464,-0.7425952155419673
momentum_60d,5,2000-10-18,-1.948983013801094,-1.7860029101798143
momentum_60d,5,2000-10-25,-3.1740491653800884,-0.8621899411899984
momentum_60d,5,2000-11-01,5.380763116837847,1.2843979257989822
momentum_60d,5,2000-11-08,-4.4990766754595315,-0.7982414142616431
momentum_60d,5,2000-11-15,10.470902977971111,5.77135142315797
momentum_60d,5,2000-11-22,4.493966073036352,-1.698315292955192
momentum_60d,5,2000-11-30,-3.2925390395289744,-0.3558341618779659
momentum_60d,5,2000-12-07,-2.057829083825624,-0.17432728380473161
momentum_60d,5,2000-12-14,6.132021145634647,4.45653077784004
momentum_60d,5,2000-12-21,1.1954180676396384,1.3706849783364192
momentum_60d,5,2000-12-29,-6.421545562604248,-3.541283536530815
momentum_60d,5,2001-01-08,-4.053390968992251,-2.6965811891281666
momentum_60d,5,2001-01-16,-8.159852691017843,-3.7197376727397646
momentum_60d,5,2001-01-23,1.785686026766753,0.7682038545016145
momentum_60d,5,2001-01-30,5.2573218031872715,1.6808567944661716
momentum_60d,5,2001-02-06,4.653789555851188,1.9896670695818426
momentum_60d,5,2001-02-13,-0.44022147257788413,0.19239470532807684
momentum_60d,5,2001-02-21,8.080974292123381,2.596896189537275
momentum_60d,5,2001-02-28,-3.2717880337044183,0.9796214406745903
momentum_60d,5,2001-03-07,0.599479699241708,1.0948809857473742
momentum_60d,5,2001-03-14,2.910991476345537,2.538430820072339
momentum_60d,5,2001-03-21,-3.2785603583490626,-2.6960604410848727
momentum_60d,5,2001-03-28,5.22127004194417,2.233448222044036
momentum_60d,5,2001-04-04,-15.406076270536317,-3.22258377496775
momentum_60d,5,2001-04-11,-13.651995469005143,-5.90710150057622
momentum_60d,5,2001-04-19,7.564822209690048,2.7136857615711163
momentum_60d,5,2001-04-26,-7.738941288676268,-3.703610037878613
momentum_60d,5,2001-05-03,3.475576629729186,1.216865881862169
momentum_60d,5,2001-05-10,-0.02012742638966749,1.0270417208433136
momentum_60d,5,2001-05-17,-3.63787296590109,-2.8175393534985287
momentum_60d,5,2001-05-24,-0.27741142005978103,-0.6734499450736193
momentum_60d,5,2001-06-01,-3.5144365328543667,-0.5801246589901925
momentum_60d,5,2001-06-08,-4.839245110911602,-2.7411547542210353
momentum_60d,5,2001-06-15,2.2094152411378425,0.5051465096942653
momentum_60d,5,2001-06-22,-3.387520398971107,-0.4335806381392193
momentum_60d,5,2001-06-29,-6.859324275293133,-3.7862603109723523
momentum_60d,5,2001-07-09,0.6211604789157202,-1.2107485944672
momentum_60d,5,2001-07-16,0.03029171864829725,0.30959633786511453
momentum_60d,5,2001-07-23,-3.598373640132254,-0.6839845125382975
momentum_60d,5,2001-07-30,-2.272918089015419,-0.48254169422436616
momentum_60d,5,2001-08-06,0.5651310255112008,0.0941654480315468
momentum_60d,5,2001-08-13,1.787779638201592,0.6423929701166786
momentum_60d,5,2001-08-20,-3.7170474728631184,-0.5506816119750197
momentum_60d,5,2001-08-27,-0.8246197139305781,-1.1170375297190671
momentum_60d,5,2001-09-04,4.244420093481875,2.608065060327558
momentum_60d,5,2001-09-17,0.35582768665474507,-3.7373083281308284
momentum_60d,5,2001-09-24,6.4374728869028095,0.17651579421458968
momentum_60d,5,2001-10-01,-9.619364633382007,-1.4232346674787713
momentum_60d,5,2001-10-08,-5.835603728439057,-2.6826444497511592
momentum_60d,5,2001-10-15,-0.06374787760365556,-0.7553002179772579
momentum_60d,5,2001-10-22,0.4832686924968743,1.0421404058598038
momentum_60d,5,2001-10-29,-8.685619384423154,-4.029795911394393
momentum_60d,5,2001-11-05,-2.477979786469246,-0.7102638209368444
momentum_60d,5,2001-11-12,-2.649012060764662,-0.9298597132011088
momentum_60d,5,2001-11-19,-0.033984766503484656,0.31810084928970783
momentum_60d,5,2001-11-27,0.2794825108350496,1.065907824065778
momentum_60d,5,2001-12-04,2.82557028168261,1.996221801580944
momentum_60d,5,2001-12-11,-0.2829069637798091,0.021828907852509495
momentum_60d,5,2001-12-18,-6.198760050458715,-3.4383185549896798
momentum_60d,5,2001-12-26,5.788872202099283,4.181320212577333
momentum_60d,5,2002-01-03,0.3397295575361873,-0.2800588719798528
momentum_60d,5,2002-01-10,-2.164703061456563,-1.3921238070287925
momentum_60d,5,2002-01-17,-1.0801283497626435,-0.5023522005959309
momentum_60d,5,2002-01-25,1.68643108277526,2.3021184734304367
momentum_60d,5,2002-02-01,0.4531234461427373,0.6027079744938768
momentum_60d,5,2002-02-08,1.3003222005471806,1.4365321826919222
momentum_60d,5,2002-02-15,-0.5719968018056706,-0.31080680330232147
momentum_60d,5,2002-02-25,-2.8521605409617496,-1.242905479694567
momentum_60d,5,2002-03-04,-1.9399207138566392,-1.9429226566284135
momentum_60d,5,2002-03-11,-0.2902326955288322,0.049181176466535824
momentum_60d,5,2002-03-18,0.17901166957087952,-0.2904940493096345
momentum_60d,5,2002-03-25,1.8839392313332315,1.3257270419607448
momentum_60d,5,2002-04-02,1.6156816844147899,0.21816834052228082
momentum_60d,5,2002-04-09,-2.975187178734906,-0.03899300439396865
momentum_60d,5,2002-04-16,2.410102786564335,1.6008110254159602
momentum_60d,5,2002-04-23,1.055375290606401,0.8773407549196458
momentum_60d,5,2002-04-30,7.081428192593508,2.5698071803772633
momentum_60d,5,2002-05-07,-7.191134200773079,-1.8241768767074988
momentum_60d,5,2002-05-14,0.8739756134900338,-0.000858158771580945
momentum_60d,5,2002-05-21,1.0058341980242727,0.8127514592673505
momentum_60d,5,2002-05-29,0.12639170815948636,-0.4957822309469062
momentum_60d,5,2002-06-05,4.014555708217778,0.4328368698018892
momentum_60d,5,2002-06-12,1.4591659864721775,-0.17736001748295632
momentum_60d,5,2002-06-19,2.1748829916203043,0.7635211181591235
momentum_60d,5,2002-06-26,0.3655406146810665,-0.7256682932832474
momentum_60d,5,2002-07-03,-3.9084962135496912,-1.2804505339849523
momentum_60d,5,2002-07-11,-3.174508776806025,-0.5835861622592493
momentum_60d,5,2002-07-18,5.755937773146898,0.7132470887968572
momentum_60d,5,2002-07-25,2.7186722317459817,-0.6228901910857825
momentum_60d,5,2002-08-01,-0.8190877095172782,-0.1926276875629851
momentum_60d,5,2002-08-08,-3.5971291293595296,-1.9817848069788073
momentum_60d,5,2002-08-15,-4.940957505201974,-1.3381939701139136
momentum_60d,5,2002-08-22,2.78966831296078,0.5162548523875987
momentum_60d,5,2002-08-29,1.602822155846221,-0.5056538405425341
momentum_60d,5,2002-09-06,1.7735246628225714,0.31683826042227714
momentum_60d,5,2002-09-13,4.274838666190551,2.109767739949664
momentum_60d,5,2002-09-20,-1.7867407499955894,-0.022543566448229857
momentum_60d,5,2002-09-27,2.74998837190249,0.44017939847986004
momentum_60d,5,2002-10-04,-0.11393569904423924,-2.1780752868865383
momentum_60d,5,2002-10-11,0.9567017603601642,-0.46177454160819903
momentum_60d,5,2002-10-18,-6.9251822388756406,-3.262463172374667
momentum_60d,5,2002-10-25,-3.9043101452317672,-0.3474708641102886
momentum_60d,5,2002-11-01,-0.05100340433125865,-0.5412790827498422
momentum_60d,5,2002-11-08,2.837565183001948,1.1524551834679966
momentum_60d,5,2002-11-15,-5.066323305635004,-0.5457345127375317
momentum_60d,5,2002-11-22,1.8265914307050677,0.1896529467886247
momentum_60d,5,2002-12-02,-10.70837533168117,-5.356667453244738
momentum_60d,5,2002-12-09,-0.3909431994135774,-0.4609520931105264
momentum_60d,5,2002-12-16,-0.9646661612379481,-1.4203999995486458
momentum_60d,5,2002-12-23,-3.6830573563262177,-2.0028609020466104
momentum_60d,5,2002-12-31,6.709373625301421,3.5482529746918714
momentum_60d,5,2003-01-08,-0.7170053588569036,-0.4598410549972269
momentum_60d,5,2003-01-15,-2.637687712017167,-0.28040849293273773
momentum_60d,5,2003-01-23,0.2774469637332041,-0.1251347941793342
momentum_60d,5,2003-01-30,0.07501529683650032,-1.0837323883751915
momentum_60d,5,2003-02-06,-0.8998445767535649,-0.39830907537961774
momentum_60d,5,2003-02-13,-2.7740685487198435,0.04163703900861293
momentum_60d,5,2003-02-21,-1.4570330086931502,-0.598312183769778
momentum_60d,5,2003-02-28,2.894110822377527,1.632380244312955
momentum_60d,5,2003-03-07,-1.5492649184413287,-0.6235031608548252
momentum_60d,5,2003-03-14,-2.212821426961035,-0.7605362195710397
momentum_60d,5,2003-03-21,-3.1826340997316698,-1.9963814157322808
momentum_60d,5,2003-03-28,-1.7298105706328615,-2.2060094746719257
momentum_60d,5,2003-04-04,-0.962760879592032,-0.20977968491070845
momentum_60d,5,2003-04-11,-1.0410402740869462,-1.3595593097290823
momentum_60d,5,2003-04-21,-0.743971297107345,-1.1777530775682852
momentum_60d,5,2003-04-28,0.7400308252136704,0.8687687318218599
momentum_60d,5,2003-05-05,0.8283414689543115,1.005801947647892
momentum_60d,5,2003-05-12,-3.3968060415675314,-2.396129042360244
momentum_60d,5,2003-05-19,2.3604806018382885,3.3051486601758606
momentum_60d,5,2003-05-27,1.7452289917846493,0.23050919642108406
momentum_60d,5,2003-06-03,-0.9302565100358281,-1.0336643470467255
momentum_60d,5,2003-06-10,-1.7712988292231557,-2.0292072660775484
momentum_60d,5,2003-06-17,-0.25255825713281777,-0.2614830569766968
momentum_60d,5,2003-06-24,0.6093775440617177,-0.22463133475996155
momentum_60d,5,2003-07-01,4.962520077799973,2.8508754862082557
momentum_60d,5,2003-07-09,0.8275543221476686,-0.26839643514740363
momentum_60d,5,2003-07-16,-2.912523511423333,-0.28470860868210124
momentum_60d,5,2003-07-23,0.3820091942812668,-0.6203122197647959
momentum_60d,5,2003-07-30,-0.820695964416418,0.021061740133191766
momentum_60d,5,2003-08-06,-0.28608304483007296,-0.2944053877515692
momentum_60d,5,2003-08-13,4.723310375181211,3.7306076095290943
momentum_60d,5,2003-08-20,2.875691496661607,2.77109024039337
momentum_60d,5,2003-08-27,0.02423938552342051,-0.9873616838278698
momentum_60d,5,2003-09-04,-1.96072522562409,-0.4987050434892522
momentum_60d,5,2003-09-11,0.17528457769385347,0.053918713231349
momentum_60d,5,2003-09-18,-4.22428580712565,-1.8540499534629291
momentum_60d,5,2003-09-25,-0.5018703933594862,-0.6468035119193101
momentum_60d,5,2003-10-02,2.4170796597850597,1.797192755312545
momentum_60d,5,2003-10-09,1.275300492011544,1.3197393417160899
momentum_60d,5,2003-10-16,-1.1579063730031147,-0.7004656627284038
momentum_60d,5,2003-10-23,2.479881378563864,2.307989759435884
momentum_60d,5,2003-10-30,1.8841936580487495,1.6924989014843368
momentum_60d,5,2003-11-06,-1.8460459251169088,-0.5905887519274382
momentum_60d,5,2003-11-13,-3.579983892202491,-2.315938085296032
momentum_60d,5,2003-11-20,-0.10987195662511091,0.3584702326531519
momentum_60d,5,2003-11-28,-3.011746868664422,-1.196733897508262
momentum_60d,5,2003-12-05,0.05699650942588099,-0.3696128630453136
momentum_60d,5,2003-12-12,0.4514886901907785,-0.06058871206898001
momentum_60d,5,2003-12-19,1.2694036345082038,0.846510782004802
momentum_60d,5,2003-12-29,0.47868129143783616,-0.13665826000863746
momentum_60d,5,2004-01-06,0.7265678173640026,0.2662945905430666
momentum_60d,5,2004-01-13,-1.4180509519840587,-1.8665343128702754
momentum_60d,5,2004-01-21,-0.7830381549213634,-0.4485674783332579
momentum_60d,5,2004-01-28,0.6230866523393552,0.6133488004138525
momentum_60d,5,2004-02-04,-2.3847399323846683,-0.8545845339556454
momentum_60d,5,2004-02-11,0.6703891406648325,0.2980983812790031
momentum_60d,5,2004-02-19,0.42650753033408595,0.718450116022477
momentum_60d,5,2004-02-26,0.35977236207990576,-0.04171157166144024
momentum_60d,5,2004-03-04,2.6755559656909234,1.0355509451855074
momentum_60d,5,2004-03-11,1.315904171619716,1.243363684313311
momentum_60d,5,2004-03-18,-3.3493681782232296,-1.7209408277653087
momentum_60d,5,2004-03-25,-0.527378587647768,-0.7129998676870104
momentum_60d,5,2004-04-01,-2.0756201965742975,-1.0856436878864208
momentum_60d,5,2004-04-08,3.270618352320309,1.2205828161599728
momentum_60d,5,2004-04-16,-1.7778517333721897,-0.8091176636828457
momentum_60d,5,2004-04-23,3.556978329203423,0.7472596086950574
momentum_60d,5,2004-04-30,-2.0448284309929323,-0.6482903246941341
momentum_60d,5,2004-05-07,-1.3466044907310553,-0.6779711338964416
momentum_60d,5,2004-05-14,-2.2561168095861985,-1.2769993298509954
momentum_60d,5,2004-05-21,-1.9542223726314534,-0.4308038418035398
momentum_60d,5,2004-05-28,1.2643201273795333,0.28266168496605315
momentum_60d,5,2004-06-07,2.082063663682935,0.7227408077553288
momentum_60d,5,2004-06-15,-0.08142414539782372,0.02940992229878055
momentum_60d,5,2004-06-22,-0.44972402560491764,0.030971528163807143
momentum_60d,5,2004-06-29,1.5735644764480528,0.48912704998446505
momentum_60d,5,2004-07-07,2.7527108772964457,1.02950474407106
momentum_60d,5,2004-07-14,2.2608662709147227,1.2820391686572306
momentum_60d,5,2004-07-21,0.941145480202769,-0.26331655382785624
momentum_60d,5,2004-07-28,-0.5538693330360906,0.10724279966696226
momentum_60d,5,2004-08-04,1.4938805680629996,0.38570140231837613
momentum_60d,5,2004-08-11,-1.420214074860049,-0.8509893312149797
momentum_60d,5,2004-08-18,-0.21734098112933253,-0.20717603014287858
momentum_60d,5,2004-08-25,2.829790382494768,1.7024318863907058
momentum_60d,5,2004-09-01,1.0455951594263455,0.38279698982853405
momentum_60d,5,2004-09-09,-1.2309058218880582,-0.72884919783337
momentum_60d,5,2004-09-16,0.03502483263614353,1.6527767350773177
momentum_60d,5,2004-09-23,1.6208420710211744,0.3492197367154448
momentum_60d,5,2004-09-30,0.46055902499730905,0.4590073779207578
momentum_60d,5,2004-10-07,1.224912985089932,0.018801527554116827
momentum_60d,5,2004-10-14,-1.5768214498911823,0.016993704601549663
momentum_60d,5,2004-10-21,-2.397582509562527,-1.4630700676333208
momentum_60d,5,2004-10-28,0.6187218627746998,-0.4829411893991257
momentum_60d,5,2004-11-04,-0.1748405534837461,-0.39071322259474445
momentum_60d,5,2004-11-11,1.896995207323493,0.7606383167792237
momentum_60d,5,2004-11-18,0.4397242699123005,0.36139683223920993
momentum_60d,5,2004-11-26,-3.194200846322833,-2.7015645401905486
momentum_60d,5,2004-12-03,-2.308460338047058,-1.9451033095984578
momentum_60d,5,2004-12-10,-0.12897362621731764,-0.15927626847089077
momentum_60d,5,2004-12-17,0.7402832541400728,0.14247749214918076
momentum_60d,5,2004-12-27,0.5662413619394902,-0.08059501213633449
momentum_60d,5,2005-01-03,-0.914274610420962,-0.720055032311399
momentum_60d,5,2005-01-10,-0.945310726249815,0.3707575365388127
momentum_60d,5,2005-01-18,0.3913652982191965,-0.4696929487136625
momentum_60d,5,2005-01-25,0.07844436436562993,1.0366559739802308
momentum_60d,5,2005-02-01,-0.22374605986392737,0.7902683782429346
momentum_60d,5,2005-02-08,0.8384735947093066,0.6532168974197949
momentum_60d,5,2005-02-15,3.3797616007298767,2.0230925303145186
momentum_60d,5,2005-02-23,0.06975540288591078,0.4468710422175522
momentum_60d,5,2005-03-02,0.4922282973193193,0.6618379297527843
momentum_60d,5,2005-03-09,-0.08072383951744921,0.03540572108173083
momentum_60d,5,2005-03-16,0.770684306911725,0.04021644938826767
momentum_60d,5,2005-03-23,0.6428124103583437,0.5784784406768366
momentum_60d,5,2005-03-31,0.8015289190865212,0.3169282201130367
momentum_60d,5,2005-04-07,-1.3023013942650077,-1.3722944520034455
momentum_60d,5,2005-04-14,0.977580347801236,0.2629565900835481
momentum_60d,5,2005-04-21,-0.12178259840744202,-0.01597830699505328
momentum_60d,5,2005-04-28,-0.7675392424176438,-0.6297630983440976
momentum_60d,5,2005-05-05,-1.6979810788466592,-0.47511051305210533
momentum_60d,5,2005-05-12,-1.9934108637565804,-1.6859491960372102
momentum_60d,5,2005-05-19,-1.1946348442454273,-0.7198341674422386
momentum_60d,5,2005-05-26,-0.9037844312189866,0.21860294999046515
momentum_60d,5,2005-06-03,-0.14658539625683753,-0.13908797079230278
momentum_60d,5,2005-06-10,-0.9258034701588147,-0.40855268344338613
momentum_60d,5,2005-06-17,2.6916677068094126,0.9869872177507455
momentum_60d,5,2005-06-24,0.8814390966671692,0.38749711859276115
momentum_60d,5,2005-07-01,-0.29921237279471047,-0.2687672710257457
momentum_60d,5,2005-07-11,-0.7315343945611323,-1.056356053899262
momentum_60d,5,2005-07-18,-0.760148095970925,-0.34745194222812004
momentum_60d,5,2005-07-25,-0.4222561404051122,0.3806171753247748
momentum_60d,5,2005-08-01,0.5448395264728586,0.6070094798767116
momentum_60d,5,2005-08-08,-0.28252879340392073,-0.32306143242303664
momentum_60d,5,2005-08-15,-0.32906691060299675,0.21745422191964772
momentum_60d,5,2005-08-22,1.1309495282996775,1.160247714880395
momentum_60d,5,2005-08-29,2.3048615648143382,1.6209384099676205
momentum_60d,5,2005-09-06,0.045192255888522784,0.17305837548817388
momentum_60d,5,2005-09-13,2.8910670415866404,1.6939094579790703
momentum_60d,5,2005-09-20,-0.7663857700276999,-0.3486291804476793
momentum_60d,5,2005-09-27,0.42701110955520505,0.44674627561990626
momentum_60d,5,2005-10-04,-1.8262615525826456,-1.5350086079707816
momentum_60d,5,2005-10-11,-2.9808790652710653,-2.7380661117221443
momentum_60d,5,2005-10-18,-0.2762062169024563,-0.474201068300902
momentum_60d,5,2005-10-25,1.5622442817384932,0.3560541848235399
momentum_60d,5,2005-11-01,-2.4576009893980495,-0.7791497906966316
momentum_60d,5,2005-11-08,0.01378410735264346,0.2607532108834798
momentum_60d,5,2005-11-15,0.06427115551227806,0.2188629309980946
momentum_60d,5,2005-11-22,0.03893542674297719,0.16871030460174907
momentum_60d,5,2005-11-30,-1.048847702593695,-0.012175955965591328
momentum_60d,5,2005-12-07,-1.5711791717149686,-0.7421169272554502
momentum_60d,5,2005-12-14,0.2814249486267036,0.23194405216335015
momentum_60d,5,2005-12-21,1.1223231367061568,0.7050439269509916
momentum_60d,5,2005-12-29,-3.5779867267470733,-0.818842616607148
momentum_60d,5,2006-01-06,-1.1825345622271257,-1.1469906517359276
momentum_60d,5,2006-01-13,0.16802143405039544,1.4650545871412644
momentum_60d,5,2006-01-23,1.159837481634603,1.1104381973149926
momentum_60d,5,2006-01-30,-0.5673864459438183,-0.05596025472925555
momentum_60d,5,2006-02-06,-3.2821642517908165,-3.3331278271701756
momentum_60d,5,2006-02-13,1.5286062021731734,1.2567249901066426
momentum_60d,5,2006-02-21,-1.9240973642843644,-1.5044240650109342
momentum_60d,5,2006-02-28,-0.5778536689355092,-0.7063022066776077
momentum_60d,5,2006-03-07,0.6938315093026411,-0.1965959216904789
momentum_60d,5,2006-03-14,1.8315021760366552,0.533309074179807
momentum_60d,5,2006-03-21,0.4128365602393935,0.3218703207593987
momentum_60d,5,2006-03-28,1.3965284306499866,0.9989686359031857
momentum_60d,5,2006-04-04,1.7599469326427013,1.204630299982464
momentum_60d,5,2006-04-11,2.6805102847249866,2.868332579940658
momentum_60d,5,2006-04-19,-0.528788024720513,0.17804815287092807
momentum_60d,5,2006-04-26,0.2807072919986239,0.2617850054310663
momentum_60d,5,2006-05-03,2.10965142446468,0.8731279722019888
momentum_60d,5,2006-05-10,-4.015033398884638,-2.3883122985636147
momentum_60d,5,2006-05-17,-0.518252442381495,-1.2941121644092521
momentum_60d,5,2006-05-24,-0.2603725598722203,-0.17592215529017946
momentum_60d,5,2006-06-01,-1.3003968676266224,-2.0399770296357906
momentum_60d,5,2006-06-08,-0.06913482081468322,0.20678983275138987
momentum_60d,5,2006-06-15,0.29284025803494684,-0.08033266279019088
momentum_60d,5,2006-06-22,0.8457994112245719,-0.39326229388863726
momentum_60d,5,2006-06-29,2.487296246257024,1.0160458693200036
momentum_60d,5,2006-07-07,4.535313372946867,2.7662290191119694
momentum_60d,5,2006-07-14,2.186247927897563,-0.8461058292807669
momentum_60d,5,2006-07-21,-2.6964941887745417,-1.2737648691787395
momentum_60d,5,2006-07-28,-0.193465323415228,-0.2134338339233118
momentum_60d,5,2006-08-04,1.1872666118201591,0.594980445418114
momentum_60d,5,2006-08-11,-5.6440341458041114,-2.349314113405972
momentum_60d,5,2006-08-18,2.459563340781945,1.2900479341111568
momentum_60d,5,2006-08-25,-1.1421579421202996,0.2517376825700227
momentum_60d,5,2006-09-01,-0.48789116854027015,0.27299575743795124
momentum_60d,5,2006-09-11,-2.4652242352033933,-1.9435786507368251
momentum_60d,5,2006-09-18,1.5124542920822326,-0.12772991501552866
momentum_60d,5,2006-09-25,-1.8861314978623276,-0.28644816318873867
momentum_60d,5,2006-10-02,0.2699731345244076,-0.4183138847087949
momentum_60d,5,2006-10-09,-2.22490580642493,-0.07660784187193403
momentum_60d,5,2006-10-16,-2.7074328100284095,-1.954523736293301
momentum_60d,5,2006-10-23,-0.1043133833464401,0.03839732183107403
momentum_60d,5,2006-10-30,-0.732262851670092,-0.15427022901555176
momentum_60d,5,2006-11-06,0.8288339407373575,0.9999403198306093
momentum_60d,5,2006-11-13,0.8467809935566432,0.2779875621280533
momentum_60d,5,2006-11-20,-1.4572234973732168,-0.31833179682454105
momentum_60d,5,2006-11-28,0.7293314031588949,0.00037456543831767186
momentum_60d,5,2006-12-05,-0.15980601791755572,-0.7201795606598838
momentum_60d,5,2006-12-12,0.6768197281939003,0.16629310020122762
momentum_60d,5,2006-12-19,-0.7724488389114326,-0.7008120848478534
momentum_60d,5,2006-12-27,-3.098080092747557,-1.7098093831881656
momentum_60d,5,2007-01-05,-1.9198629543610217,-1.4450143899524779
momentum_60d,5,2007-01-12,0.7548328080165738,-0.34562110173862826
momentum_60d,5,2007-01-22,-0.734643477969695,0.11436838934087978
momentum_60d,5,2007-01-29,-0.5230220922871176,-0.24052461041756215
momentum_60d,5,2007-02-05,2.0465228350636173,1.3076688691843383
momentum_60d,5,2007-02-12,0.08609700723073432,0.08237689418869229
momentum_60d,5,2007-02-20,-0.7525416329778434,1.8845983209371142
momentum_60d,5,2007-02-27,0.21968858938949953,-0.8456037740126857
momentum_60d,5,2007-03-06,-0.7118187700026108,0.45435676681091125
momentum_60d,5,2007-03-13,-0.3779414246132706,-0.10587610246711361
momentum_60d,5,2007-03-20,-1.0421411043809372,-0.33541847754062404
momentum_60d,5,2007-03-27,0.4692577400830474,0.6433230069673519
momentum_60d,5,2007-04-03,-0.19188930795948447,0.38860691828376626
momentum_60d,5,2007-04-11,-1.784741100441778,-1.0823939590381082
momentum_60d,5,2007-04-18,0.36404461864779264,0.49276865403871845
momentum_60d,5,2007-04-25,0.24092592700006846,-0.6144618169512432
momentum_60d,5,2007-05-02,0.7277209058035824,0.29377348273446435
momentum_60d,5,2007-05-09,-0.001210483651803429,-0.1847050039006944
momentum_60d,5,2007-05-16,-0.44291884745223387,-0.7074748695203747
momentum_60d,5,2007-05-23,-0.6713894443181823,-0.5690601303294351
momentum_60d,5,2007-05-31,0.31190010498752435,0.5430372477483421
momentum_60d,5,2007-06-07,-0.32885725812708,0.46971275071932733
momentum_60d,5,2007-06-14,2.285150554990793,1.7974856150192342
momentum_60d,5,2007-06-21,-0.9561028400201491,-0.5954098708146449
momentum_60d,5,2007-06-28,1.1728819553010603,1.1687555988813512
momentum_60d,5,2007-07-06,1.5999131499950952,1.486745447763401
momentum_60d,5,2007-07-13,1.7117687091674199,0.7845799218454704
momentum_60d,5,2007-07-20,-0.8424608690708527,-1.4923005342731868
momentum_60d,5,2007-07-27,-0.6849806605154181,-0.6172205831159405
momentum_60d,5,2007-08-03,-2.08277122789452,-0.4524477474851518
momentum_60d,5,2007-08-10,-1.3328693092855413,-1.25070910109056
momentum_60d,5,2007-08-17,-0.44832668943382004,0.7535763934336304
momentum_60d,5,2007-08-24,1.7022792287987605,1.4271782229861363
momentum_60d,5,2007-08-31,1.0804857175304585,0.09966289601457771
momentum_60d,5,2007-09-10,-1.4136876736991821,-0.6273974506934972
momentum_60d,5,2007-09-17,1.2223053396526926,0.6104231611830195
momentum_60d,5,2007-09-24,0.5140897267090401,0.5814534041579018
momentum_60d,5,2007-10-01,-0.678298913390433,-0.5760734311190803
momentum_60d,5,2007-10-08,3.004079576999822,-0.0384733191288215
momentum_60d,5,2007-10-15,0.7169691086466257,0.7589794132736489
momentum_60d,5,2007-10-22,4.544578554756132,1.5763402225376162
momentum_60d,5,2007-10-29,-0.30165375363827573,0.528139681196016
momentum_60d,5,2007-11-05,-3.4125773111577384,-2.86036536537347
momentum_60d,5,2007-11-12,2.234826881056632,0.4801984972184499
momentum_60d,5,2007-11-19,1.7505104252008352,0.8568075129526213
momentum_60d,5,2007-11-27,-0.8313428182544694,-0.11559968866931374
momentum_60d,5,2007-12-04,0.11814990668792547,-0.48439587826824004
momentum_60d,5,2007-12-11,1.1982002698026035,-0.03946439583308499
momentum_60d,5,2007-12-18,-1.0954460055974558,-1.7116422912455853
momentum_60d,5,2007-12-26,3.8483953869828205,1.2503535805258945
momentum_60d,5,2008-01-03,3.948728171268682,2.4699618758569812
momentum_60d,5,2008-01-10,0.350634441466587,1.0228526761588475
momentum_60d,5,2008-01-17,-8.838333486949319,-4.821195288400774
momentum_60d,5,2008-01-25,-3.2804517385844445,-1.2769162574684336
momentum_60d,5,2008-02-01,2.637823283176821,2.2246930014155604
momentum_60d,5,2008-02-08,2.146287915306925,0.91162935947288
momentum_60d,5,2008-02-15,3.025697676025755,2.4038641627691275
momentum_60d,5,2008-02-25,0.6792337826882193,0.7745257681596396
momentum_60d,5,2008-03-03,-2.446502495333499,-1.5079402370300996
momentum_60d,5,2008-03-10,1.0355988342105529,0.3379363105285268
momentum_60d,5,2008-03-17,-5.722363123198826,-2.719269792779537
momentum_60d,5,2008-03-25,-1.1798625114819956,-0.5045729954069451
momentum_60d,5,2008-04-01,-1.0176979308813339,-0.5311691229103281
momentum_60d,5,2008-04-08,-0.1230812800022166,1.0820647518559787
momentum_60d,5,2008-04-15,1.6217049305239521,0.8091866237709263
momentum_60d,5,2008-04-22,-4.43061771027563,-2.469371777237432
momentum_60d,5,2008-04-29,1.9745433741135354,1.5277378727634274
momentum_60d,5,2008-05-06,3.184685852818947,1.9682774313563838
momentum_60d,5,2008-05-13,1.7512928759263986,1.4437247622148743
momentum_60d,5,2008-05-20,1.465786090107309,0.7497120027755895
momentum_60d,5,2008-05-28,-1.2427490069144824,-0.18285629715558321
momentum_60d,5,2008-06-04,1.9124870585479958,0.6240066135645872
momentum_60d,5,2008-06-11,2.058766836105952,1.6484626106743134
momentum_60d,5,2008-06-18,1.1717510336448522,0.05645894641841028
momentum_60d,5,2008-06-25,3.670461776548254,0.946745748569792
momentum_60d,5,2008-07-02,7.138543549976145e-05,-0.39915369040784227
momentum_60d,5,2008-07-10,-7.265513638264254,-4.241043188875545
momentum_60d,5,2008-07-17,-4.797252875056168,-3.5456635756741774
momentum_60d,5,2008-07-24,-0.7109264965079427,-0.5877363146761683
momentum_60d,5,2008-07-31,-1.1567653269342837,0.32299109112049107
momentum_60d,5,2008-08-07,2.193980560963852,1.0159328941509096
momentum_60d,5,2008-08-14,-2.2494529296814725,-0.7465341708118041
momentum_60d,5,2008-08-21,-1.514288469363608,-1.1898940167471248
momentum_60d,5,2008-08-28,3.554171459982447,2.5664303537633453
momentum_60d,5,2008-09-05,2.4900437343799395,1.2230702056496012
momentum_60d,5,2008-09-12,-5.701174759461736,-2.1312536762441563
momentum_60d,5,2008-09-19,-0.3472158242238011,-0.6387068671316147
momentum_60d,5,2008-09-26,2.5079370752501995,0.30310921233908106
momentum_60d,5,2008-10-03,4.092652169884181,3.9111020560396836
momentum_60d,5,2008-10-10,-0.30182751584282297,-1.447081968815119
momentum_60d,5,2008-10-17,0.6227434581072406,-0.1885028225321254
momentum_60d,5,2008-10-24,-10.340582655949076,-6.40323157277755
momentum_60d,5,2008-10-31,3.4078695395835226,0.34968783382268354
momentum_60d,5,2008-11-07,5.845731403795814,5.2212247890868095
momentum_60d,5,2008-11-14,6.901169178412955,4.9908037008929504
momentum_60d,5,2008-11-21,-6.528265161688422,-4.369789407094915
momentum_60d,5,2008-12-01,-11.110002268249069,-5.786864615948536
momentum_60d,5,2008-12-08,2.1079903935653066,1.5916057635658842
momentum_60d,5,2008-12-15,2.8419749204453266,1.964111809466355
momentum_60d,5,2008-12-22,-2.058490835485445,-0.741013811885612
momentum_60d,5,2008-12-30,-1.4316338269451074,-0.8116486826425628
momentum_60d,5,2009-01-07,4.979267153255291,1.981195975739077
momentum_60d,5,2009-01-14,7.040573927816232,3.175600090122858
momentum_60d,5,2009-01-22,-2.788744559501792,0.2224404452651152
momentum_60d,5,2009-01-29,-0.5174590283514042,-0.05785933967519252
momentum_60d,5,2009-02-05,-2.243924075552402,-1.4291434676496775
momentum_60d,5,2009-02-12,3.7297543627624123,1.0796773388794478
momentum_60d,5,2009-02-20,-1.7769778049851026,-0.4039115549373862
momentum_60d,5,2009-02-27,7.2126648319581195,3.5781226776544903
momentum_60d,5,2009-03-06,-7.988871098879084,0.09342017925063248
momentum_60d,5,2009-03-13,-4.010562833984461,-1.986956829397198
momentum_60d,5,2009-03-20,-2.5113634353425875,0.5040120761754012
momentum_60d,5,2009-03-27,0.5854280575319596,0.8163307391845898
momentum_60d,5,2009-04-03,-4.254430347008872,-0.747499865905284
momentum_60d,5,2009-04-13,-2.419359834597919,0.06084938002353472
momentum_60d,5,2009-04-20,5.5067331546787415,2.30757051989523
momentum_60d,5,2009-04-27,3.8869850307400977,1.7842049386431968
momentum_60d,5,2009-05-04,-1.7686209330962581,-0.33587332233023426
momentum_60d,5,2009-05-11,0.4011049113821108,-0.20049581075621825
momentum_60d,5,2009-05-18,-1.3529488427987881,-0.1308573227786769
momentum_60d,5,2009-05-26,0.9596823411411955,-0.3283965388671817
momentum_60d,5,2009-06-02,2.667284644514519,0.9342007908077968
momentum_60d,5,2009-06-09,-3.977961245563222,-1.921954391559529
momentum_60d,5,2009-06-16,-5.485411733676197,-2.259209649044573
momentum_60d,5,2009-06-23,1.5799791935932652,0.8968459808547028
momentum_60d,5,2009-06-30,-2.4032470798815915,-1.702490962942586
momentum_60d,5,2009-07-08,-4.432996035102285,-3.1980184941440357
momentum_60d,5,2009-07-15,0.10803070894410309,0.7990343672659531
momentum_60d,5,2009-07-22,1.1287137801358742,0.3803599648012579
momentum_60d,5,2009-07-29,-5.213435674618347,-2.6449540186388383
momentum_60d,5,2009-08-05,-1.8874965641821784,-1.1250340058388355
momentum_60d,5,2009-08-12,-0.7628557696196229,0.18450033657481102
momentum_60d,5,2009-08-19,0.09241236316305616,0.08428777047300903
momentum_60d,5,2009-08-26,-0.5302919637592478,0.07191420862913134
momentum_60d,5,2009-09-02,-1.629742487107233,-0.22935457607042112
momentum_60d,5,2009-09-10,-1.4203771738079185,-1.2138345921403206
momentum_60d,5,2009-09-17,-2.499716686164751,-1.46492288925791
momentum_60d,5,2009-09-24,-2.4317359752790075,-1.3068774290376415
momentum_60d,5,2009-10-01,3.4040996012596025,1.3917348274371375
momentum_60d,5,2009-10-08,0.32018356086995026,0.20082576617021322
momentum_60d,5,2009-10-15,-0.29817114560042324,-0.18329636826726797
momentum_60d,5,2009-10-22,-0.4965236811943311,-1.1460222181387238
momentum_60d,5,2009-10-29,0.6691579964575922,0.14233259992745273
momentum_60d,5,2009-11-05,-1.992289621347195,-0.8902680256986928
momentum_60d,5,2009-11-12,0.7279389208566078,0.04702638897663054
momentum_60d,5,2009-11-19,-0.15871653740466468,-0.15041596068091634
momentum_60d,5,2009-11-27,-3.4894352419750363,-0.4399332206359685
momentum_60d,5,2009-12-04,1.8702799488762485,0.5458327063948702
momentum_60d,5,2009-12-11,-0.713990024376406,-0.43456033267568567
momentum_60d,5,2009-12-18,-1.4394957201927516,-0.9741217616894504
momentum_60d,5,2009-12-28,0.08114050661109555,0.5765095771957791
momentum_60d,5,2010-01-05,-1.2753953993475082,-1.0192238205680084
momentum_60d,5,2010-01-12,0.8653575958287011,0.4963830530926601
momentum_60d,5,2010-01-20,0.7231308424464215,0.6303103891511637
momentum_60d,5,2010-01-27,0.02652555440294897,0.6941492911973213
momentum_60d,5,2010-02-03,0.062481210872296786,-0.24131521196354053
momentum_60d,5,2010-02-10,-0.4706330902586764,0.28430618683192854
momentum_60d,5,2010-02-18,0.8333324156325298,0.23367017231839352
momentum_60d,5,2010-02-25,-0.40350299187330574,0.11609710667785933
momentum_60d,5,2010-03-04,1.6580717459051912,0.45795944663106586
momentum_60d,5,2010-03-11,0.11241969204827118,0.532096687438055
momentum_60d,5,2010-03-18,2.6291649655283633,0.8403423397324769
momentum_60d,5,2010-03-25,-2.5218059759811213,-0.17335395585704738
momentum_60d,5,2010-04-01,0.749039981735115,0.7356394944901294
momentum_60d,5,2010-04-09,1.5696999844450537,0.5138226934380115
momentum_60d,5,2010-04-16,0.5076351403764945,0.5998758362565286
momentum_60d,5,2010-04-23,-1.4189456644582006,-0.11659387063174635
momentum_60d,5,2010-04-30,-3.6217054821591876,-1.0602971041482
momentum_60d,5,2010-05-07,0.7328326026990665,0.35782957221612843
momentum_60d,5,2010-05-14,-0.019621918639911584,-0.29007662610051055
momentum_60d,5,2010-05-21,0.9846668954684186,1.2319475406973015
momentum_60d,5,2010-05-28,-1.149949243111607,-1.6655578127191466
momentum_60d,5,2010-06-07,-0.6904246820245152,0.3943596394716531
momentum_60d,5,2010-06-14,-0.30020590561545457,-0.11878160743250914
momentum_60d,5,2010-06-21,-1.3620346834270307,-0.6644532981651019
momentum_60d,5,2010-06-28,-0.3842086994289932,-0.07753626063367788
momentum_60d,5,2010-07-06,-2.1050256212885516,-0.14224994426254395
momentum_60d,5,2010-07-13,0.6530125021474912,1.4057455185475445
momentum_60d,5,2010-07-20,-0.5461078006109066,-0.7315315915285447
momentum_60d,5,2010-07-27,-3.285996540197844,-2.572564267229778
momentum_60d,5,2010-08-03,-0.02782186911249873,0.4702666863152312
momentum_60d,5,2010-08-10,2.116696904183761,1.7017662749838773
momentum_60d,5,2010-08-17,0.018379078164606134,-0.1589481537111322
momentum_60d,5,2010-08-24,1.72383946878365,0.760470830037437
momentum_60d,5,2010-08-31,-1.9270314270634081,-1.5299999740656878
momentum_60d,5,2010-09-08,-1.9662331643112523,-1.317854273398574
momentum_60d,5,2010-09-15,1.3221035493780138,0.11367911576475691
momentum_60d,5,2010-09-22,-1.1418465126770916,-0.35002049033467186
momentum_60d,5,2010-09-29,0.5979587181371926,0.25656456312122733
momentum_60d,5,2010-10-06,0.9534820647151351,0.5976270703114572
momentum_60d,5,2010-10-13,-0.3214791225892744,-0.5469820259449458
momentum_60d,5,2010-10-20,0.5194728296107713,0.6909365164769514
momentum_60d,5,2010-10-27,0.8235028492183716,0.35221609433152923
momentum_60d,5,2010-11-03,0.9535826520790953,0.1377321769767607
momentum_60d,5,2010-11-10,-1.1372692434960383,0.24991786446151298
momentum_60d,5,2010-11-17,3.1299365620565567,1.7154292392274284
momentum_60d,5,2010-11-24,0.9559021175477393,0.4097101741440771
momentum_60d,5,2010-12-02,-0.5378705747922763,-0.32605891736865455
momentum_60d,5,2010-12-09,-1.9223884694345255,-0.9920100349223157
momentum_60d,5,2010-12-16,1.0085325544438455,0.3870999476007664
momentum_60d,5,2010-12-23,0.9633897507145828,0.5626609077926152
momentum_60d,5,2010-12-31,-0.304707717858795,-0.8700594593089547
momentum_60d,5,2011-01-07,2.5598607793205703,1.4886263715091794
momentum_60d,5,2011-01-14,-1.2734775601585202,-0.5016165625078044
momentum_60d,5,2011-01-24,2.859386361525488,1.5273421869415271
momentum_60d,5,2011-01-31,1.2244376017959062,0.13468884677281984
momentum_60d,5,2011-02-07,1.5225375183041345,0.5081124474184777
momentum_60d,5,2011-02-14,-1.1430791757921943,0.02985012686967936
momentum_60d,5,2011-02-22,-0.6318441592363981,0.06233452195775202
momentum_60d,5,2011-03-01,-0.625999430664052,-0.44179759865436985
momentum_60d,5,2011-03-08,-0.7823184960829085,0.004444181257682681
momentum_60d,5,2011-03-15,1.0184971505670843,1.0255871561629584
momentum_60d,5,2011-03-22,1.0358514232187293,0.896916795459853
momentum_60d,5,2011-03-29,-0.45600866602613455,-0.3539007960110344
momentum_60d,5,2011-04-05,-2.809978876724003,-2.6321193648131387
momentum_60d,5,2011-04-12,1.7040975606848994,1.1859791537592832
momentum_60d,5,2011-04-19,-0.9497228347327653,0.03594972547825333
momentum_60d,5,2011-04-27,-1.1491971685539022,-0.41213179104514125
momentum_60d,5,2011-05-04,1.1494403840446938,0.8131960174202072
momentum_60d,5,2011-05-11,1.6267037492638434,1.5250666378791764
momentum_60d,5,2011-05-18,-1.0468431657830068,-0.10864769995731309
momentum_60d,5,2011-05-25,0.30110647149140063,-0.05538701665983951
momentum_60d,5,2011-06-02,1.5742103538502843,1.1151212349581794
momentum_60d,5,2011-06-09,0.9662963911657292,0.8512001861686805
momentum_60d,5,2011-06-16,-1.152806133954435,-1.0574064023856113
momentum_60d,5,2011-06-23,-2.383104627286725,-1.2476945370311818
momentum_60d,5,2011-06-30,-0.5906341867065439,-0.783682392825269
momentum_60d,5,2011-07-08,1.5047633529733855,0.20152129625513235
momentum_60d,5,2011-07-15,-1.0571280214585497,-0.6941246653511628
momentum_60d,5,2011-07-22,2.0194127472734227,1.1365261667241424
momentum_60d,5,2011-07-29,1.321219162122559,-0.1843794949049145
momentum_60d,5,2011-08-05,0.7459314059926687,0.477716860424889
momentum_60d,5,2011-08-12,5.0476495764101434,3.173459213483757
momentum_60d,5,2011-08-19,-1.7909211525862259,-1.339338720982767
momentum_60d,5,2011-08-26,1.7297683045200372,0.6766180682084122
momentum_60d,5,2011-09-02,-0.3457516815749869,0.8032709693777229
momentum_60d,5,2011-09-12,-0.5296705673207984,0.040057882491795205
momentum_60d,5,2011-09-19,3.6628020592973614,1.6409265877794232
momentum_60d,5,2011-09-26,3.7456364550824643,1.4312172587495287
momentum_60d,5,2011-10-03,-6.323611069350747,-2.906533889511638
momentum_60d,5,2011-10-10,0.5268348062598311,0.18030503408067072
momentum_60d,5,2011-10-17,-5.0368825876785746,-2.1526622465249723
momentum_60d,5,2011-10-24,-1.013221465613116,-0.4245399892739236
momentum_60d,5,2011-10-31,-0.7193869899249491,0.06008402416584809
momentum_60d,5,2011-11-07,0.8474401455816127,0.011816349332327558
momentum_60d,5,2011-11-14,-1.7947063636763756,-0.5670330207604695
momentum_60d,5,2011-11-21,-0.8404377643376093,-1.0284897452433293
momentum_60d,5,2011-11-29,-1.9150216821583723,-0.8795524383848674
momentum_60d,5,2011-12-06,-0.38640143955037304,-0.8714802717848302
momentum_60d,5,2011-12-13,0.32165841690913555,0.641312924903666
momentum_60d,5,2011-12-20,0.47594696981750895,0.24668867963657526
momentum_60d,5,2011-12-28,2.4455914294935654,1.4579409831198875
momentum_60d,5,2012-01-05,0.48226580113972883,0.5041114327379155
momentum_60d,5,2012-01-12,0.370688660212574,-0.7736212154810869
momentum_60d,5,2012-01-20,0.2817805870250415,0.8939215833977757
momentum_60d,5,2012-01-27,0.12302734620734945,-0.3322837943614765
momentum_60d,5,2012-02-03,-0.8327966709383775,-0.4705851557892493
momentum_60d,5,2012-02-10,-0.23955654498118611,-0.23068345759781708
momentum_60d,5,2012-02-17,-0.7742082682062816,-0.8063859626883829
momentum_60d,5,2012-02-27,-1.1043207559054264,-0.5590606367426216
momentum_60d,5,2012-03-05,0.30414350896598163,0.21580381020072834
momentum_60d,5,2012-03-12,4.507069458482745,1.9677968503693928
momentum_60d,5,2012-03-19,0.21863600790363868,0.7154016829404715
momentum_60d,5,2012-03-26,-0.6778399630603449,-0.28392651654709866
momentum_60d,5,2012-04-02,-1.180240496066809,-0.7210247954261988
momentum_60d,5,2012-04-10,-0.12736194409865842,0.0684777310319277
momentum_60d,5,2012-04-17,-1.7217705963202343,-0.7924007357708374
momentum_60d,5,2012-04-24,-0.4627719501868615,0.7862471389587992
momentum_60d,5,2012-05-01,0.7741281009428131,-0.39600856190132133
momentum_60d,5,2012-05-08,2.2977994523818506,1.2207340499190735
momentum_60d,5,2012-05-15,0.993845557297901,0.44469600554927585
momentum_60d,5,2012-05-22,0.2660270932976309,0.4629861348223889
momentum_60d,5,2012-05-30,0.055794879837093705,0.4298239275456954
momentum_60d,5,2012-06-06,1.0779870898352786,0.8296766535857462
momentum_60d,5,2012-06-13,-2.3015327722005834,-1.5201325029297643
momentum_60d,5,2012-06-20,2.658299422933097,1.4280964339442335
momentum_60d,5,2012-06-27,-1.8202408794538567,-1.1165676060858645
momentum_60d,5,2012-07-05,4.061355640154188,2.28146733066464
momentum_60d,5,2012-07-12,-1.7582994029172738,-1.4138663664462112
momentum_60d,5,2012-07-19,-0.3428837448975301,0.4245908268009598
momentum_60d,5,2012-07-26,-0.5164121916921727,-0.4906528088941838
momentum_60d,5,2012-08-02,-3.468700808932083,-2.012076463272942
momentum_60d,5,2012-08-09,-0.4544376036708986,-0.41548445029723585
momentum_60d,5,2012-08-16,0.36911289827559945,0.036632631413624495
momentum_60d,5,2012-08-23,-0.786186104115083,-0.30235605038887814
momentum_60d,5,2012-08-30,1.207331056893864,0.7466355860454854
momentum_60d,5,2012-09-07,2.7211349348263414,1.0352644425814628
momentum_60d,5,2012-09-14,-0.6394394313973706,-0.9815199811588257
momentum_60d,5,2012-09-21,-1.3556256913841842,-0.5115214001484587
momentum_60d,5,2012-09-28,0.424569439994249,0.14989621840230488
momentum_60d,5,2012-10-05,0.40988866417140946,0.2907439001088252
momentum_60d,5,2012-10-12,1.03781323892147,1.103861009571864
momentum_60d,5,2012-10-19,-1.9695164497703515,-0.5718165742565191
momentum_60d,5,2012-10-26,0.9579651322831118,0.24066319487439833
momentum_60d,5,2012-11-06,0.4927038427095372,0.33837281045487144
momentum_60d,5,2012-11-13,1.4575428103648647,0.34773419088377133
momentum_60d,5,2012-11-20,-1.577369894020686,-0.5250962478820842
momentum_60d,5,2012-11-28,-0.9663189777693574,-0.701037252432209
momentum_60d,5,2012-12-05,-0.1889772046293444,0.2271008789308008
momentum_60d,5,2012-12-12,-1.4635433516719698,-0.7952247430667433
momentum_60d,5,2012-12-19,0.7393857691228394,0.10231277476191458
momentum_60d,5,2012-12-27,0.8585897580097646,0.7910254932156432
momentum_60d,5,2013-01-04,0.6430798894715687,0.26538956370948386
momentum_60d,5,2013-01-11,-0.05385585844656462,-0.22146885099604643
momentum_60d,5,2013-01-18,0.09824258620421134,0.02089414513786192
momentum_60d,5,2013-01-28,-0.5621376433653161,-0.3118449348179545
momentum_60d,5,2013-02-04,-0.03324013269692856,0.16041414105609036
momentum_60d,5,2013-02-11,0.7720349544332242,0.5988156889372782
momentum_60d,5,2013-02-19,-2.1989485658581316,-1.1243356977934957
momentum_60d,5,2013-02-26,-0.34185123481298424,0.22062151059541643
momentum_60d,5,2013-03-05,0.9922918648661867,-0.011472358315052961
momentum_60d,5,2013-03-12,-0.7873143860785414,-0.1347711759540256
momentum_60d,5,2013-03-19,1.3285101455658495,0.5804438916490036
momentum_60d,5,2013-03-26,2.8292195107579077,1.3856904408460435
momentum_60d,5,2013-04-03,-1.0201505485840274,-0.13937141221655275
momentum_60d,5,2013-04-10,3.4929851559520957,2.3582184712553427
momentum_60d,5,2013-04-17,-3.7796036745243975,-0.8843581442228595
momentum_60d,5,2013-04-24,0.24928535458611148,-0.4304529483063109
momentum_60d,5,2013-05-01,-4.552749174318708,-2.8398335328372477
momentum_60d,5,2013-05-08,0.4908487823170141,-0.23625393116872098
momentum_60d,5,2013-05-15,-1.2018251936920448,-0.762156622460523
momentum_60d,5,2013-05-22,1.4441057858079809,0.37141413189345496
momentum_60d,5,2013-05-30,-0.37017915622089925,-0.34076559756435565
momentum_60d,5,2013-06-06,-0.03559394910502463,-0.15393900264821792
momentum_60d,5,2013-06-13,0.21303653791159655,-0.051402153625083415
momentum_60d,5,2013-06-20,-0.47606095274125665,0.40837973787030507
momentum_60d,5,2013-06-27,2.4329169546481046,0.8903992108358905
momentum_60d,5,2013-07-05,-1.0487816401867578,0.062368026104212916
momentum_60d,5,2013-07-12,-1.4360854507221021,-1.0213374751195472
momentum_60d,5,2013-07-19,-0.284098566184147,-0.48953426631396235
momentum_60d,5,2013-07-26,0.7968825007386382,0.6672563879558984
momentum_60d,5,2013-08-02,-0.6221221764571367,-0.3087657910033773
momentum_60d,5,2013-08-09,1.0831738777019595,0.13741526624256872
momentum_60d,5,2013-08-16,0.6916247407327769,0.40705413346463865
momentum_60d,5,2013-08-23,0.20432905316221106,-0.02276105734797159
momentum_60d,5,2013-08-30,-0.08096724330116283,0.515910412333002
momentum_60d,5,2013-09-09,0.07238753293941821,0.16789943079191055
momentum_60d,5,2013-09-16,-0.4932410280138392,-0.18620097469007613
momentum_60d,5,2013-09-23,1.240790272211419,0.6376366014270236
momentum_60d,5,2013-09-30,0.23428141653419887,-0.02845151981714089
momentum_60d,5,2013-10-07,-1.0071904249680481,-0.3733135114981412
momentum_60d,5,2013-10-14,0.5618706533262833,0.21588069058925777
momentum_60d,5,2013-10-21,-1.5371338845068916,-1.0709374611211833
momentum_60d,5,2013-10-28,0.47715753039296505,-0.15029436543178748
momentum_60d,5,2013-11-04,-0.5590288205161609,-0.6265035874259823
momentum_60d,5,2013-11-11,0.11232916202899013,0.16977057772335308
momentum_60d,5,2013-11-18,1.0864722547296572,0.5253096839842468
momentum_60d,5,2013-11-25,-0.5156113873040342,-0.35714789235428146
momentum_60d,5,2013-12-03,0.6463284844855883,0.4210046584408896
momentum_60d,5,2013-12-10,-0.03740097401685087,0.4291756671377526
momentum_60d,5,2013-12-17,0.9305662914476764,0.051278308537172634
momentum_60d,5,2013-12-24,0.08684274234070924,-0.1881109619285633
momentum_60d,5,2014-01-02,-0.03412117396193182,-0.4725091479030626
momentum_60d,5,2014-01-09,0.1178700772974735,0.574390727570373
momentum_60d,5,2014-01-16,-1.394400458274081,0.09786369318128448
momentum_60d,5,2014-01-24,-0.38227162867341036,0.04350252560896643
momentum_60d,5,2014-01-31,-0.08242804474547505,0.15243649470721987
momentum_60d,5,2014-02-07,0.7271699268113737,1.0425333343016505
momentum_60d,5,2014-02-14,0.3171137220487564,0.5661548589896241
momentum_60d,5,2014-02-24,-0.25856488003607553,-0.4061131396714157
momentum_60d,5,2014-03-03,-0.39775900978840095,0.06772471650366985
momentum_60d,5,2014-03-10,-0.099377526570917,0.019303409902978373
momentum_60d,5,2014-03-17,0.04277879803190983,-0.38993037575627554
momentum_60d,5,2014-03-24,0.6607758227312263,1.0416816959267772
momentum_60d,5,2014-03-31,0.2855811094309657,0.16810830092818624
momentum_60d,5,2014-04-07,1.1606191997171167,0.6888291696430386
momentum_60d,5,2014-04-14,-0.22362417824518163,-0.06974911638805517
momentum_60d,5,2014-04-22,0.689269851358513,0.05641476022247479
momentum_60d,5,2014-04-29,0.08228058492526873,0.11237550478583325
momentum_60d,5,2014-05-06,-1.7534120380890934,-1.49132873740766
momentum_60d,5,2014-05-13,-0.4530274613078718,-0.016019466556601213
momentum_60d,5,2014-05-20,-1.4332939023353901,-0.8675977235177434
momentum_60d,5,2014-05-28,0.30069305463179913,0.5892189427370169
momentum_60d,5,2014-06-04,0.030816949157926522,-0.25604249722254535
momentum_60d,5,2014-06-11,0.025797959070968535,0.7709332942186009
momentum_60d,5,2014-06-18,-0.23398740970981263,0.2954416362695408
momentum_60d,5,2014-06-25,0.7948313178600527,0.669620183712305
momentum_60d,5,2014-07-02,-0.5133307135152847,0.04674411480793579
momentum_60d,5,2014-07-10,0.3850829350512101,-0.2637784385494668
momentum_60d,5,2014-07-17,1.001696496876714,0.12040036543060999
momentum_60d,5,2014-07-24,0.9770861861973476,-0.0705920659342644
momentum_60d,5,2014-07-31,-0.8279084299427956,-0.2888204815054659
momentum_60d,5,2014-08-07,0.45797328737154547,0.7514415918202195
momentum_60d,5,2014-08-14,0.38138035169995954,0.2949193025730157
momentum_60d,5,2014-08-21,0.3791222115903511,0.332693890653187
momentum_60d,5,2014-08-28,0.033201938016236276,0.544232527014336
momentum_60d,5,2014-09-05,0.8549724236800338,0.03467510237629885
momentum_60d,5,2014-09-12,0.19488887834468263,0.14271123858780782
momentum_60d,5,2014-09-19,0.8892897223135613,0.34402269675735486
momentum_60d,5,2014-09-26,0.862043220081743,0.4823393030976675
momentum_60d,5,2014-10-03,1.7708889467214606,0.02896716631423842
momentum_60d,5,2014-10-10,-2.486156704318602,-0.5283926315370076
momentum_60d,5,2014-10-17,0.3108139104890902,0.12010937885116313
momentum_60d,5,2014-10-24,0.6667246471541451,-0.3250474249665958
momentum_60d,5,2014-10-31,0.9255955491574615,0.35483576898318603
momentum_60d,5,2014-11-07,-1.2887432966345127,-1.2633496025959015
momentum_60d,5,2014-11-14,-0.632755642227741,0.38097772634830085
momentum_60d,5,2014-11-21,5.245962155737331,1.6406433741038968
momentum_60d,5,2014-12-01,1.8043147093497227,0.3069330046168717
momentum_60d,5,2014-12-08,0.8028732255831413,0.35379182413062626
momentum_60d,5,2014-12-15,-3.133183260512314,-0.9861049514155932
momentum_60d,5,2014-12-22,0.40390586281112323,0.40584970088313926
momentum_60d,5,2014-12-30,0.8959607852737342,-0.4202904631913862
momentum_60d,5,2015-01-07,2.089505363166596,1.1030480876349946
momentum_60d,5,2015-01-14,-0.48023060144222185,0.48851041323595784
momentum_60d,5,2015-01-22,1.1655178068626038,0.5060970155881843
momentum_60d,5,2015-01-29,-4.393990316412751,-1.956146620676676
momentum_60d,5,2015-02-05,-1.5228099263133807,-1.6165367703635896
momentum_60d,5,2015-02-12,0.8680702806403909,0.5590611068188551
momentum_60d,5,2015-02-20,1.4903561168869484,0.6774979345508008
momentum_60d,5,2015-02-27,1.3830358995157905,0.41786985787432745
momentum_60d,5,2015-03-06,-1.1310667730401534,-0.3576523101260479
momentum_60d,5,2015-03-13,-0.6684804317365622,-0.604889919073907
momentum_60d,5,2015-03-20,-0.903627447583033,-0.7725879745533404
momentum_60d,5,2015-03-27,-2.388818830022865,-0.7922261261158026
momentum_60d,5,2015-04-06,1.3441847266396447,0.04586883536365309
momentum_60d,5,2015-04-13,0.8397737767782669,0.8006284951857253
momentum_60d,5,2015-04-20,1.4904837164257685,0.641897463354409
momentum_60d,5,2015-04-27,-0.37429978430746724,-0.449483311925869
momentum_60d,5,2015-05-04,-0.7160842287925129,-1.049865289346482
momentum_60d,5,2015-05-11,-0.03728623476992876,0.18864230705655238
momentum_60d,5,2015-05-18,0.441942683424464,0.35069888095158686
momentum_60d,5,2015-05-26,0.6089930233583691,0.2988375402654878
momentum_60d,5,2015-06-02,-0.6343161666878131,-0.8901923577275409
momentum_60d,5,2015-06-09,0.1287661806174567,-0.12673297067953282
momentum_60d,5,2015-06-16,-0.16251116045543262,-0.7368784862184841
momentum_60d,5,2015-06-23,-0.6965177600012695,-0.14439442113420115
momentum_60d,5,2015-06-30,-1.846562612267392,-0.1931966928831204
momentum_60d,5,2015-07-08,2.1716979630350983,0.9081209405348808
momentum_60d,5,2015-07-15,3.9310516679976018,0.46130369745992866
momentum_60d,5,2015-07-22,-0.5144913933741465,-0.2845085851847581
momentum_60d,5,2015-07-29,2.612686048512517,0.8947302188715015
momentum_60d,5,2015-08-05,-3.0829024202176742,-1.2875789884512212
momentum_60d,5,2015-08-12,3.783091660102326,0.8067351635616856
momentum_60d,5,2015-08-19,0.08580722691254132,0.045192218828826736
momentum_60d,5,2015-08-26,-4.326930627562367,-1.2968744134324104
momentum_60d,5,2015-09-02,-0.5053356523687583,-0.28161743370570536
momentum_60d,5,2015-09-10,1.7288525648839612,1.127782146873154
momentum_60d,5,2015-09-17,3.4223574307226703,1.55136048130294
momentum_60d,5,2015-09-24,0.23779737361362036,0.8132292838984571
momentum_60d,5,2015-10-01,-4.404468434802022,-0.9931240339780212
momentum_60d,5,2015-10-08,0.07728173943643372,-0.04210264498499816
momentum_60d,5,2015-10-15,2.299677841669645,1.3620334242983922
momentum_60d,5,2015-10-22,-4.880940583680671,-4.336758869401047
momentum_60d,5,2015-10-29,0.49203113047233316,0.0414652819252052
momentum_60d,5,2015-11-05,0.40396655354141275,0.5495449308332383
momentum_60d,5,2015-11-12,-0.12338762848326616,-0.2723891643494921
momentum_60d,5,2015-11-19,0.004093412237563909,0.07703127811795607
momentum_60d,5,2015-11-27,3.0460509249594607,1.1457665205722667
momentum_60d,5,2015-12-04,-0.5827097022319316,-0.2957572794953678
momentum_60d,5,2015-12-11,-0.9469134261276306,-0.0858744901620597
momentum_60d,5,2015-12-18,0.4290739597409961,0.35714588009116977
momentum_60d,5,2015-12-28,-2.0796231844509516,-1.0280530522698172
momentum_60d,5,2016-01-05,3.003166115919113,-0.24411760609882963
momentum_60d,5,2016-01-12,2.1441865119064247,1.1692719653209247
momentum_60d,5,2016-01-20,-1.4879192546933964,-0.08589965236906286
momentum_60d,5,2016-01-27,-0.7134096882388677,1.036935677486154
momentum_60d,5,2016-02-03,2.636559065671954,1.0723578100124622
momentum_60d,5,2016-02-10,-3.249653629168814,-2.0939840413456756
momentum_60d,5,2016-02-18,0.9193585668104576,0.12949810177681115
momentum_60d,5,2016-02-25,-3.522289426717995,-1.373425240880688
momentum_60d,5,2016-03-03,1.6269498367665853,1.2617202785162096
momentum_60d,5,2016-03-10,1.1440547859890793,0.09822571373571491
momentum_60d,5,2016-03-17,-1.4091283752250512,-0.8210425953657877
momentum_60d,5,2016-03-24,-0.30938648751478814,-0.060348141894062124
momentum_60d,5,2016-04-01,-0.406817308127457,-0.21351701426655842
momentum_60d,5,2016-04-08,-0.3253636230366119,0.17926846910943556
momentum_60d,5,2016-04-15,1.5780280847793555,2.3319748225210617
momentum_60d,5,2016-04-22,0.8346664755988848,1.2666656164620074
momentum_60d,5,2016-04-29,-2.9123470083122807,-1.7794832916144105
momentum_60d,5,2016-05-06,-1.1792046643737488,-0.3495566200572009
momentum_60d,5,2016-05-13,-2.278019550239563,-0.28631921637286195
momentum_60d,5,2016-05-20,-0.05676996227795459,-0.31291149108139127
momentum_60d,5,2016-05-27,0.8718641403765881,0.8295459590574797
momentum_60d,5,2016-06-06,-1.2755100089143157,-0.05817335544011278
momentum_60d,5,2016-06-13,-0.07294302951141493,0.29030532347739113
momentum_60d,5,2016-06-20,-0.48461564782250593,-1.5793415309123222
momentum_60d,5,2016-06-27,-0.4121599473824252,-0.11150733693085317
momentum_60d,5,2016-07-05,-3.922658053934258,-2.24605556996218
momentum_60d,5,2016-07-12,0.2920147322410527,0.18149481501504122
momentum_60d,5,2016-07-19,0.9731007965550893,1.465368247154545
momentum_60d,5,2016-07-26,0.6200489909249336,-0.4338553644902358
momentum_60d,5,2016-08-02,-1.1174296042371485,0.027051999176848824
momentum_60d,5,2016-08-09,0.5281432505397439,0.12489310327524761
momentum_60d,5,2016-08-16,0.022274396753578053,0.1647663341377374
momentum_60d,5,2016-08-23,0.2128233296355364,0.15338086444625826
momentum_60d,5,2016-08-30,-0.4535619762106813,-0.07493037383799286
momentum_60d,5,2016-09-07,0.23666565255381725,0.43735148533302626
momentum_60d,5,2016-09-14,-0.08333327976642506,0.6048789235923928
momentum_60d,5,2016-09-21,-0.49041519957131463,-0.4032387864541039
momentum_60d,5,2016-09-28,6.039190297245571,1.7915362466650226
momentum_60d,5,2016-10-05,-1.5775320240775697,-0.20837413489764126
momentum_60d,5,2016-10-12,-0.8722255320254909,-0.3627875136752704
momentum_60d,5,2016-10-19,1.0493729724688947,0.457715727716083
momentum_60d,5,2016-10-26,1.0261198443361819,-0.09612654892925399
momentum_60d,5,2016-11-02,2.159220569908889,0.8033089630249549
momentum_60d,5,2016-11-09,4.260929657427814,2.4424336390475405
momentum_60d,5,2016-11-16,2.3167798171929896,1.1009108091938558
momentum_60d,5,2016-11-23,0.4935566373939141,-0.2538378551648254
momentum_60d,5,2016-12-01,-0.6891059521675718,-0.13336281206901557
momentum_60d,5,2016-12-08,-1.3023252580915152,-1.0585781945618802
momentum_60d,5,2016-12-15,-0.33025909380585505,0.2987749875305886
momentum_60d,5,2016-12-22,-1.8823605024917016,-0.6007616209552185
momentum_60d,5,2016-12-30,-2.0114232090852986,-1.1285633570623252
momentum_60d,5,2017-01-09,-0.30476017470089845,-0.4580026408557962
momentum_60d,5,2017-01-17,2.1439249248791077,1.4367811901410419
momentum_60d,5,2017-01-24,-1.5477375852229562,-0.4676397016331009
momentum_60d,5,2017-01-31,0.15892508956126447,-0.32094610039375604
momentum_60d,5,2017-02-07,-0.1488506726345336,-0.42781021821541493
momentum_60d,5,2017-02-14,1.7700770979006648,0.5563343600774557
momentum_60d,5,2017-02-22,0.5280124663959773,0.28144937410570225
momentum_60d,5,2017-03-01,1.6112735902206299,0.6891766763894098
momentum_60d,5,2017-03-08,0.506938549848764,0.5946178090283416
momentum_60d,5,2017-03-15,-0.17317690265409666,0.44408945069511024
momentum_60d,5,2017-03-22,-0.06580355711392667,0.1371420154409571
momentum_60d,5,2017-03-29,-0.4535757112696122,-0.16236231310778154
momentum_60d,5,2017-04-05,-1.4642608809578646,-0.7065060899083209
momentum_60d,5,2017-04-12,1.6858259232071033,0.5367182263547006
momentum_60d,5,2017-04-20,0.48579827833211686,0.2506940615195926
momentum_60d,5,2017-04-27,1.4889561278981445,0.34594073969114547
momentum_60d,5,2017-05-04,-0.37476551633824906,-0.0699345427398653
momentum_60d,5,2017-05-11,1.6297977955213927,1.169643347640148
momentum_60d,5,2017-05-18,2.0526732165634347,0.7886903396684112
momentum_60d,5,2017-05-25,2.027209041238609,0.7272617324652748
momentum_60d,5,2017-06-02,-3.5352391378457546,-1.3057969168938608
momentum_60d,5,2017-06-09,-0.9013677339339407,-0.5690429241658967
momentum_60d,5,2017-06-16,2.810789817864142,0.8205524215316543
momentum_60d,5,2017-06-23,-3.879104458067595,-2.2945611366286993
momentum_60d,5,2017-06-30,1.9464893155856866,0.5326966686381922
momentum_60d,5,2017-07-10,-0.817527660320975,-0.2918430422091759
momentum_60d,5,2017-07-17,1.2477459217208369,0.7819119508255312
momentum_60d,5,2017-07-24,-2.6004927397654143,-1.2910138067429466
momentum_60d,5,2017-07-31,1.4914434726070347,0.32765646187893716
momentum_60d,5,2017-08-07,0.4816547792888426,0.012550845832567012
momentum_60d,5,2017-08-14,0.02202589082372548,-0.18035333563661088
momentum_60d,5,2017-08-21,0.9454285498988338,0.2112961612177259
momentum_60d,5,2017-08-28,-1.458005631545382,-0.7105597207736958
momentum_60d,5,2017-09-05,0.14951723361974847,-0.27124156405963584
momentum_60d,5,2017-09-12,-0.04110030765804482,0.2160654691289121
momentum_60d,5,2017-09-19,-0.31849145831806724,-0.6114670536309468
momentum_60d,5,2017-09-26,2.490626966349685,0.9856070877921841
momentum_60d,5,2017-10-03,-0.06995428404576269,0.0381998541878259
momentum_60d,5,2017-10-10,-0.1812560127447349,0.011770221398010872
momentum_60d,5,2017-10-17,1.7091462413430292,0.21775442348942095
momentum_60d,5,2017-10-24,0.3996752061622792,0.28983668757645764
momentum_60d,5,2017-10-31,0.6352432719922325,1.113660939749439
momentum_60d,5,2017-11-07,-2.7583170817132645,-1.2749948504557387
momentum_60d,5,2017-11-14,1.1601349185363523,-0.01715536847784286
momentum_60d,5,2017-11-21,-3.17855821126225,-2.946961835182134
momentum_60d,5,2017-11-29,-0.46604896748317176,-0.5304213866478724
momentum_60d,5,2017-12-06,-0.5246725520172283,-0.7617495721108221
momentum_60d,5,2017-12-13,2.9805631139558546,0.3657971103775637
momentum_60d,5,2017-12-20,-0.28891577160994697,-0.28709181835601116
momentum_60d,5,2017-12-28,2.9608767886444025,0.23045190065082988
momentum_60d,5,2018-01-05,3.879345820948262,1.0369836250078666
momentum_60d,5,2018-01-12,0.14226550848936612,-0.27427357209807524
momentum_60d,5,2018-01-22,-0.849082385324329,-0.43075789454585234
momentum_60d,5,2018-01-29,-2.3669717607057383,-0.18515631211453165
momentum_60d,5,2018-02-05,0.5095274928721489,-0.005269547278885511
momentum_60d,5,2018-02-12,0.11989072823212302,0.1013884903231584
momentum_60d,5,2018-02-20,1.5325082864485047,-0.09953938326827672
momentum_60d,5,2018-02-27,0.4243243841453137,1.350716403084673
momentum_60d,5,2018-03-06,0.23202493850940828,0.1574305001378784
momentum_60d,5,2018-03-13,-0.5852252993088336,0.28549877094602805
momentum_60d,5,2018-03-20,-4.525169035745838,-0.7202922506415077
momentum_60d,5,2018-03-27,-1.580715222141386,-1.172031620271674
momentum_60d,5,2018-04-04,-2.1806170729750107,-0.4983681696393664
momentum_60d,5,2018-04-11,-2.8529985195988226,-1.204826823428721
momentum_60d,5,2018-04-18,-0.6172424347491212,0.007819906646485315
momentum_60d,5,2018-04-25,2.09309688117351,1.4967782639009477
momentum_60d,5,2018-05-02,-1.3592975292578375,-1.193268925656469
momentum_60d,5,2018-05-09,-1.724025792799085,-0.873555106156613
momentum_60d,5,2018-05-16,0.35351706564302016,0.3392959720653751
momentum_60d,5,2018-05-23,2.1453448503890007,1.2996211555955464
momentum_60d,5,2018-05-31,-3.493066875376919,-3.021523316153059
momentum_60d,5,2018-06-07,-0.29066736483684597,-0.18772642437420534
momentum_60d,5,2018-06-14,0.0819650721153901,-0.17034061364373426
momentum_60d,5,2018-06-21,0.1600489175576906,0.456437348441537
momentum_60d,5,2018-06-28,0.4684261132333594,-0.3597129818196635
momentum_60d,5,2018-07-06,-0.2829904524264534,-0.3432024838329384
momentum_60d,5,2018-07-13,-1.6137943642812735,-0.7825902858857351
momentum_60d,5,2018-07-20,-2.326727321890021,-0.9788120662413266
momentum_60d,5,2018-07-27,1.4687536177036369,0.4955531067543391
momentum_60d,5,2018-08-03,-0.40675179086560787,-0.7502568468776432
momentum_60d,5,2018-08-10,4.719643358301735,1.8365610355331574
momentum_60d,5,2018-08-17,-4.006552847029214,-2.248382429170759
momentum_60d,5,2018-08-24,0.09025922198209191,-0.2260095548307491
momentum_60d,5,2018-08-31,2.3836387161430994,1.6368654680886885
momentum_60d,5,2018-09-10,0.07567417001964245,0.19923147052906356
momentum_60d,5,2018-09-17,-2.7463277441167793,-1.3550552062727075
momentum_60d,5,2018-09-24,0.7314989946955341,0.7736939615896461
momentum_60d,5,2018-10-01,-1.7339270922134646,-0.35555311818673185
momentum_60d,5,2018-10-08,-1.9044522701275102,-1.0520152785458627
momentum_60d,5,2018-10-15,2.194356549210015,1.534139238235214
momentum_60d,5,2018-10-22,5.136302630782892,2.9514239486734484
momentum_60d,5,2018-10-29,-4.95880419096324,-2.0042155436718057
momentum_60d,5,2018-11-05,3.838139449587115,1.9184649555270328
momentum_60d,5,2018-11-12,1.4842108777276837,0.8207868600830892
momentum_60d,5,2018-11-19,-2.311730805038585,-0.6063195902197727
momentum_60d,5,2018-11-27,-0.04873136802350242,0.47845413067772274
momentum_60d,5,2018-12-04,2.109304117334746,1.2960836737314407
momentum_60d,5,2018-12-12,1.8828656662349377,1.343625287151299
momentum_60d,5,2018-12-19,-2.130554702150681,-1.868311681847031
momentum_60d,5,2018-12-27,-1.6978228021833093,-1.3396390468535948
momentum_60d,5,2019-01-04,-1.0479637528641412,-0.7461283530588798
momentum_60d,5,2019-01-11,-1.8765786336446137,-1.6957559159540596
momentum_60d,5,2019-01-18,2.197992180501233,1.4121586270093447
momentum_60d,5,2019-01-28,-1.2607661664840806,-0.8844320503872923
momentum_60d,5,2019-02-04,2.18449162690465,1.4625642532549499
momentum_60d,5,2019-02-11,-0.5765048471033429,-0.2600324841172489
momentum_60d,5,2019-02-19,1.6472413022916614,0.5248722722627515
momentum_60d,5,2019-02-26,0.029041413677366457,-0.23869169003790658
momentum_60d,5,2019-03-05,0.29144735118366016,-0.4010119302851112
momentum_60d,5,2019-03-12,-0.5379747500855273,-0.24095746728965972
momentum_60d,5,2019-03-19,-1.6306426570888433,-0.157933220256871
momentum_60d,5,2019-03-26,-0.5473219443485444,0.13548111718825567
momentum_60d,5,2019-04-02,-0.0885451212621883,-0.24704229896825117
momentum_60d,5,2019-04-09,0.6485634922973863,0.07273295588254478
momentum_60d,5,2019-04-16,2.5065960741919504,1.2948250890147874
momentum_60d,5,2019-04-24,-3.1643790444519815,-1.6081115570965365
momentum_60d,5,2019-05-01,-0.8034079831327497,-0.2992723262146687
momentum_60d,5,2019-05-08,-2.3036168399319767,-1.0791466305401434
momentum_60d,5,2019-05-15,-3.2565544790963368,-2.9885864729795557
momentum_60d,5,2019-05-22,1.4109460011409596,0.4154415360064297
momentum_60d,5,2019-05-30,-1.1940614912831344,-0.7472009528210994
momentum_60d,5,2019-06-06,-0.951548935605151,-1.0685465579630646
momentum_60d,5,2019-06-13,-1.1541003187664305,-0.5279279085975697
momentum_60d,5,2019-06-20,-2.1147973949915038,-0.7798603145750056
momentum_60d,5,2019-06-27,2.050499291358003,0.31252162963402164
momentum_60d,5,2019-07-05,-0.9148780318740224,-0.3414982093251454
momentum_60d,5,2019-07-12,-0.5958750146215719,0.360187399175238
momentum_60d,5,2019-07-19,-1.4016435611004,-1.4922916118030427
momentum_60d,5,2019-07-26,-0.13157486468291885,-0.6098428928670778
momentum_60d,5,2019-08-02,2.0710490880617494,1.5731087545120797
momentum_60d,5,2019-08-09,2.062301651985732,0.7528607961488538
momentum_60d,5,2019-08-16,0.5916647396276693,0.2377847832642647
momentum_60d,5,2019-08-23,-0.5120085940437891,-0.09314945397068305
momentum_60d,5,2019-08-30,-0.10377086177117967,0.824181909841711
momentum_60d,5,2019-09-09,-2.6538331530145065,-0.6501016578798202
momentum_60d,5,2019-09-16,-0.4796163917038373,-0.5623788396706668
momentum_60d,5,2019-09-23,1.9278829230469974,0.7661939104012288
momentum_60d,5,2019-09-30,1.5234899000264572,1.2699441860916947
momentum_60d,5,2019-10-07,-1.457288284954635,-0.7132114977363953
momentum_60d,5,2019-10-14,0.5425514759453149,0.16781849831585632
momentum_60d,5,2019-10-21,-1.5266249506071436,-1.2105914089835634
momentum_60d,5,2019-10-28,-0.5822792537938382,0.09548280596569647
momentum_60d,5,2019-11-04,1.5714510584105077,0.3356015947506452
momentum_60d,5,2019-11-11,-1.6496953083654806,-0.6256056669500243
momentum_60d,5,2019-11-18,1.1110635451697326,-0.0981310228366931
momentum_60d,5,2019-11-25,-2.4322086015567623,-0.7512754177939358
momentum_60d,5,2019-12-03,0.8719309552253826,1.0458628050980412
momentum_60d,5,2019-12-10,2.628880714542181,1.462067392994563
momentum_60d,5,2019-12-17,-0.7374432943223337,0.016774105345351842
momentum_60d,5,2019-12-24,1.3760616106020824,0.01473031805769113
momentum_60d,5,2020-01-02,0.15432617811251825,-0.01319148200100336
momentum_60d,5,2020-01-09,-1.3674740267373884,0.04269959471956408
momentum_60d,5,2020-01-16,-1.0822731787032709,0.5669319536792616
momentum_60d,5,2020-01-24,-0.21611148055099544,-1.757742301175565
momentum_60d,5,2020-01-31,-0.13937061224686226,-0.5901247721345371
momentum_60d,5,2020-02-07,0.955871737777129,0.3283422804618944
momentum_60d,5,2020-02-14,-0.7394154044340148,-0.4194667190913992
momentum_60d,5,2020-02-24,2.569148092839013,-0.5896246105701053
momentum_60d,5,2020-03-02,10.82005626129762,2.7381776911695703
momentum_60d,5,2020-03-09,1.0758543539346095,-1.5730945449300204
momentum_60d,5,2020-03-16,5.290488614819584,1.611872440178182
momentum_60d,5,2020-03-23,-9.42022583481316,-5.053782249972794
momentum_60d,5,2020-03-30,-2.232283893168778,-0.49672807045522127
momentum_60d,5,2020-04-06,0.17215180740381247,-0.8338286475252513
momentum_60d,5,2020-04-14,2.3392775576390488,1.4658330036379952
momentum_60d,5,2020-04-21,-5.995085913835055,-2.0156185240629787
momentum_60d,5,2020-04-28,2.3854347504127777,0.39855688891642743
momentum_60d,5,2020-05-05,2.3069765910588624,1.0316366741820238
momentum_60d,5,2020-05-12,-0.13011886938574987,-0.043455790899438185
momentum_60d,5,2020-05-19,-6.630966169606715,-2.100926298160714
momentum_60d,5,2020-05-27,-2.1611522001324364,-0.33974246348535964
momentum_60d,5,2020-06-03,3.1636508248922577,1.3750871184598243
momentum_60d,5,2020-06-10,-1.3098864559220234,-1.0641040222562812
momentum_60d,5,2020-06-17,-0.5301702001463368,-1.138860486660683
momentum_60d,5,2020-06-24,-1.5603620841324568,-0.7035346666954194
momentum_60d,5,2020-07-01,3.2706895996599523,1.3333900840237112
momentum_60d,5,2020-07-09,-1.9738910195174486,-1.9717577400024777
momentum_60d,5,2020-07-16,-1.162127016382375,0.08336745234145035
momentum_60d,5,2020-07-23,0.9441209081349303,0.616190965501658
momentum_60d,5,2020-07-30,2.873485017963577,0.325716663819664
momentum_60d,5,2020-08-06,-0.7742343005933277,-0.3166859300463454
momentum_60d,5,2020-08-13,2.0710912151872667,-0.7063703953260059
momentum_60d,5,2020-08-20,2.326434252845107,-0.07187916242927064
momentum_60d,5,2020-08-27,-0.16833836276595182,0.4532712405729648
momentum_60d,5,2020-09-03,-0.6357745210857634,-0.8002483152756127
momentum_60d,5,2020-09-11,-1.432352641398793,0.01883694875245053
momentum_60d,5,2020-09-18,0.91368759042539,-1.6887747230981114
momentum_60d,5,2020-09-25,0.4161424897626942,0.7111851174585053
momentum_60d,5,2020-10-02,0.4288445341040041,0.2758116208644079
momentum_60d,5,2020-10-09,1.3200617840654516,0.09123519208775374
momentum_60d,5,2020-10-16,-1.1233884332589574,-0.1518786317178093
momentum_60d,5,2020-10-23,-0.8784071854790281,-0.43492516050018065
momentum_60d,5,2020-10-30,1.4846517983302978,-1.3520615850724913
momentum_60d,5,2020-11-06,-10.283298089487943,-2.3241827263644765
momentum_60d,5,2020-11-13,-2.010370481498365,0.47946550015862677
momentum_60d,5,2020-11-20,0.41133485888405674,0.6591206827685436
momentum_60d,5,2020-11-30,1.992139958859133,1.340646384711793
momentum_60d,5,2020-12-07,-0.34207539308183466,-0.45299911994300573
momentum_60d,5,2020-12-14,-0.24941659791039764,-1.0845845884484415
momentum_60d,5,2020-12-21,-0.9311761813928343,-1.2064501104383285
momentum_60d,5,2020-12-29,6.076254375728066,5.307438893835284
momentum_60d,5,2021-01-06,4.443950620774024,2.8677134370444834
momentum_60d,5,2021-01-13,-0.4752160938221099,-0.9790153304813143
momentum_60d,5,2021-01-21,-4.734299244490902,-2.6687819471421
momentum_60d,5,2021-01-28,2.798559327621112,1.3816665944321884
momentum_60d,5,2021-02-04,3.4891725914781957,2.7285857183804163
momentum_60d,5,2021-02-11,4.6430753726559875,3.352423818224707
momentum_60d,5,2021-02-19,2.777657099246722,2.1032756627798204
momentum_60d,5,2021-02-26,2.4895146614252703,2.2253303005704868
momentum_60d,5,2021-03-05,-2.348631053535266,-0.680626112339966
momentum_60d,5,2021-03-12,-3.473864278751441,-2.494889562877374
momentum_60d,5,2021-03-19,-2.6348522941782546,-1.7312309047702201
momentum_60d,5,2021-03-26,-0.7283465957335866,-0.9954602213160801
momentum_60d,5,2021-04-05,-1.7629722463652797,-2.49875031890463
momentum_60d,5,2021-04-12,-2.1094137059968805,-0.17394716471811716
momentum_60d,5,2021-04-19,-1.2270431581338226,-0.0659945143052676
momentum_60d,5,2021-04-26,3.462884457356271,3.3010993797426114
momentum_60d,5,2021-05-03,7.102845977921179,4.430916304334842
momentum_60d,5,2021-05-10,2.5079759365899306,1.8838737226450537
momentum_60d,5,2021-05-17,-4.5279665109785014,-2.7862640070609084
momentum_60d,5,2021-05-24,0.5423715563858715,1.6448432007322749
momentum_60d,5,2021-06-01,-1.1918075025235084,-0.34246453436244106
momentum_60d,5,2021-06-08,-2.4129108322212636,-2.058502358837218
momentum_60d,5,2021-06-15,-0.4641194671065718,-0.36023186863786505
momentum_60d,5,2021-06-22,-0.2398867948844992,0.11440441648452222
momentum_60d,5,2021-06-29,0.3024819799936592,-1.0271532947147
momentum_60d,5,2021-07-07,-1.0962722277603199,-0.7123597408269955
momentum_60d,5,2021-07-14,0.20991120265107707,0.001540062498461836
momentum_60d,5,2021-07-21,0.020191483647539598,0.5156463944953504
momentum_60d,5,2021-07-28,0.3287148789897295,-0.44850593644297404
momentum_60d,5,2021-08-04,-5.473830016337973,-2.1429421388355836
momentum_60d,5,2021-08-11,2.1423899112030425,-0.5775525737290232
momentum_60d,5,2021-08-18,-0.982574236207571,-0.8918340725735755
momentum_60d,5,2021-08-25,1.8753312929212045,0.30651365220537574
momentum_60d,5,2021-09-01,0.6653698471309588,0.3014322675125617
momentum_60d,5,2021-09-09,-0.382350890885826,0.6100640680295661
momentum_60d,5,2021-09-16,-0.9558695292634459,-0.1589550313203773
momentum_60d,5,2021-09-23,-2.339482539558406,0.08308335382913867
momentum_60d,5,2021-09-30,0.41425834019847374,0.8490769729258144
momentum_60d,5,2021-10-07,0.38012827309053715,1.0172043920088893
momentum_60d,5,2021-10-14,-0.8746038051905621,-0.8952632185686612
momentum_60d,5,2021-10-21,2.0076018511309246,0.7511936042011651
momentum_60d,5,2021-10-28,-2.4963065640308852,-0.8747065900517215
momentum_60d,5,2021-11-04,-0.4256036380863212,0.12403181645149382
momentum_60d,5,2021-11-11,1.8821467690844251,0.8280475696535042
momentum_60d,5,2021-11-18,-1.2624168767023511,-0.6613051059678503
momentum_60d,5,2021-11-26,0.3646746448591938,0.41818281262131124
momentum_60d,5,2021-12-03,0.035093726790817216,-0.9503932239135038
momentum_60d,5,2021-12-10,-5.723648987305774,-2.61148767694442
momentum_60d,5,2021-12-17,1.6140623169294654,0.6198566860677952
momentum_60d,5,2021-12-27,1.0258114031787966,0.8948662371972782
momentum_60d,5,2022-01-03,-5.78488855877024,-2.8180939161388308
momentum_60d,5,2022-01-10,2.320534303760872,3.0661099866691925
momentum_60d,5,2022-01-18,3.05076722777992,1.3605303905213306
momentum_60d,5,2022-01-25,-2.1738174933513337,-1.6781848258658583
momentum_60d,5,2022-02-01,2.820927145336401,0.681887851544416
momentum_60d,5,2022-02-08,-1.457607493630279,-0.6616123272072654
momentum_60d,5,2022-02-15,5.832583646268723,3.5294185702173575
momentum_60d,5,2022-02-23,-2.4361324961097073,-1.232024158976238
momentum_60d,5,2022-03-02,5.378446165829798,3.409491506296891
momentum_60d,5,2022-03-09,-3.3768880066080884,-2.8691784744078963
momentum_60d,5,2022-03-16,1.3571574200656873,1.2021380096573977
momentum_60d,5,2022-03-23,-1.7287270047268302,-0.9923389976009981
momentum_60d,5,2022-03-30,4.59660483411984,2.5023526393209776
momentum_60d,5,2022-04-06,2.4916721621627502,1.7488919092057482
momentum_60d,5,2022-04-13,3.299649512301772,0.19336783259863433
momentum_60d,5,2022-04-21,-1.0608473433988443,-0.18898744613348173
momentum_60d,5,2022-04-28,1.8699118411273734,2.587722973608475
momentum_60d,5,2022-05-05,3.4819150590540344,1.945303723735207
momentum_60d,5,2022-05-12,-0.5549055310297035,0.2823889953875761
momentum_60d,5,2022-05-19,-0.044871955719449866,0.372709135649559
momentum_60d,5,2022-05-26,-0.5514917026549899,0.26943704908549326
momentum_60d,5,2022-06-03,1.8047836282996628,1.4814918797006729
momentum_60d,5,2022-06-10,-4.9705677398291614,-4.4380707856167625
momentum_60d,5,2022-06-17,-0.9016900156981311,-0.9318819713650969
momentum_60d,5,2022-06-27,2.0533671261571462,-0.24558457950803284
momentum_60d,5,2022-07-05,-1.1433846575811628,-0.20658633608243346
momentum_60d,5,2022-07-12,-3.9393446812944357,-2.9239944312499544
momentum_60d,5,2022-07-19,0.1640004212575966,0.9628173212657113
momentum_60d,5,2022-07-26,-1.7136479750512839,-1.3516325103622404
momentum_60d,5,2022-08-02,-0.7075792804798198,-0.14033860562655914
momentum_60d,5,2022-08-09,0.27563724681984125,0.37082455075495935
momentum_60d,5,2022-08-16,-3.5816854818273383,-0.7659190326998171
momentum_60d,5,2022-08-23,-1.6929154885867583,-0.4141141030394091
momentum_60d,5,2022-08-30,2.788676529312136,1.6917611195065
momentum_60d,5,2022-09-07,-2.0450718776431525,-0.3765806068848687
momentum_60d,5,2022-09-14,-0.6387473304082106,-1.0002110949998144
momentum_60d,5,2022-09-21,-0.6847354963988065,-1.7870262191220305
momentum_60d,5,2022-09-28,1.8211035541778202,0.1599703105175987
momentum_60d,5,2022-10-05,0.5802116107317696,1.4628469372941968
momentum_60d,5,2022-10-12,1.215645918165046,0.5243974081147702
momentum_60d,5,2022-10-19,0.5868495674356877,0.646781755165186
momentum_60d,5,2022-10-26,2.584257879250037,2.237647470134167
momentum_60d,5,2022-11-02,-1.0575749524759073,0.5910441523547509
momentum_60d,5,2022-11-09,-5.503607508438006,-2.7802215918534268
momentum_60d,5,2022-11-16,0.6658608943500566,-0.2320454110416037
momentum_60d,5,2022-11-23,-1.866700904919146,-0.869278429421246
momentum_60d,5,2022-12-01,-0.4476839428731079,0.14996165418157775
momentum_60d,5,2022-12-08,-0.5008299562364963,-0.2890885266979004
momentum_60d,5,2022-12-15,2.86591332486158,1.296712118047949
momentum_60d,5,2022-12-22,0.6769788892716437,0.783683232030182
momentum_60d,5,2022-12-30,-2.3213411166861224,-0.5209305690125898
momentum_60d,5,2023-01-09,-1.1048479393652868,0.3452214726472169
momentum_60d,5,2023-01-17,-1.255139094262836,0.524694490854664
momentum_60d,5,2023-01-24,-0.03155330807429098,0.07391154706626324
momentum_60d,5,2023-01-31,4.791776570427878,1.6702657500459368
momentum_60d,5,2023-02-07,-2.4244304744276595,-1.2067310684806078
momentum_60d,5,2023-02-14,-1.9682820986476814,-1.3228557274093258
momentum_60d,5,2023-02-22,0.9724594061500909,0.4181618746931126
momentum_60d,5,2023-03-01,0.26410974577319635,0.40761739226401844
momentum_60d,5,2023-03-08,-1.225724864869571,1.996664918284748
momentum_60d,5,2023-03-15,2.1598320607101833,1.9260500104370637
momentum_60d,5,2023-03-22,-0.27882215812546907,-0.19662390221284465
momentum_60d,5,2023-03-29,-2.6090205175664294,-0.8646319096968372
momentum_60d,5,2023-04-05,-0.7851428318996027,-0.6025078942917483
momentum_60d,5,2023-04-13,-1.548759523882981,-1.0638766971522808
momentum_60d,5,2023-04-20,1.509527180903473,0.3390721495963903
momentum_60d,5,2023-04-27,2.2508196840108075,0.08892109456751415
momentum_60d,5,2023-05-04,0.4726643023225563,-0.48866322681531127
momentum_60d,5,2023-05-11,1.5497025119767582,0.15835536837978115
momentum_60d,5,2023-05-18,3.1816380540795013,2.488444181488521
momentum_60d,5,2023-05-25,1.507877301731586,0.8382497932332292
momentum_60d,5,2023-06-02,-0.9627432369498368,-0.2907605822244622
momentum_60d,5,2023-06-09,1.8847975286543805,0.9613189544030046
momentum_60d,5,2023-06-16,-1.6002399814221615,-1.0235692196519688
momentum_60d,5,2023-06-26,2.8189135723974004,1.585677716998024
momentum_60d,5,2023-07-03,-1.1425910495270346,-0.492627984925198
momentum_60d,5,2023-07-11,4.640655330221866,1.889689761745439
momentum_60d,5,2023-07-18,-6.2129213027525125,-2.5605361940189324
momentum_60d,5,2023-07-25,3.1387064445889825,1.0205546398909768
momentum_60d,5,2023-08-01,-1.9129720039403755,-1.1079231460231633
momentum_60d,5,2023-08-08,-0.6319227384330994,-0.9476405344539048
momentum_60d,5,2023-08-15,0.7866744980151719,0.5630002193351118
momentum_60d,5,2023-08-22,0.21078450639890142,-0.4962413467173003
momentum_60d,5,2023-08-29,2.630579416411919,0.965304193702384
momentum_60d,5,2023-09-06,-0.6615182911718216,0.559468562830064
momentum_60d,5,2023-09-13,-2.165458885256085,-0.5107072410038087
momentum_60d,5,2023-09-20,2.4529049681179713,1.656023422112
momentum_60d,5,2023-09-27,-0.7979170479377686,-2.329266360211639
momentum_60d,5,2023-10-04,-1.6463230522233123,0.06353180498060626
momentum_60d,5,2023-10-11,1.4765696533493466,2.2148953725246168
momentum_60d,5,2023-10-18,-2.5644738479613904,-1.1390265071581807
momentum_60d,5,2023-10-25,-3.631023061338786,-2.10573354485164
momentum_60d,5,2023-11-01,-2.347371527872525,-1.949986490382068
momentum_60d,5,2023-11-08,1.0126785756789345,1.6052694317366372
momentum_60d,5,2023-11-15,0.7615441165791899,0.06763968222567307
momentum_60d,5,2023-11-22,-1.5790183690181259,-1.4150746097044697
momentum_60d,5,2023-11-30,1.520017237622547,-0.04511876962551842
momentum_60d,5,2023-12-07,3.3063357473602117,2.818193042320945
momentum_60d,5,2023-12-14,0.9946942991894322,-0.3329508280627539
momentum_60d,5,2023-12-21,0.0929729145352868,0.331050089563815
momentum_60d,5,2023-12-29,-1.5510004106393063,-0.2509609405120905
momentum_60d,5,2024-01-08,1.6668131461025748,-0.35843453051730056
momentum_60d,5,2024-01-16,3.708411170095164,0.6408940726317851
momentum_60d,5,2024-01-23,-2.8466253512509603,-1.3986079461328607
momentum_60d,5,2024-01-30,1.553494902075936,-0.06475568779401955
momentum_60d,5,2024-02-06,1.2687232409198521,0.9944025768795162
momentum_60d,5,2024-02-13,-2.975332918063378,-0.12961585795930503
momentum_60d,5,2024-02-21,1.9491064135943668,0.7625625806098935
momentum_60d,5,2024-02-28,1.3076843968194232,2.52655506770781
momentum_60d,5,2024-03-06,-0.4214915272448919,-1.0834397205422488
momentum_60d,5,2024-03-13,0.3708720772587067,-0.41243969649144746
momentum_60d,5,2024-03-20,-0.3357046108987793,0.3595495388252953
momentum_60d,5,2024-03-27,2.8051843091694244,2.4477445536137803
momentum_60d,5,2024-04-04,2.5679160350953745,0.8055630933859007
momentum_60d,5,2024-04-11,-2.53763785299832,-1.4385120556114481
momentum_60d,5,2024-04-18,-0.06283215663066555,0.7441990087138417
momentum_60d,5,2024-04-25,-1.557790262530967,-1.263333930543383
momentum_60d,5,2024-05-02,0.7198549196081316,0.60085072369284
momentum_60d,5,2024-05-09,-1.04898884048538,-1.5768515232596554
momentum_60d,5,2024-05-16,1.7671245478001179,0.06532132149629222
momentum_60d,5,2024-05-23,0.9520598001303449,1.4484714445428835
momentum_60d,5,2024-05-31,-2.8492657559233248,-3.2250178942947794
momentum_60d,5,2024-06-07,1.6490992165980414,0.32341817691911023
momentum_60d,5,2024-06-14,-4.267773345169845,-1.9607867873415248
momentum_60d,5,2024-06-24,2.0153640593832884,-0.2270613919451455
momentum_60d,5,2024-07-01,4.120724567576347,1.5034385325516673
momentum_60d,5,2024-07-09,-4.79896265855666,-1.2501626199063587
momentum_60d,5,2024-07-16,-1.9918880224032025,-1.1431189103486248
momentum_60d,5,2024-07-23,-5.773596473786939,-2.4277062564455236
momentum_60d,5,2024-07-30,-0.3400944711512236,0.34125587636258203
momentum_60d,5,2024-08-06,-0.25702155636232077,-2.1355167175991285
momentum_60d,5,2024-08-13,0.36711866796677783,-1.5615423356736344
momentum_60d,5,2024-08-20,-0.6055744600145981,0.9008358995801583
momentum_60d,5,2024-08-27,5.147803348371449,2.821646805071883
momentum_60d,5,2024-09-04,-0.43071882220492297,-0.4850379141906225
momentum_60d,5,2024-09-11,-0.0259732335165593,-0.011719325829906424
momentum_60d,5,2024-09-18,-2.280853855292475,-0.9888210909049086
momentum_60d,5,2024-09-25,-0.12242759943082256,0.7433802419513265
momentum_60d,5,2024-10-02,-4.2808142728241805,-2.866144115336407
momentum_60d,5,2024-10-09,4.807521028090881,2.2261292522088043
momentum_60d,5,2024-10-16,-0.813471613574368,-0.16647105921563377
momentum_60d,5,2024-10-23,-1.175252246939721,-1.6753072083929805
momentum_60d,5,2024-10-30,2.0664848740599444,1.9377924181392059
momentum_60d,5,2024-11-06,0.9617842647959359,0.7292561435588911
momentum_60d,5,2024-11-13,0.3462809200312981,-0.3833062015027977
momentum_60d,5,2024-11-20,0.7486487512388895,0.7699537284791076
momentum_60d,5,2024-11-27,2.5231924186484935,0.07441433792553984
momentum_60d,5,2024-12-05,2.907455069026358,1.510913638151449
momentum_60d,5,2024-12-12,2.221039253696374,-0.1927527551106219
momentum_60d,5,2024-12-19,-0.49155770176281993,-0.4479835079563621
momentum_60d,5,2024-12-27,0.624227903561055,-0.0985639508445139
momentum_60d,5,2025-01-06,-4.142452690976909,-0.9274417432468965
momentum_60d,5,2025-01-14,1.9112654684397303,0.1387906634476706
momentum_60d,5,2025-01-22,-0.3158390962182067,1.1054807302643632
momentum_60d,5,2025-01-29,-1.856638785507029,-0.18321319754837823
momentum_60d,5,2025-02-05,-0.26081433720519887,-0.5417528758188239
momentum_60d,5,2025-02-12,-0.9713125902171955,-0.26812120241466175
momentum_60d,5,2025-02-20,-5.7082730729030295,-3.1453368006390314
momentum_60d,5,2025-02-27,0.5662234118835004,1.1407192227537575
momentum_60d,5,2025-03-06,-2.4018633123741493,-0.4220746576675409
momentum_60d,5,2025-03-13,1.2135357459982066,1.2943435302988173
momentum_60d,5,2025-03-20,-0.7957476365328064,-1.3133935816891409
momentum_60d,5,2025-03-27,3.2818081917263653,1.0799523198823824
momentum_60d,5,2025-04-03,-3.722396907348302,-2.2326056890803136
momentum_60d,5,2025-04-10,1.366088565091983,1.9057877577472941
momentum_60d,5,2025-04-17,-7.860178527860059,-4.767746302307393
momentum_60d,5,2025-04-25,-0.7993054928842206,-0.8228431642737455
momentum_60d,5,2025-05-02,-1.3254423131801918,0.11172327403015103
momentum_60d,5,2025-05-09,-4.446604656013298,-3.6868686772153567
momentum_60d,5,2025-05-16,1.9353394534834978,1.2104597554694472
momentum_60d,5,2025-05-23,-0.08826039288607479,-0.6367895163935506
momentum_60d,5,2025-06-02,0.957342449667653,0.5878224679699413
momentum_60d,5,2025-06-09,-1.1547273124274025,0.28868882617243774
momentum_60d,5,2025-06-16,2.329683502137503,0.7510451289234628
momentum_60d,5,2025-06-24,0.43859535424991913,-0.14045047901873148
momentum_60d,5,2025-07-01,1.9026412166144944,1.1098303341766056
momentum_60d,5,2025-07-09,0.8355829494224457,0.6008801190264812
momentum_60d,5,2025-07-16,-1.0928216508188129,-0.7823087085978156
momentum_60d,5,2025-07-23,1.6525659095654586,0.956693155918927
momentum_60d,5,2025-07-30,-0.35320530050984755,-1.0955733895716322
momentum_60d,5,2025-08-06,1.754114740563014,0.898474857509024
momentum_60d,5,2025-08-13,-4.068653043452574,-1.5191368953269078
momentum_60d,5,2025-08-20,1.2190474354016176,0.5220975252639464
momentum_60d,5,2025-08-27,0.37547660739752164,-0.29102838147085175
momentum_60d,5,2025-09-04,1.4501948172491914,1.2965575615067872
momentum_60d,5,2025-09-11,3.1836243748701682,1.8860863933471677
momentum_60d,5,2025-09-18,0.8780108057740876,-0.15776631521246348
momentum_60d,5,2025-09-25,-0.738148669751008,0.6062137283913509
momentum_60d,5,2025-10-02,0.266886397086367,-0.6229778078636301
momentum_60d,5,2025-10-09,-0.8421657616964009,1.2842448683543708
momentum_60d,5,2025-10-16,-1.1215688949536617,-1.5151235511937013
momentum_60d,5,2025-10-23,3.7549559493853524,-0.03740761623728754
momentum_60d,5,2025-10-30,-0.5007428466964337,-0.1448197378382865
momentum_60d,5,2025-11-06,-1.1493890175144832,0.5215719733237274
momentum_60d,5,2025-11-13,-1.7682867338267738,-0.5366317339219069
momentum_60d,5,2025-11-20,-0.5568029597098567,0.4174361713240149
momentum_60d,5,2025-11-28,-0.6434333821872787,-1.5982833656488855
momentum_60d,5,2025-12-05,-2.414256035068185,-0.8270481519961015
momentum_60d,5,2025-12-12,0.7650642353283424,0.4519753394066924
momentum_60d,5,2025-12-19,-0.34125246383135044,0.36551734648874545
momentum_60d,5,2025-12-29,3.124076292406193,2.705361742831025
momentum_60d,5,2026-01-06,-0.7932045409764887,0.6314399562027988
momentum_60d,5,2026-01-13,2.482726318522732,3.681862586740129
momentum_60d,5,2026-01-21,2.293540359493851,1.1267350969678125
momentum_60d,5,2026-01-28,1.5176762655016145,1.704311726899325
momentum_60d,5,2026-02-04,2.0842480254613287,2.167292556720575
momentum_60d,5,2026-02-11,-0.9771858385546469,0.34308424367283463
momentum_60d,5,2026-02-19,-0.40052793377961526,-0.5283750556605644
momentum_60d,5,2026-02-26,-0.8799758504733949,-0.6876291238574324
momentum_60d,5,2026-03-05,2.170416204049767,0.7708381056098241
momentum_60d,5,2026-03-12,1.0251688638953684,1.2936041145344226
momentum_60d,5,2026-03-19,-0.3422937104979207,1.5730292079411974
momentum_60d,5,2026-03-26,-0.35892531164541575,-1.2558230700255968
momentum_60d,5,2026-04-02,-2.2376430727592727,-3.431739154396
momentum_60d,5,2026-04-10,-3.2579158691426024,-4.125780652799548
momentum_60d,5,2026-04-17,6.32477950273332,3.636453564778641
momentum_60d,5,2026-04-24,1.2218132921867242,0.8158043908662668
momentum_60d,5,2026-05-01,4.573811663037919,1.4029007244305038
momentum_60d,5,2026-05-08,-1.3162713244311766,-1.8037459623329883
momentum_60d,5,2026-05-15,-0.5883112295002564,0.7546783382070303
momentum_60d,5,2026-05-22,2.8920468242271458,0.034842469421684605
momentum_60d,5,2026-06-01,-2.9588986676119493,1.4200435391101016
momentum_60d,5,2026-06-08,2.8156625154298993,2.9355314099841197
momentum_60d,5,2026-06-15,-2.192153746957496,-0.9643242008218311
momentum_60d,5,2026-06-23,3.090584242998369,0.6224447422475521
momentum_60d,5,2026-06-30,-7.494051884134523,-5.008122416195401
momentum_60d,5,2026-07-08,-1.9705564957209099,-1.9161603422418572
momentum_60d,5,2026-07-15,0.7729062907996946,-0.11340005219899012
momentum_60d,5,2026-07-22,-2.891368763286624,-0.4962344229329026
momentum_60d,5,2026-07-29,-1.7777395034575274,-5.720724138786474
momentum_60d,5,2026-08-05,0.9927100832502663,0.38827448217838934
momentum_60d,5,2026-08-12,-0.5515011881593793,0.91879206409022
momentum_60d,5,2026-08-19,-0.2506680986877415,-0.16914290884762667
momentum_60d,5,2026-08-26,1.4423116545888273,1.0890797516220831
momentum_60d,5,2026-09-02,-2.399173670398924,-0.9908105834946576
momentum_60d,20,1999-03-22,1.1373490894493428,1.248871194645599
momentum_60d,20,1999-04-20,1.0039845567626124,-0.2979806007419761
momentum_60d,20,1999-05-18,2.68812336718676,4.478039775738444
momentum_60d,20,1999-06-16,-4.748903084529039,-6.181929182151994
momentum_60d,20,1999-07-15,6.274531952368505,4.381934576424773
momentum_60d,20,1999-08-12,2.5202046401800167,-0.4728824218178958
momentum_60d,20,1999-09-10,-3.500764680331499,-2.8773262032912155
momentum_60d,20,1999-10-08,-3.559920249664087,-2.462632148243889
momentum_60d,20,1999-11-05,1.5430535653375304,0.7259363708420878
momentum_60d,20,1999-12-06,3.671049713698456,6.09433380342117
momentum_60d,20,2000-01-04,-2.7134043515460373,0.24489244215409137
momentum_60d,20,2000-02-02,9.713953904344363,2.8608578973254377
momentum_60d,20,2000-03-02,-6.176889520134036,-1.9684177927795126
momentum_60d,20,2000-03-30,-6.86545694247831,-1.5995811965071642
momentum_60d,20,2000-04-28,1.7309160019233507,5.926443947495689
momentum_60d,20,2000-05-26,-6.14290808438942,-5.385980914369534
momentum_60d,20,2000-06-26,-7.596267065701741,-4.867406512691367
momentum_60d,20,2000-07-25,2.4348121011621497,0.8660247712801938
momentum_60d,20,2000-08-22,2.244447653279961,1.6623996615365584
momentum_60d,20,2000-09-20,4.941437789444821,3.5328600479923775
momentum_60d,20,2000-10-18,-1.7756559522974797,-0.3867453919321676
momentum_60d,20,2000-11-15,8.80305192531741,2.649939607703211
momentum_60d,20,2000-12-14,-3.262412020160081,-2.47830768755503
momentum_60d,20,2001-01-16,5.172163617753741,1.908300792503903
momentum_60d,20,2001-02-13,6.187128961140945,4.84937775675757
momentum_60d,20,2001-03-14,2.0034343789734677,0.8706697264231011
momentum_60d,20,2001-04-11,-5.64958120108084,-2.433353717413171
momentum_60d,20,2001-05-10,-2.4473327019124116,-0.6477350397670796
momentum_60d,20,2001-06-08,-4.449255089006928,-2.993275404408417
momentum_60d,20,2001-07-09,-2.5272089254581465,-0.8637398021927941
momentum_60d,20,2001-08-06,-0.12658219604032941,-0.18970294152570455
momentum_60d,20,2001-09-04,8.740348160698872,2.876382506098518
momentum_60d,20,2001-10-08,-14.863579402643095,-6.86809381806242
momentum_60d,20,2001-11-05,-7.841130369648168,-1.6725407071965497
momentum_60d,20,2001-12-04,0.9822931682141804,2.453118051936258
momentum_60d,20,2002-01-03,-1.3284381021502054,-0.03476915591775394
momentum_60d,20,2002-02-01,1.050909203037742,2.8186136193281435
momentum_60d,20,2002-03-04,-0.081390405718947,-0.5733991322871557
momentum_60d,20,2002-04-02,5.836609505757687,2.558891250236217
momentum_60d,20,2002-04-30,4.9747439296076985,2.154390125919281
momentum_60d,20,2002-05-29,9.380300079641732,2.9261604043185714
momentum_60d,20,2002-06-26,3.1335202207367114,1.2676278364242122
momentum_60d,20,2002-07-25,-4.630468914191277,-4.0571392911243676
momentum_60d,20,2002-08-22,6.40679086163091,0.440595413102296
momentum_60d,20,2002-09-20,2.6162038883762153,-1.4670273727378245
momentum_60d,20,2002-10-18,-10.370219639094309,-3.6026719279995234
momentum_60d,20,2002-11-15,-5.291575435756901,-2.9174665821439865
momentum_60d,20,2002-12-16,0.9272010659505041,-0.10136110638519306
momentum_60d,20,2003-01-15,-6.462577957956403,-2.169979604534855
momentum_60d,20,2003-02-13,-4.928069620930837,-0.6015273300102912
momentum_60d,20,2003-03-14,-5.4506228712759235,-4.36450660751796
momentum_60d,20,2003-04-11,-0.7946633921210939,-2.1160596362232402
momentum_60d,20,2003-05-12,0.5027105188851004,0.40770606066792653
momentum_60d,20,2003-06-10,2.4370055913518742,0.38572885647246336
momentum_60d,20,2003-07-09,-0.9733791911042584,-0.9040838288232026
momentum_60d,20,2003-08-06,4.639180564478088,2.4647267192605975
momentum_60d,20,2003-09-04,-5.077557382429532,-2.976535709005168
momentum_60d,20,2003-10-02,7.351986895197538,6.779673835184015
momentum_60d,20,2003-10-30,-0.4248364363810597,0.824272655969697
momentum_60d,20,2003-11-28,-5.049360864543936,-1.3602434162488963
momentum_60d,20,2003-12-29,-2.829091127379317,-3.5014040198084593
momentum_60d,20,2004-01-28,-0.8481039169815611,0.32178511754841954
momentum_60d,20,2004-02-26,-0.9354184960686629,-1.3025418327520542
momentum_60d,20,2004-03-25,-2.150180038978152,-2.9524217865575353
momentum_60d,20,2004-04-23,0.4010086831413869,-0.2415344962576893
momentum_60d,20,2004-05-21,3.06786623957737,2.210390028902724
momentum_60d,20,2004-06-22,3.6549485727266795,2.0845455037812837
momentum_60d,20,2004-07-21,2.032639009517086,-0.286771967239822
momentum_60d,20,2004-08-18,1.9540756430590427,1.1856631350869673
momentum_60d,20,2004-09-16,3.4159544552110566,4.040186602772441
momentum_60d,20,2004-10-14,-1.1215722556569219,-0.8630569091839272
momentum_60d,20,2004-11-11,1.016108605513281,0.652275777755144
momentum_60d,20,2004-12-10,-2.7352230730182594,-1.3441071768331794
momentum_60d,20,2005-01-10,-6.183277002181109,-1.4454193768089838
momentum_60d,20,2005-02-08,4.179567343424188,3.4362716189382767
momentum_60d,20,2005-03-09,2.121529797516619,0.9654316774459715
momentum_60d,20,2005-04-07,-1.407307454802964,-1.9317136306081746
momentum_60d,20,2005-05-05,-4.89078998418501,-0.5451568801007278
momentum_60d,20,2005-06-03,2.4829219495264105,0.7239845945867351
momentum_60d,20,2005-07-01,-1.1635615463393645,-1.009703571437015
momentum_60d,20,2005-08-01,1.2056141464106533,0.6193357552510381
momentum_60d,20,2005-08-29,3.7903502821441135,3.244980669958142
momentum_60d,20,2005-09-27,-4.040449368441785,-2.5867699820469507
momentum_60d,20,2005-10-25,-0.4739594358232013,-0.3324515015813434
momentum_60d,20,2005-11-22,-1.0348217113306433,0.19329313451661445
momentum_60d,20,2005-12-21,-4.601363272546244,-0.31468430827777205
momentum_60d,20,2006-01-23,-3.2302311681700058,-2.223363656294808
momentum_60d,20,2006-02-21,-1.908542903253722,-1.8738323575081317
momentum_60d,20,2006-03-21,1.6094612616978938,3.241857414439423
momentum_60d,20,2006-04-19,-2.7561827290028758,0.4070834375961822
momentum_60d,20,2006-05-17,-2.804569581354932,-2.301922708166937
momentum_60d,20,2006-06-15,9.118706663972384,5.432198820440966
momentum_60d,20,2006-07-14,2.163938930469063,-0.2336212253151171
momentum_60d,20,2006-08-11,-8.355074677259044,-4.49325578543672
momentum_60d,20,2006-09-11,-3.5195657753592715,-3.751363823811904
momentum_60d,20,2006-10-09,-4.082023055725277,-0.31508813972315564
momentum_60d,20,2006-11-06,-0.14914507809353772,1.5482484066512425
momentum_60d,20,2006-12-05,-3.3261102146141974,-2.920872618211408
momentum_60d,20,2007-01-05,2.214772150946824,1.997494298427327
momentum_60d,20,2007-02-05,2.0709050926192094,2.918427254605542
momentum_60d,20,2007-03-06,1.259096515405652,1.6739521092072367
momentum_60d,20,2007-04-03,-3.3730323857621793,-0.8243732437809811
momentum_60d,20,2007-05-02,-0.19903857481069104,-1.0472328316383264
momentum_60d,20,2007-05-31,2.3108268089379527,1.3193305871444405
momentum_60d,20,2007-06-28,3.604819850157104,3.0328441447270427
momentum_60d,20,2007-07-27,-3.4232180125798837,-1.6314677579252128
momentum_60d,20,2007-08-24,4.854839608125423,2.6641217694081414
momentum_60d,20,2007-09-24,4.187007107393362,1.3480713650806129
momentum_60d,20,2007-10-22,8.049122603432368,2.917942585041074
momentum_60d,20,2007-11-19,4.124502778878806,2.015228868032122
momentum_60d,20,2007-12-18,8.639783206123838,4.909954959481536
momentum_60d,20,2008-01-17,-8.125154110723916,-3.916339918281623
momentum_60d,20,2008-02-15,2.5569321163744108,1.8140098682160637
momentum_60d,20,2008-03-17,1.8943547539066612,2.820102180601795
momentum_60d,20,2008-04-15,1.0583059733664837,1.2216313708395266
momentum_60d,20,2008-05-13,2.639471831376154,2.403605930757624
momentum_60d,20,2008-06-11,-0.20959955727829493,-0.09784173606858608
momentum_60d,20,2008-07-10,-12.655582854299032,-7.759972839801899
momentum_60d,20,2008-08-07,-0.23180709558721832,-0.32146948311258716
momentum_60d,20,2008-09-05,7.752668860114317,2.9112018521192495
momentum_60d,20,2008-10-03,-1.5466068184452435,-1.1466823500797085
momentum_60d,20,2008-10-31,8.683991132741726,3.377248277223536
momentum_60d,20,2008-12-01,-5.49930886386482,-2.666916544568809
momentum_60d,20,2008-12-30,8.72683759230484,5.274206035525889
momentum_60d,20,2009-01-29,1.5582323270083056,-0.2674225205142341
momentum_60d,20,2009-02-27,-2.0350794937977015,0.8110856413421278
momentum_60d,20,2009-03-27,-2.534037637664336,1.2263680234316863
momentum_60d,20,2009-04-27,0.39279200104444334,-0.07869024711474695
momentum_60d,20,2009-05-26,-5.758622079863303,-3.4468720796894967
momentum_60d,20,2009-06-23,2.582543537525487,0.9284457480837652
momentum_60d,20,2009-07-22,1.2676597808519485,1.1697025489741941
momentum_60d,20,2009-08-19,-1.8641993129074441,-0.4042815109107571
momentum_60d,20,2009-09-17,-0.5031360337864739,-1.3436468978421359
momentum_60d,20,2009-10-15,-2.369139352105065,-2.5287571244567415
momentum_60d,20,2009-11-12,-4.674122250692995,-0.19189313012475767
momentum_60d,20,2009-12-11,-5.769258156419429,-2.694314500173138
momentum_60d,20,2010-01-12,0.5086476755294833,0.5744982331629751
momentum_60d,20,2010-02-10,-0.7194033918318964,0.6750151623816352
momentum_60d,20,2010-03-11,3.020792053646515,1.997621166770669
momentum_60d,20,2010-04-09,-0.10884450999784079,0.42016771388180274
momentum_60d,20,2010-05-07,-1.864956564480132,-1.4003568102369837
momentum_60d,20,2010-06-07,-0.5108434391209078,0.24970530537075097
momentum_60d,20,2010-07-06,-5.2157423554322,-2.215961020570571
momentum_60d,20,2010-08-03,1.8762816159080524,2.0886313348655134
momentum_60d,20,2010-08-31,-4.6962233527580475,-3.3389876270506194
momentum_60d,20,2010-09-29,1.4728749731258781,1.005168818808707
momentum_60d,20,2010-10-27,2.592585631197456,1.4178816330968846
momentum_60d,20,2010-11-24,-0.5068899368599297,-0.7554687669822924
momentum_60d,20,2010-12-23,1.7276955367071043,0.44484137062074103
momentum_60d,20,2011-01-24,4.392818178611509,2.1270211859850896
momentum_60d,20,2011-02-22,-0.1383260229216976,1.1815311731477984
momentum_60d,20,2011-03-22,-2.524741172005488,-0.9149826716444635
momentum_60d,20,2011-04-19,-3.490480316079551,-1.1693993805616607
momentum_60d,20,2011-05-18,1.7664747795543945,1.7420878012281167
momentum_60d,20,2011-06-16,-3.653645140980877,-2.427458337039612
momentum_60d,20,2011-07-15,3.994342834137225,1.791781486774428
momentum_60d,20,2011-08-12,4.870516631557287,3.4015431193734478
momentum_60d,20,2011-09-12,1.386409081332644,0.4735750571759271
momentum_60d,20,2011-10-10,-6.354181910048914,-2.3621728898604255
momentum_60d,20,2011-11-07,-0.3736228838808901,-0.58385181611104
momentum_60d,20,2011-12-06,-0.7657516888266065,-0.5124194451265291
momentum_60d,20,2012-01-05,0.7107415935797076,1.438074791651108
momentum_60d,20,2012-02-03,-1.00594060546673,-0.8619773330348172
momentum_60d,20,2012-03-05,5.243430209829425,2.0320305263980725
momentum_60d,20,2012-04-02,-2.872709959643993,-1.6754630371644486
momentum_60d,20,2012-05-01,0.580717012676583,-1.4922115735568453
momentum_60d,20,2012-05-30,2.407175967068483,1.2304306811495191
momentum_60d,20,2012-06-27,-0.9786241833793878,0.2636479040445764
momentum_60d,20,2012-07-26,-4.672213447112542,-3.8532797118492557
momentum_60d,20,2012-08-23,1.866289741119894,0.4428210697562607
momentum_60d,20,2012-09-21,-0.8230857347374387,-0.21365767534873661
momentum_60d,20,2012-10-19,0.599867290791963,0.7467117138549344
momentum_60d,20,2012-11-20,-1.6045410280655685,0.15109490820837862
momentum_60d,20,2012-12-19,2.5310356315655294,1.386841768789715
momentum_60d,20,2013-01-18,0.2653220235493932,0.5092792842712985
momentum_60d,20,2013-02-19,-2.078453223680643,-1.3813540382641043
momentum_60d,20,2013-03-19,5.700737604700583,3.2125418840174946
momentum_60d,20,2013-04-17,-7.6225724178910745,-4.227686495710414
momentum_60d,20,2013-05-15,-1.3425579569196842,-1.0412569571626062
momentum_60d,20,2013-06-13,2.4407543113907986,1.509811232518691
momentum_60d,20,2013-07-12,-1.8763565591369675,-1.7186356341359676
momentum_60d,20,2013-08-09,2.3108675580317857,1.0200098907458064
momentum_60d,20,2013-09-09,1.796027571046984,1.3023721638778816
momentum_60d,20,2013-10-07,-0.19118969876264674,-0.07575581689307498
momentum_60d,20,2013-11-04,1.2449574659582925,0.02035248676423388
momentum_60d,20,2013-12-03,1.3068581380968705,0.9704979434236686
momentum_60d,20,2014-01-02,-2.6013713902571345,-0.6150067557557353
momentum_60d,20,2014-01-31,-0.38189961834040886,0.1958557872721034
momentum_60d,20,2014-03-03,-1.3190558259545184,0.35826145781401675
momentum_60d,20,2014-03-31,0.2666047379155212,-0.11020572823032444
momentum_60d,20,2014-04-29,-3.090795504065695,-2.1037171816327955
momentum_60d,20,2014-05-28,2.4827234255844433,2.8112229728590066
momentum_60d,20,2014-06-25,1.4053439334581697,0.5710058745539499
momentum_60d,20,2014-07-24,0.28684041010231437,-0.0582814946818185
momentum_60d,20,2014-08-21,1.0834630233753417,1.062593322401876
momentum_60d,20,2014-09-19,-2.067916449474616,-1.3618639841060967
momentum_60d,20,2014-10-17,0.0009492882646844336,-1.2125449199175353
momentum_60d,20,2014-11-14,7.434763497052739,3.073539215009709
momentum_60d,20,2014-12-15,2.764971749457231,2.7932267482834767
momentum_60d,20,2015-01-14,-6.071830489878749,-3.0848123676154304
momentum_60d,20,2015-02-12,3.9021273467775544,2.348646012055111
momentum_60d,20,2015-03-13,-0.48451321986567136,-0.5880652158594384
momentum_60d,20,2015-04-13,1.199446066763965,-0.1078835686869765
momentum_60d,20,2015-05-11,2.447050896619466,0.9968369510448105
momentum_60d,20,2015-06-09,-2.874086991431897,-0.7647989014593737
momentum_60d,20,2015-07-08,7.879544694364479,1.6381708344690216
momentum_60d,20,2015-08-05,-2.134305688736989,-0.6210297880096971
momentum_60d,20,2015-09-02,4.930166237653085,3.237215902097427
momentum_60d,20,2015-10-01,-4.284823766052948,-3.127437928896056
momentum_60d,20,2015-10-29,0.5491463704309456,0.8383812619348582
momentum_60d,20,2015-11-27,0.8649021704146128,0.1521517711430202
momentum_60d,20,2015-12-28,-6.452824722673293,-3.650329014280181
momentum_60d,20,2016-01-27,-0.5424511918166249,0.21473936641526561
momentum_60d,20,2016-02-25,-1.985146404244979,0.0059519769007421175
momentum_60d,20,2016-03-24,-5.11556357469974,-3.392505510042132
momentum_60d,20,2016-04-22,-0.8382673760629104,-0.24431191981388137
momentum_60d,20,2016-05-20,-1.7591314607493154,-0.26294405900994333
momentum_60d,20,2016-06-20,0.2636327597785352,0.13641806503686588
momentum_60d,20,2016-07-19,-2.5288719217448756,-1.1649161090683404
momentum_60d,20,2016-08-16,0.10502847792808931,0.3076203121461507
momentum_60d,20,2016-09-14,3.52667750330861,1.7895347589499326
momentum_60d,20,2016-10-12,1.8286380543334055,-1.16168729364761
momentum_60d,20,2016-11-09,9.347008367107474,4.669577913825843
momentum_60d,20,2016-12-08,-4.245350438740225,-2.3316690481219244
momentum_60d,20,2017-01-09,0.9482095355065242,0.37565987952673885
momentum_60d,20,2017-02-07,1.6780537033213434,0.0868162844914607
momentum_60d,20,2017-03-08,-0.7229995852890673,1.0140143048910457
momentum_60d,20,2017-04-05,3.1466562586354496,0.11581637502794395
momentum_60d,20,2017-05-04,3.6390539936988118,0.8923821535436286
momentum_60d,20,2017-06-02,-7.264532065432003,-3.847621614149488
momentum_60d,20,2017-06-30,-0.9729429841446017,-1.1166485298590136
momentum_60d,20,2017-07-31,2.84874909352573,0.3230213254383959
momentum_60d,20,2017-08-28,-2.5866154645667403,-1.0380704177747946
momentum_60d,20,2017-09-26,4.482854368160812,1.7498080325666872
momentum_60d,20,2017-10-24,-1.8913742970383618,0.04348905910625718
momentum_60d,20,2017-11-21,0.0074067141961082356,-2.307329415641657
momentum_60d,20,2017-12-20,7.776857464034892,1.7240839888323551
momentum_60d,20,2018-01-22,-2.1352813686783394,-1.6768320730329966
momentum_60d,20,2018-02-20,-0.28776073665101787,-0.17287471390767067
momentum_60d,20,2018-03-20,-6.226609084239055,-1.7487872469854504
momentum_60d,20,2018-04-18,0.41605987976870445,-1.4340846970986956
momentum_60d,20,2018-05-16,1.615025975213117,-0.01135688684104445
momentum_60d,20,2018-06-14,0.9212286679554205,0.09139295582600848
momentum_60d,20,2018-07-13,-1.7399772986308424,-1.1402342971344979
momentum_60d,20,2018-08-10,3.0805615255549776,0.8185823866149707
momentum_60d,20,2018-09-10,1.1930119156754682,0.6001387977362456
momentum_60d,20,2018-10-08,-3.487232392604637,-1.3885652767415788
momentum_60d,20,2018-11-05,4.618771483413409,3.4975131240380395
momentum_60d,20,2018-12-04,0.397516944069635,-0.3621822275941581
momentum_60d,20,2019-01-04,-2.8493393403927834,-1.1949848109746717
momentum_60d,20,2019-02-04,2.374812883085705,1.123811945019345
momentum_60d,20,2019-03-05,1.6279908305540047,0.1958283548149753
momentum_60d,20,2019-04-02,0.13949096368065517,-0.05346048322961705
momentum_60d,20,2019-05-01,-5.557465083398342,-4.050530771355013
momentum_60d,20,2019-05-30,-4.696510200540812,-2.277952131998255
momentum_60d,20,2019-06-27,0.6243418551997503,0.8192047406825035
momentum_60d,20,2019-07-26,2.200848169579561,-0.12226196076617901
momentum_60d,20,2019-08-23,-2.684491434404516,0.33065941953371125
momentum_60d,20,2019-09-23,4.319244978457881,1.5114639287266454
momentum_60d,20,2019-10-21,-2.5259752637057598,-3.0809018033543816
momentum_60d,20,2019-11-18,2.6379368210126097,0.5204086281707432
momentum_60d,20,2019-12-17,-1.1137869349400642,-1.2917577120644528
momentum_60d,20,2020-01-16,-2.2402630069702925,0.854759416502641
momentum_60d,20,2020-02-14,9.054940538591872,-0.2303719146476979
momentum_60d,20,2020-03-16,-0.947130546161549,0.806178958787244
momentum_60d,20,2020-04-14,0.28606476758416727,0.0028970343728988253
momentum_60d,20,2020-05-12,-9.419723593598572,-3.111867290708818
momentum_60d,20,2020-06-10,-0.3969493941521355,-3.3416628262899892
momentum_60d,20,2020-07-09,0.5657286615623109,-0.36839899577250834
momentum_60d,20,2020-08-06,6.25859313574478,0.7620837961870963
momentum_60d,20,2020-09-03,2.1485892261127217,1.2473309802123391
momentum_60d,20,2020-10-02,-0.6100255126894272,0.18464717630827243
momentum_60d,20,2020-10-30,-4.565832776755892,-1.1689078205187644
momentum_60d,20,2020-11-30,1.4063633971606406,-0.47041615318833924
momentum_60d,20,2020-12-29,5.067883192288447,4.300993208914291
momentum_60d,20,2021-01-28,13.84186278369601,9.996357073201006
momentum_60d,20,2021-02-26,-2.9085745499371223,-0.12095405779567099
momentum_60d,20,2021-03-26,-3.192262558803334,-4.415300118064395
momentum_60d,20,2021-04-26,5.6333309099406845,5.8822091214759675
momentum_60d,20,2021-05-24,-4.801053637430726,-2.767367299733507
momentum_60d,20,2021-06-22,0.8712789764682594,0.2844521236812003
momentum_60d,20,2021-07-21,-2.2112025394523283,-0.5286963910257365
momentum_60d,20,2021-08-18,0.6973370231202147,-0.15837222019395858
momentum_60d,20,2021-09-16,-10.303408173837408,-3.40883698337493
momentum_60d,20,2021-10-14,0.8466012517686268,-1.2682085490073103
momentum_60d,20,2021-11-11,0.9200867943559676,-0.3942332159210767
momentum_60d,20,2021-12-10,-0.06068358255783748,1.5139325146524905
momentum_60d,20,2022-01-10,7.37284840253309,4.70477624856851
momentum_60d,20,2022-02-08,10.026236424627221,7.980640230618237
momentum_60d,20,2022-03-09,2.863924925906162,1.7014389449455731
momentum_60d,20,2022-04-06,7.428605059265658,4.667143542574595
momentum_60d,20,2022-05-05,6.003264044612299,6.126510877506534
momentum_60d,20,2022-06-03,-8.254652601293833,-7.703163795248258
momentum_60d,20,2022-07-05,-9.701741347389675,-2.053071126309562
momentum_60d,20,2022-08-02,-0.9922368984979816,0.35060490201841066
momentum_60d,20,2022-08-30,3.795057502264724,1.2812702502869735
momentum_60d,20,2022-09-28,3.158485727033692,0.965022724277583
momentum_60d,20,2022-10-26,-4.563809410444342,0.184778236937914
momentum_60d,20,2022-11-23,2.069509723672543,0.6273835256639753
momentum_60d,20,2022-12-22,-5.024203331919161,0.3901651469287485
momentum_60d,20,2023-01-24,-0.033679666861841095,-1.7665661313398417
momentum_60d,20,2023-02-22,6.098429577144837,3.776432860443039
momentum_60d,20,2023-03-22,-4.680963613100957,-2.8249465147266934
momentum_60d,20,2023-04-20,10.816007010451026,5.135565671858458
momentum_60d,20,2023-05-18,6.538099442474572,4.255325315384684
momentum_60d,20,2023-06-16,5.0810998505731675,1.8733162479022791
momentum_60d,20,2023-07-18,-6.435216729851027,-3.1482150312600563
momentum_60d,20,2023-08-15,3.762955150827222,2.3488978472233857
momentum_60d,20,2023-09-13,2.700986689717229,-0.7388064293968137
momentum_60d,20,2023-10-11,-4.355337335969004,-3.231894001434247
momentum_60d,20,2023-11-08,-1.5753736170031136,0.24343985425422746
momentum_60d,20,2023-12-07,2.223451368794649,1.7915788226755474
momentum_60d,20,2024-01-08,1.9046917196877826,-0.7494220117836736
momentum_60d,20,2024-02-06,1.860923562446581,4.1737753810674825
momentum_60d,20,2024-03-06,-0.4471528944365793,-1.5385876368825344
momentum_60d,20,2024-04-04,-3.5958511122578196,-2.110011810124368
momentum_60d,20,2024-05-02,3.2639815459927375,2.661591186064409
momentum_60d,20,2024-05-31,-3.767939678835945,-5.35214879360455
momentum_60d,20,2024-07-01,-7.497074967350721,-3.0385266700548903
momentum_60d,20,2024-07-30,2.9149658728974015,1.1144443269331874
momentum_60d,20,2024-08-27,0.7469300690178297,-1.0568622799550988
momentum_60d,20,2024-09-25,-0.43419970947106146,-0.17003001360000508
momentum_60d,20,2024-10-23,-5.2676091592619105,-3.1435071874562106
momentum_60d,20,2024-11-20,3.2662302646670582,1.7345472836695592
momentum_60d,20,2024-12-19,-1.6836121339635968,-0.8258881944116281
momentum_60d,20,2025-01-22,-1.4729164919139115,0.623682903808805
momentum_60d,20,2025-02-20,-8.45898549270601,-2.646945613405316
momentum_60d,20,2025-03-20,2.4666798214433445,-0.2046584519103778
momentum_60d,20,2025-04-17,-17.685125271777547,-9.620655809038169
momentum_60d,20,2025-05-16,-4.721192935521005,-2.277654035528483
momentum_60d,20,2025-06-16,6.092431632862387,1.793151370898231
momentum_60d,20,2025-07-16,2.8399676623099723,-0.09113933083835235
momentum_60d,20,2025-08-13,-1.836705110608361,0.11348709889509312
momentum_60d,20,2025-09-11,5.900507928597021,1.6358142354479077
momentum_60d,20,2025-10-09,2.6653680370163175,-0.02920097026603008
momentum_60d,20,2025-11-06,0.8876530948120243,1.3956267479543851
momentum_60d,20,2025-12-05,0.6295842316146031,2.171700199912796
momentum_60d,20,2026-01-06,-2.685935652336128,2.977137227746618
momentum_60d,20,2026-02-04,-1.1277176270202822,1.7277981676776448
momentum_60d,20,2026-03-05,4.768326376241616,3.694947954135804
momentum_60d,20,2026-04-02,-3.9163119688772916,-9.33607098201219
momentum_60d,20,2026-05-01,9.4669962886326,3.662582040012711
momentum_60d,20,2026-06-01,-5.036562887423339,1.471960696677732
momentum_60d,20,2026-06-30,-16.531751148399394,-10.312303390064613
momentum_60d,20,2026-07-29,0.19991513588608276,-3.2581971181474247
momentum_60d,60,1999-03-22,-5.348849918859322,-2.6959161230178648
momentum_60d,60,1999-06-16,3.593358504705598,-2.608357605311862
momentum_60d,60,1999-09-10,2.897475421621365,-1.3745071591125222
momentum_60d,60,1999-12-06,13.399351053723695,8.007622366488764
momentum_60d,60,2000-03-02,-18.86553566782807,-4.316566529278365
momentum_60d,60,2000-05-26,-2.1057015190779773,-1.7275702990127002
momentum_60d,60,2000-08-22,-11.365732225655222,-0.12725651771540542
momentum_60d,60,2000-11-15,10.843423434505759,5.194393118469199
momentum_60d,60,2001-02-13,9.399701721151088,7.322620418957866
momentum_60d,60,2001-05-10,-0.5254895602553248,1.2328719386911233
momentum_60d,60,2001-08-06,-1.6551650226269403,-3.3893218199883557
momentum_60d,60,2001-11-05,-7.664271130713147,-1.251502369257592
momentum_60d,60,2002-02-01,-1.1763034118719409,4.896079923235696
momentum_60d,60,2002-04-30,14.64355888541985,4.68191010839956
momentum_60d,60,2002-07-25,9.761133298559596,-3.0797839022832285
momentum_60d,60,2002-10-18,-14.101327481673573,-4.417221054897583
momentum_60d,60,2003-01-15,-2.5206148275061104,0.31361418978337696
momentum_60d,60,2003-04-11,-0.3128835328992219,-3.4708811167558418
momentum_60d,60,2003-07-09,5.152997993588531,3.5337257083673412
momentum_60d,60,2003-10-02,9.419325584245142,8.488964360864422
momentum_60d,60,2003-12-29,-6.591122150071913,-4.657109164941961
momentum_60d,60,2004-03-25,-0.7422748878055496,-2.272400727203716
momentum_60d,60,2004-06-22,4.719650215186322,2.334505993030063
momentum_60d,60,2004-09-16,-0.38611992678761686,1.699790527850061
momentum_60d,60,2004-12-10,-3.659193859416754,-3.7166780093398875
momentum_60d,60,2005-03-09,-1.7603593018526396,-2.013148454047857
momentum_60d,60,2005-06-03,4.770844904011833,2.6393370035781683
momentum_60d,60,2005-08-29,-4.460960922167567,-2.923517166564478
momentum_60d,60,2005-11-22,-0.8831729440432756,0.09754710735723204
momentum_60d,60,2006-02-21,0.16081752954035058,0.2797696687988941
momentum_60d,60,2006-05-17,-4.882469986440427,-4.845878726642679
momentum_60d,60,2006-08-11,-9.670660595578155,-6.79085746595423
momentum_60d,60,2006-11-06,1.8697820202940714,1.351501369304279
momentum_60d,60,2007-02-05,-0.9882528995972233,3.0105435441643973
momentum_60d,60,2007-05-02,5.604649997393477,1.9661082386776552
momentum_60d,60,2007-07-27,3.0055810357217383,2.8388923113856395
momentum_60d,60,2007-10-22,14.669785141139224,4.78459825429904
momentum_60d,60,2008-01-17,-5.120957429712602,-3.7511986465147604
momentum_60d,60,2008-04-15,2.790800082857377,2.123452784083768
momentum_60d,60,2008-07-10,-15.560258635829413,-11.853597933499326
momentum_60d,60,2008-10-03,-3.8409746169066965,-2.82404378746441
momentum_60d,60,2008-12-30,-4.592135172254796,-0.3718909092343329
momentum_60d,60,2009-03-27,-4.489218408204406,-0.06571442474043732
momentum_60d,60,2009-06-23,12.969872033148247,7.47901856330447
momentum_60d,60,2009-09-17,-7.9352556833240095,-4.217520210519795
momentum_60d,60,2009-12-11,-5.3924066197334986,-4.036789336132322
momentum_60d,60,2010-03-11,-2.782945167569691,0.8136057223832668
momentum_60d,60,2010-06-07,-2.693599124202739,0.004898379873008452
momentum_60d,60,2010-08-31,-10.908432849019242,-5.552092757594496
momentum_60d,60,2010-11-24,6.326665372337429,3.319239974265035
momentum_60d,60,2011-02-22,-11.618762271818154,-3.590507794245601
momentum_60d,60,2011-05-18,4.692721429929914,2.8197472944798867
momentum_60d,60,2011-08-12,2.112151991901164,1.7180551749700494
momentum_60d,60,2011-11-07,-2.7887757427936144,-2.012998602792204
momentum_60d,60,2012-02-03,1.853527874351716,-0.01184161969413437
momentum_60d,60,2012-05-01,-0.6741556395757871,-2.8256794582156797
momentum_60d,60,2012-07-26,-2.316220912509744,-2.7495575280870472
momentum_60d,60,2012-10-19,2.2441168185924045,3.077369387260516
momentum_60d,60,2013-01-18,-1.3595502962458965,-1.9158802956851906
momentum_60d,60,2013-04-17,-8.921094916237646,-6.532108411207065
momentum_60d,60,2013-07-12,2.09247346193161,-0.03402935162292915
momentum_60d,60,2013-10-07,4.48662463283854,1.3804095871396673
momentum_60d,60,2014-01-02,-7.435245747137439,-2.453427501871275
momentum_60d,60,2014-03-31,1.47885126100434,1.222412166273109
momentum_60d,60,2014-06-25,-0.40552361308600443,-0.6605197688312285
momentum_60d,60,2014-09-19,8.182541301990746,3.9782183295205185
momentum_60d,60,2014-12-15,-3.0025376296980433,-2.3005656834632777
momentum_60d,60,2015-03-13,1.7474310520405378,-0.054818648283398254
momentum_60d,60,2015-06-09,-4.688011573863271,-2.2717643399653875
momentum_60d,60,2015-09-02,-1.3584178522020096,-0.7885318633204408
momentum_60d,60,2015-11-27,-4.771055765911159,-1.690590868868865
momentum_60d,60,2016-02-25,-6.13861245805271,-1.6481709135588958
momentum_60d,60,2016-05-20,-1.3998409095851816,-1.6343505409270431
momentum_60d,60,2016-08-16,-1.7901978248318406,-1.2108795486852655
momentum_60d,60,2016-11-09,8.186147839310864,4.668682900530796
momentum_60d,60,2017-02-07,4.316823838035795,0.7965385021419117
momentum_60d,60,2017-05-04,0.5918421956313091,0.33695929946167735
momentum_60d,60,2017-07-31,9.06036615070003,4.667802070934149
momentum_60d,60,2017-10-24,0.8958016638966596,-0.992918437704741
momentum_60d,60,2018-01-22,-0.733956743808665,1.3493029110730506
momentum_60d,60,2018-04-18,5.073053063050493,2.7463604077688926
momentum_60d,60,2018-07-13,-4.325832758957242,-3.8774410111162303
momentum_60d,60,2018-10-08,-4.391592739106135,-1.183875290805947
momentum_60d,60,2019-01-04,-0.27792248191179275,-1.0097640061883517
momentum_60d,60,2019-04-02,-2.5785643983385826,-1.4668749065981221
momentum_60d,60,2019-06-27,0.5312479501296244,0.7985257435054072
momentum_60d,60,2019-09-23,-0.3760444362952791,-2.361396700635965
momentum_60d,60,2019-12-17,3.781957335053003,-2.527066763460724
momentum_60d,60,2020-03-16,-13.516706026887903,-4.742881534233287
momentum_60d,60,2020-06-10,0.7094727680966264,-5.437625626350569
momentum_60d,60,2020-09-03,5.410819244619184,4.797581347651847
momentum_60d,60,2020-11-30,11.37106018941589,6.556080307427188
momentum_60d,60,2021-02-26,-1.3217995962326572,-0.9072781107316352
momentum_60d,60,2021-05-24,-3.7204957181853904,-3.103696402613125
momentum_60d,60,2021-08-18,-7.587535023451801,-2.0877192590351217
momentum_60d,60,2021-11-11,4.8552589826727095,4.376454666727211
momentum_60d,60,2022-02-08,21.71375052196858,16.38864372461354
momentum_60d,60,2022-05-05,-2.440588769409006,-2.2891159936877474
momentum_60d,60,2022-08-02,-2.7717663182132757,-0.973217261500392
momentum_60d,60,2022-10-26,-9.522228876997191,-0.6743489925422841
momentum_60d,60,2023-01-24,-0.16198916146535902,-3.5627072703413107
momentum_60d,60,2023-04-20,20.393996057255272,11.693075924133273
momentum_60d,60,2023-07-18,-2.194627947293293,-1.8972117928614012
momentum_60d,60,2023-10-11,-7.861595014736662,-5.419046950073458
momentum_60d,60,2024-01-08,-1.5708715056259779,2.5788145714517374
momentum_60d,60,2024-04-04,3.2865586128009903,-0.5884697984188003
momentum_60d,60,2024-07-01,-1.1380481805706906,-0.07866331589072942
momentum_60d,60,2024-09-25,-5.491991882999396,-8.7382337174221
momentum_60d,60,2024-12-19,-8.966593534948109,-0.05055503025589806
momentum_60d,60,2025-03-20,-15.366924528836984,-10.020134368174098
momentum_60d,60,2025-06-16,9.294943897982881,2.559051396976164
momentum_60d,60,2025-09-11,7.635679738660683,2.7586734216727153
momentum_60d,60,2025-12-05,-8.449660835780385,2.7295162738576866
momentum_60d,60,2026-03-05,-7.144427533567099,-10.567429513739302
momentum_60d,60,2026-06-01,-9.445789279044396,-2.234724723378882
momentum_60d,120,1999-03-22,-10.255101097158166,-10.142288231305049
momentum_60d,120,1999-09-10,28.130120382544966,12.599677251985508
momentum_60d,120,2000-03-02,-14.06342015060302,-3.6235562597065805
momentum_60d,120,2000-08-22,-22.231373558104124,-0.8456144953590669
momentum_60d,120,2001-02-13,11.811796254959843,10.059935619826632
momentum_60d,120,2001-08-06,2.9919026560473774,2.1339714936269627
momentum_60d,120,2002-02-01,-2.552288586688796,0.5656659205630115
momentum_60d,120,2002-07-25,-2.313053774807672,-5.516151101752712
momentum_60d,120,2003-01-15,13.6152018102676,10.427576489477675
momentum_60d,120,2003-07-09,9.411289700364406,6.534164538327454
momentum_60d,120,2003-12-29,-7.663951202730527,-6.201718446452439
momentum_60d,120,2004-06-22,3.7600159695603783,1.2389660973981234
momentum_60d,120,2004-12-10,-5.466630374275956,-4.356680979788034
momentum_60d,120,2005-06-03,-0.8061004601659298,-2.4614441848741953
momentum_60d,120,2005-11-22,2.9880057456305025,1.5575129330836859
momentum_60d,120,2006-05-17,-2.431065623812427,-4.607055808487756
momentum_60d,120,2006-11-06,-2.891844611827151,1.8053818315256764
momentum_60d,120,2007-05-02,7.633618750683158,1.205079881907626
momentum_60d,120,2007-10-22,17.023031553486383,8.182907552790358
momentum_60d,120,2008-04-15,-10.803695975565297,-9.625997038110583
momentum_60d,120,2008-10-03,-9.354590180753563,-5.47320783632258
momentum_60d,120,2009-03-27,-5.735340248117844,4.509573879492423
momentum_60d,120,2009-09-17,-1.9810741698479037,-2.447592382373702
momentum_60d,120,2010-03-11,-5.2324282259494925,-0.029332870025074637
momentum_60d,120,2010-08-31,-17.41757584531516,-10.496014014893662
momentum_60d,120,2011-02-22,-16.767114022050002,-6.619891635094599
momentum_60d,120,2011-08-12,-4.540286117831571,-1.7275276562759068
momentum_60d,120,2012-02-03,-5.833200649138444,-2.852811615518476
momentum_60d,120,2012-07-26,-10.354867101302666,-5.371206648499616
momentum_60d,120,2013-01-18,5.032270137497585,1.9190939622417986
momentum_60d,120,2013-07-12,4.843850029033133,-0.7937707308029266
momentum_60d,120,2014-01-02,-12.24037871642567,-3.009540111939746
momentum_60d,120,2014-06-25,-6.521613489699385,-5.090604181843591
momentum_60d,120,2014-12-15,-3.8941427537638,-3.643565559325479
momentum_60d,120,2015-06-09,-5.17816368298506,-3.7112569057249836
momentum_60d,120,2015-11-27,-7.111778083632658,-2.386781125541186
momentum_60d,120,2016-05-20,4.386055397615711,1.8934042567802771
momentum_60d,120,2016-11-09,8.04186808470735,4.296603747565367
momentum_60d,120,2017-05-04,-3.0787675451444154,-1.556064235287291
momentum_60d,120,2017-10-24,0.07620901611544717,-2.068855772542455
momentum_60d,120,2018-04-18,0.13712972078290253,-0.043675542825472036
momentum_60d,120,2018-10-08,-11.811538379713001,-3.5759395025631893
momentum_60d,120,2019-04-02,0.8435309864559537,2.007217443957665
momentum_60d,120,2019-09-23,11.449394891945238,0.2719700073761433
momentum_60d,120,2020-03-16,4.079790748131347,-2.801881971802926
momentum_60d,120,2020-09-03,3.993556061888267,8.220981998970005
momentum_60d,120,2021-02-26,-7.530562407675845,-8.724463156476963
momentum_60d,120,2021-08-18,-16.177927129454996,-3.3281739109574326
momentum_60d,120,2022-02-08,22.433912593044855,16.61327821401447
momentum_60d,120,2022-08-02,-9.961837705976762,-3.74450991413852
momentum_60d,120,2023-01-24,5.863585034635621,-2.4194215566029853
momentum_60d,120,2023-07-18,3.0785099923666293,-0.8700153510811622
momentum_60d,120,2024-01-08,8.916567610241211,3.7683564008808936
momentum_60d,120,2024-07-01,3.4835536779112366,-4.37563383272657
momentum_60d,120,2024-12-19,-1.2585321462552126,-0.6836556498040232
momentum_60d,120,2025-06-16,16.11032196817332,8.247185222922397
momentum_60d,120,2025-12-05,17.870381375756473,16.622429121006984
momentum_120d,5,1999-06-16,-0.9179908964995506,-1.7405665050754398
momentum_120d,5,1999-06-23,-2.926597825465993,-2.97131601717107
momentum_120d,5,1999-06-30,1.452582111065526,-0.3295072685710535
momentum_120d,5,1999-07-08,-1.3064405844852245,-1.0036535429047588
momentum_120d,5,1999-07-15,-0.10878200761340988,2.129916996706749
momentum_120d,5,1999-07-22,0.19188231132719244,-0.24104436337796611
momentum_120d,5,1999-07-29,6.062533921550283,4.178820707828264
momentum_120d,5,1999-08-05,1.4945113614941403,2.0308025935713085
momentum_120d,5,1999-08-12,-2.527944301725264,-2.039256832277296
momentum_120d,5,1999-08-19,-3.286184008132098,-3.785668541457136
momentum_120d,5,1999-08-26,1.4131177622158098,0.24511202575210703
momentum_120d,5,1999-09-02,3.309940443431947,1.6905927100496025
momentum_120d,5,1999-09-10,0.7734419792472098,0.06253837850348498
momentum_120d,5,1999-09-17,-2.069866234277784,-0.9048736273593261
momentum_120d,5,1999-09-24,0.92242919380164,0.3068254852007346
momentum_120d,5,1999-10-01,-4.968541247131157,-2.5372307181257754
momentum_120d,5,1999-10-08,1.2149007416461004,1.2412115397526144
momentum_120d,5,1999-10-15,-5.37221320045567,-1.6319622643524379
momentum_120d,5,1999-10-22,-1.8908988629440757,-2.041938154688398
momentum_120d,5,1999-10-29,1.73454931197905,0.6753194510026466
momentum_120d,5,1999-11-05,-1.4307275308283276,0.33497589638751635
momentum_120d,5,1999-11-12,-0.6771366416125635,-1.0040461666931586
momentum_120d,5,1999-11-19,0.8395627898804436,-1.569730287301474
momentum_120d,5,1999-11-29,-2.1446468448953078,-0.7060903017322724
momentum_120d,5,1999-12-06,2.6375847708879094,2.3535018775299883
momentum_120d,5,1999-12-13,2.1776546191321815,1.5067165378768768
momentum_120d,5,1999-12-20,0.7326069496937482,0.6249351796514164
momentum_120d,5,1999-12-28,2.0452551321472945,1.5074978417706477
momentum_120d,5,2000-01-04,0.2784917485863513,0.8638545873054496
momentum_120d,5,2000-01-11,2.133174108669319,1.2317291892515514
momentum_120d,5,2000-01-19,-3.3722019112546797,-1.2776354451434178
momentum_120d,5,2000-01-26,-0.21354130666909993,1.1557800959747824
momentum_120d,5,2000-02-02,5.934077157045906,1.2301480822885957
momentum_120d,5,2000-02-09,-4.788094624633073,-1.8976645340425795
momentum_120d,5,2000-02-16,5.829677365161878,2.507028260394413
momentum_120d,5,2000-02-24,-3.029644982993103,-2.3023853533621867
momentum_120d,5,2000-03-02,3.843767723824728,1.1537153108849028
momentum_120d,5,2000-03-09,-7.7112185939524736,-3.505112868011554
momentum_120d,5,2000-03-16,3.371119227528866,-0.36961757345748136
momentum_120d,5,2000-03-23,-5.801004477539854,-1.4628845615959043
momentum_120d,5,2000-03-30,-4.046334992857532,-2.2391430100217673
momentum_120d,5,2000-04-06,-9.239830831887533,-1.9262087624995556
momentum_120d,5,2000-04-13,1.8983143051055529,-1.1766653514825163
momentum_120d,5,2000-04-20,3.7603709768140243,3.0934678589874682
momentum_120d,5,2000-04-28,-1.5497150005605143,-0.33272536761458726
momentum_120d,5,2000-05-05,-1.8900538835530705,0.3314544613124156
momentum_120d,5,2000-05-12,-3.0133319142403288,-0.21115389457229497
momentum_120d,5,2000-05-19,-2.1056539759273982,-1.3759082107234608
momentum_120d,5,2000-05-26,-1.092797839641635,-2.941773144536634
momentum_120d,5,2000-06-05,1.241270916598532,0.9112128124787936
momentum_120d,5,2000-06-12,1.2867788947345784,-1.301044325553443
momentum_120d,5,2000-06-19,1.4615642362557597,-0.6094505512502717
momentum_120d,5,2000-06-26,-1.7273772009795962,-0.33293086060712795
momentum_120d,5,2000-07-03,-2.3981944292832442,1.1919940029374945
momentum_120d,5,2000-07-11,-0.13256934538920725,-2.6437336404079788
momentum_120d,5,2000-07-18,-0.13671180639582095,-0.4083134179887482
momentum_120d,5,2000-07-25,1.0749805376218837,2.613315138077514
momentum_120d,5,2000-08-01,-2.114465657357238,-0.6292931622300084
momentum_120d,5,2000-08-08,-0.29344844264241515,-0.4350595503663679
momentum_120d,5,2000-08-15,0.9923201791831409,-0.3373533552254041
momentum_120d,5,2000-08-22,-0.42383787675185375,-1.6001865965481736
momentum_120d,5,2000-08-29,-0.09246925707246216,2.3548230601180458
momentum_120d,5,2000-09-06,2.6290045738445915,0.46667919886923537
momentum_120d,5,2000-09-13,0.6689055234021193,-1.2886179594255123
momentum_120d,5,2000-09-20,5.218767611086631,3.934244233115084
momentum_120d,5,2000-09-27,-0.44774009273725895,1.28736375330775
momentum_120d,5,2000-10-04,5.2284246672743,3.4800014337442953
momentum_120d,5,2000-10-11,-0.11296212693793964,-0.7425952155419673
momentum_120d,5,2000-10-18,-1.492567827506456,-1.7860029101798143
momentum_120d,5,2000-10-25,-3.6670623326032548,-0.8621899411899984
momentum_120d,5,2000-11-01,1.6404691820550636,1.7039029665472365
momentum_120d,5,2000-11-08,-1.2139702717956207,-0.7982414142616431
momentum_120d,5,2000-11-15,6.59874268038296,3.8120802068445667
momentum_120d,5,2000-11-22,3.0820113000560685,-1.698315292955192
momentum_120d,5,2000-11-30,-3.3260369171142683,-0.3558341618779659
momentum_120d,5,2000-12-07,-2.551768489267403,-0.6682666892465106
momentum_120d,5,2000-12-14,9.562792439566978,4.4100408319184154
momentum_120d,5,2000-12-21,0.3938413076929918,0.5691082183897727
momentum_120d,5,2000-12-29,-7.953548150675371,-4.39542282697433
momentum_120d,5,2001-01-08,-8.646017709263287,-4.679651225493072
momentum_120d,5,2001-01-16,-5.007674613272569,-1.7248689363496439
momentum_120d,5,2001-01-23,1.7849661014104825,0.015422066919164775
momentum_120d,5,2001-01-30,5.824945078395364,1.932362245457353
momentum_120d,5,2001-02-06,5.91908543442049,2.9626362336287793
momentum_120d,5,2001-02-13,1.6720429304357687,2.2856981846357356
momentum_120d,5,2001-02-21,9.049140275654137,2.996906371157067
momentum_120d,5,2001-02-28,-7.676586863732568,-1.6170459662615766
momentum_120d,5,2001-03-07,3.3580178003351153,1.7567779492396889
momentum_120d,5,2001-03-14,2.117635314666255,1.273093428654478
momentum_120d,5,2001-03-21,1.2959389517177382,-0.9857246886178839
momentum_120d,5,2001-03-28,11.454394698033273,2.222159715639112
momentum_120d,5,2001-04-04,-14.766471013905536,-2.5829785183369687
momentum_120d,5,2001-04-11,-8.71321668025932,-2.8741790315294447
momentum_120d,5,2001-04-19,6.984116125431495,2.203895280381267
momentum_120d,5,2001-04-26,-6.451781854768246,-2.772920716257092
momentum_120d,5,2001-05-03,4.314878204381759,2.056167456514742
momentum_120d,5,2001-05-10,-0.22541010718718138,1.1617852546831786
momentum_120d,5,2001-05-17,-2.5291269985657854,-2.0987202068074584
momentum_120d,5,2001-05-24,1.4149771357503134,1.018938610736475
momentum_120d,5,2001-06-01,-3.533096433139863,-0.09289288441874932
momentum_120d,5,2001-06-08,1.6865929072213441,0.6927576750707394
momentum_120d,5,2001-06-15,1.821612700082594,0.012208065602681284
momentum_120d,5,2001-06-22,-3.4963926611630094,0.7355971109375321
momentum_120d,5,2001-06-29,3.742260440677699,0.4459001864632624
momentum_120d,5,2001-07-09,-0.21050403454316857,-1.273805760428178
momentum_120d,5,2001-07-16,-1.1138836891622836,-0.5034438214747621
momentum_120d,5,2001-07-23,-2.590193249392536,-0.9505131358709562
momentum_120d,5,2001-07-30,-2.0674455086841035,-0.27706911389305067
momentum_120d,5,2001-08-06,0.504749670962279,0.38062867744896867
momentum_120d,5,2001-08-13,1.2046250630806072,0.3508156825561862
momentum_120d,5,2001-08-20,0.9907487171883685,2.240104800481883
momentum_120d,5,2001-08-27,3.0830250861460704,1.6963351722322773
momentum_120d,5,2001-09-04,-3.1299125809553185,-4.766267614109635
momentum_120d,5,2001-09-17,2.490738510390393,-0.33826870224503336
momentum_120d,5,2001-09-24,5.636266898825423,0.17651579421458968
momentum_120d,5,2001-10-01,-12.725119109893162,-3.1394689116622354
momentum_120d,5,2001-10-08,-4.844326140574095,-1.6913668618861972
momentum_120d,5,2001-10-15,0.4820036139847975,-0.2095487263888048
momentum_120d,5,2001-10-22,-1.4923096883595313,0.34479754699778076
momentum_120d,5,2001-10-29,-6.886190730287593,-2.2303672572588322
momentum_120d,5,2001-11-05,-3.181216488703631,-0.6449294997362427
momentum_120d,5,2001-11-12,2.5053442745820815,0.6087793938399866
momentum_120d,5,2001-11-19,-1.4473038699087706,-0.1281042884585119
momentum_120d,5,2001-11-27,-0.2718029264670167,0.723995324430075
momentum_120d,5,2001-12-04,-1.4573272369936552,-0.500733236031851
momentum_120d,5,2001-12-11,-0.32371752433391815,0.6162489654121324
momentum_120d,5,2001-12-18,-5.6369654243330025,-3.3608781646331556
momentum_120d,5,2001-12-26,-5.08098605088119,-1.2280892229425002
momentum_120d,5,2002-01-03,-0.18787627713016114,-0.5271641707453607
momentum_120d,5,2002-01-10,1.8282649314308785,0.3752267025900221
momentum_120d,5,2002-01-17,-1.8194709792328734,-0.011004248019922763
momentum_120d,5,2002-01-25,2.4806420195621146,2.212446219253254
momentum_120d,5,2002-02-01,2.0074652534892747,0.8445328501986094
momentum_120d,5,2002-02-08,1.6984514385641747,2.062679785379899
momentum_120d,5,2002-02-15,-1.2784697585988731,1.0964934601928267
momentum_120d,5,2002-02-25,-3.5546484543849863,-0.8030546725569391
momentum_120d,5,2002-03-04,-1.8991486731231633,-1.111353735913175
momentum_120d,5,2002-03-11,-1.3801200952852275,0.01579251730398449
momentum_120d,5,2002-03-18,-1.9435022187982025,-0.7790987736510251
momentum_120d,5,2002-03-25,-0.328051392546432,0.052908315778898984
momentum_120d,5,2002-04-02,1.8293425905667553,0.13296437595847754
momentum_120d,5,2002-04-09,0.30528317075766404,1.7447031143378606
momentum_120d,5,2002-04-16,0.9427297249537577,0.13343796380538286
momentum_120d,5,2002-04-23,-1.0450704034550915,-0.8475661207590024
momentum_120d,5,2002-04-30,4.980435411600636,3.2205496285311774
momentum_120d,5,2002-05-07,-7.343570300563733,-1.9766129764981526
momentum_120d,5,2002-05-14,0.4021279063911476,0.40775568662700934
momentum_120d,5,2002-05-21,-0.0313940225967535,0.29535580522268934
momentum_120d,5,2002-05-29,0.12639170815948636,-0.4957822309469062
momentum_120d,5,2002-06-05,4.180625073733117,0.5989062353172276
momentum_120d,5,2002-06-12,1.4591659864721775,-0.17736001748295632
momentum_120d,5,2002-06-19,2.5024519674443817,1.1269030806547544
momentum_120d,5,2002-06-26,0.7662051148452309,-0.325003793119083
momentum_120d,5,2002-07-03,-3.767036945552675,-2.000115640942594
momentum_120d,5,2002-07-11,-3.209631082602219,-0.6187084680554438
momentum_120d,5,2002-07-18,7.213653694317397,2.1709630099673567
momentum_120d,5,2002-07-25,0.8711446021799667,-2.4704178206517975
momentum_120d,5,2002-08-01,-0.14514490236090527,0.2850544206330685
momentum_120d,5,2002-08-08,-3.246962850473841,-1.6316185280931188
momentum_120d,5,2002-08-15,-4.742011960702333,-1.1392484256142734
momentum_120d,5,2002-08-22,5.199839459800404,1.0929875529493982
momentum_120d,5,2002-08-29,1.140682215503682,-0.25193847228576205
momentum_120d,5,2002-09-06,1.4595382071979857,0.0028518047976914635
momentum_120d,5,2002-09-13,4.324021281735231,2.158950355494345
momentum_120d,5,2002-09-20,-1.7840231622813154,-1.0593986547345815
momentum_120d,5,2002-09-27,3.4725627263949677,0.44017939847986004
momentum_120d,5,2002-10-04,-2.151333035665777,-2.1780752868865383
momentum_120d,5,2002-10-11,-0.42482195691662855,-1.0427208980069436
momentum_120d,5,2002-10-18,-6.628654878372235,-1.8430975858144867
momentum_120d,5,2002-10-25,-4.956449388849679,-0.9727372029405176
momentum_120d,5,2002-11-01,1.1106809785673355,-0.30779954014520383
momentum_120d,5,2002-11-08,-2.699248155014485,-0.7351812404919149
momentum_120d,5,2002-11-15,-2.964249073391982,0.2537122779164106
momentum_120d,5,2002-11-22,-0.019690893854388755,-1.0953467410736626
momentum_120d,5,2002-12-02,0.29664449501893475,0.07534948867540248
momentum_120d,5,2002-12-09,-1.6845535208756757,-0.7391014928557242
momentum_120d,5,2002-12-16,2.0757715377247576,0.2570105359710806
momentum_120d,5,2002-12-23,-0.6337168728552464,-0.9570358368119591
momentum_120d,5,2002-12-31,-2.8540775465148847,-0.2715337608317473
momentum_120d,5,2003-01-08,-0.006432230234761516,0.4332311098571499
momentum_120d,5,2003-01-15,0.5652378472489377,1.1076543329858302
momentum_120d,5,2003-01-23,2.6344668023609943,1.750369040663909
momentum_120d,5,2003-01-30,0.21511194036705947,-0.13386086640890804
momentum_120d,5,2003-02-06,1.070147784523038,0.32176588181164945
momentum_120d,5,2003-02-13,-2.717367227070085,0.38545340446181076
momentum_120d,5,2003-02-21,1.3422471697825364,0.6887583831317527
momentum_120d,5,2003-02-28,-0.7134420294105714,-0.27796320787240036
momentum_120d,5,2003-03-07,1.0039911265592116,1.7860533786322574
momentum_120d,5,2003-03-14,-1.9426789892289298,-0.7605362195710397
momentum_120d,5,2003-03-21,-2.3107194092599315,-2.188996564358925
momentum_120d,5,2003-03-28,-0.7787130577405248,-0.6352139404804058
momentum_120d,5,2003-04-04,-1.9257702262818939,-0.8697247757870988
momentum_120d,5,2003-04-11,6.298991154427553,4.738535219506371
momentum_120d,5,2003-04-21,-0.7955479166338134,-0.7628401166140903
momentum_120d,5,2003-04-28,0.6636400537044729,0.7923779603126624
momentum_120d,5,2003-05-05,0.6645657929724565,0.33535279880905955
momentum_120d,5,2003-05-12,0.02879057709474684,-0.33883596628400126
momentum_120d,5,2003-05-19,0.6054050483138708,2.333802402376868
momentum_120d,5,2003-05-27,-1.5268186634868952,-1.2302356651560542
momentum_120d,5,2003-06-03,-1.1120740851999027,-1.0969377401258105
momentum_120d,5,2003-06-10,-3.355381028147049,-2.3780017341840947
momentum_120d,5,2003-06-17,-2.027303005044708,-0.9773698166024025
momentum_120d,5,2003-06-24,2.479509306627222,1.790994250009285
momentum_120d,5,2003-07-01,5.618831589907742,4.244219671973118
momentum_120d,5,2003-07-09,1.910377501658563,1.2992546763624047
momentum_120d,5,2003-07-16,-3.0330883813450242,-0.4052734786037922
momentum_120d,5,2003-07-23,0.0827424780416938,-0.6432626275661619
momentum_120d,5,2003-07-30,-0.9395835821485583,-0.07470715619013837
momentum_120d,5,2003-08-06,0.4820683504172048,0.45422399405870745
momentum_120d,5,2003-08-13,4.663327340392054,3.398671863147958
momentum_120d,5,2003-08-20,3.023870748770733,3.0846498203184707
momentum_120d,5,2003-08-27,0.8067591950830991,-0.37647658997110867
momentum_120d,5,2003-09-04,-2.1300119988042523,-1.1006436638322716
momentum_120d,5,2003-09-11,2.486679196209977,0.4326346359377527
momentum_120d,5,2003-09-18,-4.065701361792913,-1.8608985698248204
momentum_120d,5,2003-09-25,-0.3253506881836972,-0.8806756250185677
momentum_120d,5,2003-10-02,4.1459029398552465,2.6435728914209493
momentum_120d,5,2003-10-09,2.030396134727256,1.50627477715383
momentum_120d,5,2003-10-16,-1.7441774043296498,-0.7004656627284038
momentum_120d,5,2003-10-23,5.8995646062623015,3.6390758965254197
momentum_120d,5,2003-10-30,1.5710612269351036,1.379366470370691
momentum_120d,5,2003-11-06,-1.7022375257566744,-0.38095259049709673
momentum_120d,5,2003-11-13,-3.5715360929692297,-2.1350716113548884
momentum_120d,5,2003-11-20,3.862043206256216,2.5885711400166045
momentum_120d,5,2003-11-28,-3.4119519364559703,-1.5540129510447622
momentum_120d,5,2003-12-05,-0.0490978809399004,-0.48684649564913657
momentum_120d,5,2003-12-12,-1.1114564775130766,-1.0855534481348608
momentum_120d,5,2003-12-19,1.2694036345082038,0.846510782004802
momentum_120d,5,2003-12-29,0.47868129143783616,-0.13665826000863746
momentum_120d,5,2004-01-06,0.9369463002337061,0.2662945905430666
momentum_120d,5,2004-01-13,-1.6945815261885804,-1.8665343128702754
momentum_120d,5,2004-01-21,-2.2328062592099887,-1.452963096096597
momentum_120d,5,2004-01-28,-4.056782544328737,-1.8754730010766625
momentum_120d,5,2004-02-04,2.2393672820990362,1.4893784058653603
momentum_120d,5,2004-02-11,-0.5982677382447473,-0.2538017702006531
momentum_120d,5,2004-02-19,0.4353341530149694,0.718450116022477
momentum_120d,5,2004-02-26,0.5074811373928659,0.17113888206725658
momentum_120d,5,2004-03-04,0.5643233670191001,-0.13227437947650467
momentum_120d,5,2004-03-11,1.8756132754954655,0.7666754362494643
momentum_120d,5,2004-03-18,-1.7420531059542406,-1.1082933184775747
momentum_120d,5,2004-03-25,0.18445414654829997,0.3128745764270283
momentum_120d,5,2004-04-01,-1.3266817306866001,-0.07447982340759904
momentum_120d,5,2004-04-08,3.4021440896177166,1.051990052839987
momentum_120d,5,2004-04-16,-1.6562858169690238,-0.9014448026692046
momentum_120d,5,2004-04-23,3.8513746671670956,1.0416559466587296
momentum_120d,5,2004-04-30,-0.713773796086529,0.6827643102122694
momentum_120d,5,2004-05-07,-0.4175543473898443,-0.6779711338964416
momentum_120d,5,2004-05-14,-2.1075056796341842,-1.2769993298509954
momentum_120d,5,2004-05-21,-2.7301384121495595,-0.8228294523090337
momentum_120d,5,2004-05-28,0.5637378280262524,-0.48638042133638165
momentum_120d,5,2004-06-07,1.2923409066457947,0.3078151980117442
momentum_120d,5,2004-06-15,1.6082179248544493,1.2732750248379388
momentum_120d,5,2004-06-22,-2.253572565240247,-0.26598190744735095
momentum_120d,5,2004-06-29,3.984907356838807,1.5347785100417157
momentum_120d,5,2004-07-07,3.3801957838797394,1.02950474407106
momentum_120d,5,2004-07-14,1.0561367970183293,0.5449685790089309
momentum_120d,5,2004-07-21,0.5940402327417956,-0.6104218012888296
momentum_120d,5,2004-07-28,-0.5381892042564635,0.10724279966696226
momentum_120d,5,2004-08-04,2.524397118131305,0.29684561575714274
momentum_120d,5,2004-08-11,-1.6775667699460115,-1.1083420263009423
momentum_120d,5,2004-08-18,-0.41214084772278614,-0.4019758967363322
momentum_120d,5,2004-08-25,2.654896345643624,1.527537849539562
momentum_120d,5,2004-09-01,1.1499003090051068,0.48710213940729535
momentum_120d,5,2004-09-09,-2.1306691620010754,-0.624201813058108
momentum_120d,5,2004-09-16,0.094869604214428,1.712621506655602
momentum_120d,5,2004-09-23,2.1700013238469595,0.8176951226602336
momentum_120d,5,2004-09-30,-0.4852141765146589,0.4028109645652478
momentum_120d,5,2004-10-07,1.8101299917097156,0.6040185341739002
momentum_120d,5,2004-10-14,-1.357017244290563,0.2367979102021689
momentum_120d,5,2004-10-21,-1.614597561767528,-1.4023251567003236
momentum_120d,5,2004-10-28,1.8213209797102208,0.7196579275363952
momentum_120d,5,2004-11-04,0.2401562845680198,-0.1637511833888457
momentum_120d,5,2004-11-11,-1.4167165945561444,-0.10523915692538521
momentum_120d,5,2004-11-18,4.992701242359576,3.429699679203657
momentum_120d,5,2004-11-26,-4.964709697690366,-3.8427226152181158
momentum_120d,5,2004-12-03,0.571577464859004,-0.9158886281775821
momentum_120d,5,2004-12-10,1.5324273979810656,1.4005908666593347
momentum_120d,5,2004-12-17,0.02863875287302624,-0.12531544790530164
momentum_120d,5,2004-12-27,-1.5732487823179524,-1.3624283152689118
momentum_120d,5,2005-01-03,-0.7228280953414619,-0.5357628626252109
momentum_120d,5,2005-01-10,1.0028513389348812,0.8541605296762697
momentum_120d,5,2005-01-18,0.8547955755277855,0.6514008621357241
momentum_120d,5,2005-01-25,0.7057277253974316,1.1019377615769064
momentum_120d,5,2005-02-01,-0.5895952668757347,0.6951023019074947
momentum_120d,5,2005-02-08,1.5944757494919932,1.1282480687107688
momentum_120d,5,2005-02-15,2.617222952575863,2.5346501083115385
momentum_120d,5,2005-02-23,1.3126985113678602,0.8634363765243439
momentum_120d,5,2005-03-02,-0.08264524496860437,-0.19424465988982326
momentum_120d,5,2005-03-09,0.14941985371031974,0.03540572108173083
momentum_120d,5,2005-03-16,-0.3972942438922248,0.04021644938826767
momentum_120d,5,2005-03-23,0.8585895923968412,0.5784784406768366
momentum_120d,5,2005-03-31,0.6982795017772176,0.3169282201130367
momentum_120d,5,2005-04-07,-1.3023013942650077,-1.3722944520034455
momentum_120d,5,2005-04-14,0.29521558314078805,0.2629565900835481
momentum_120d,5,2005-04-21,0.6612648032688018,-0.01597830699505328
momentum_120d,5,2005-04-28,-0.7416122797303082,-0.6297630983440976
momentum_120d,5,2005-05-05,-1.2879873493706266,-0.47511051305210533
momentum_120d,5,2005-05-12,-3.7481302104034775,-1.9437334828520465
momentum_120d,5,2005-05-19,0.5979856492825508,0.542321731410585
momentum_120d,5,2005-05-26,1.3835612358663338,1.3622757835331254
momentum_120d,5,2005-06-03,1.2042488483688976,0.8077664989408132
momentum_120d,5,2005-06-10,0.17489327247316444,0.6915172251040731
momentum_120d,5,2005-06-17,2.348908919584162,0.9869872177507455
momentum_120d,5,2005-06-24,1.499186408792308,0.5726074974982935
momentum_120d,5,2005-07-01,0.5052855697767885,1.7297080437945533
momentum_120d,5,2005-07-11,-1.4557579609961477,-1.056356053899262
momentum_120d,5,2005-07-18,0.7302093289674534,1.1429054827102583
momentum_120d,5,2005-07-25,0.058463469585727054,0.10000874581094592
momentum_120d,5,2005-08-01,0.2898929903601263,0.37626024710940564
momentum_120d,5,2005-08-08,-0.07252794354831356,0.09557411903942103
momentum_120d,5,2005-08-15,0.1602445668612525,0.21745422191964772
momentum_120d,5,2005-08-22,1.9564603068387512,1.160247714880395
momentum_120d,5,2005-08-29,2.3048615648143382,1.6209384099676205
momentum_120d,5,2005-09-06,0.04345956050774515,0.17305837548817388
momentum_120d,5,2005-09-13,2.4317009104691327,1.6939094579790703
momentum_120d,5,2005-09-20,-1.041464869465673,-0.3486291804476793
momentum_120d,5,2005-09-27,0.25838726771461407,0.3385611978677927
momentum_120d,5,2005-10-04,-2.917042495097699,-2.572676778100376
momentum_120d,5,2005-10-11,-2.611866296121901,-2.5535597271475625
momentum_120d,5,2005-10-18,0.34527733516232323,0.5748136779628192
momentum_120d,5,2005-10-25,-1.6210025224210296,-1.3147918888534726
momentum_120d,5,2005-11-01,0.80627587028503,0.162954003737444
momentum_120d,5,2005-11-08,-0.6739464907752273,-0.7758279527157723
momentum_120d,5,2005-11-15,2.6148180190405026,1.6013365213322601
momentum_120d,5,2005-11-22,-0.5807984163622752,-0.9185087503108832
momentum_120d,5,2005-11-30,1.0167707922827063,1.1308024555994667
momentum_120d,5,2005-12-07,-0.6788545736942023,-0.3780864597142811
momentum_120d,5,2005-12-14,-1.700413364390078,-1.466034345740952
momentum_120d,5,2005-12-21,-0.3714288582555995,-0.07563662440250493
momentum_120d,5,2005-12-29,0.2161514788958799,1.2268204804251504
momentum_120d,5,2006-01-06,-0.22470371267085215,-0.18915980217965406
momentum_120d,5,2006-01-13,-0.34771077026595953,0.8473081911860136
momentum_120d,5,2006-01-23,0.8496386061156139,0.9290008804571462
momentum_120d,5,2006-01-30,-0.39224855699639216,0.015148672938617805
momentum_120d,5,2006-02-06,-3.6744750767378527,-3.16981537260936
momentum_120d,5,2006-02-13,1.321460347313049,1.1716804606493936
momentum_120d,5,2006-02-21,-1.436656373839936,-1.1746143675207432
momentum_120d,5,2006-02-28,1.5275062899296254,0.14951812355515165
momentum_120d,5,2006-03-07,1.199046499752395,0.36908096871555907
momentum_120d,5,2006-03-14,2.0603714313387886,0.4207700890810166
momentum_120d,5,2006-03-21,-0.9568002249993582,0.3218703207593987
momentum_120d,5,2006-03-28,1.2393557514114935,0.8417959566646926
momentum_120d,5,2006-04-04,1.5257398625010299,0.25889955088747774
momentum_120d,5,2006-04-11,3.720916856487951,2.868332579940658
momentum_120d,5,2006-04-19,-1.6752064898704324,-0.9683703122789914
momentum_120d,5,2006-04-26,0.6222714981542329,0.5268640957446429
momentum_120d,5,2006-05-03,1.4469535185096898,0.9859813814469209
momentum_120d,5,2006-05-10,-3.252919292905232,-2.3883122985636147
momentum_120d,5,2006-05-17,-0.37969469658765875,-1.7269296772021752
momentum_120d,5,2006-05-24,1.1885796131098452,1.273030017691886
momentum_120d,5,2006-06-01,-1.3003968676266224,-2.0399770296357906
momentum_120d,5,2006-06-08,-0.6780410882647987,-0.40211643469872566
momentum_120d,5,2006-06-15,0.39678578058818986,0.02361285976305213
momentum_120d,5,2006-06-22,3.025610248378041,1.786548543264832
momentum_120d,5,2006-06-29,1.5929033375412738,0.12165296060425342
momentum_120d,5,2006-07-07,0.31775946685205225,-0.4037383973113928
momentum_120d,5,2006-07-14,-0.8455456110981788,-1.9751020777097894
momentum_120d,5,2006-07-21,-3.107186231694888,-1.5046155448667755
momentum_120d,5,2006-07-28,0.3625826033305338,0.0947815854035472
momentum_120d,5,2006-08-04,1.620731797502876,1.0460086562789148
momentum_120d,5,2006-08-11,-5.359590556410216,-2.349314113405972
momentum_120d,5,2006-08-18,2.108388063180037,1.1395460784737557
momentum_120d,5,2006-08-25,-2.68574299397328,-1.194286777513006
momentum_120d,5,2006-09-01,-2.368684589239811,-2.176223854156663
momentum_120d,5,2006-09-11,-2.44505967543146,-1.4398030529327164
momentum_120d,5,2006-09-18,1.743737230244339,0.37952294901268946
momentum_120d,5,2006-09-25,-0.42181353177784076,-0.41106598503458286
momentum_120d,5,2006-10-02,0.06132157645380998,-0.6658718181756007
momentum_120d,5,2006-10-09,-3.8165017519272926,-0.8150619847045792
momentum_120d,5,2006-10-16,4.066357371634407,1.4883553685199522
momentum_120d,5,2006-10-23,-1.0678439841760683,-0.5770060275679871
momentum_120d,5,2006-10-30,-1.801067862654382,-0.8476411679530246
momentum_120d,5,2006-11-06,-1.6649421258345418,-0.5296865812309259
momentum_120d,5,2006-11-13,-1.0564294722154626,-0.14430056255690565
momentum_120d,5,2006-11-20,-0.09421462103044176,0.20842603067203017
momentum_120d,5,2006-11-28,0.9407676984910074,0.0967570873416331
momentum_120d,5,2006-12-05,0.4345149534865348,-0.3771305604966413
momentum_120d,5,2006-12-12,0.2705811829248783,-0.3806876452468577
momentum_120d,5,2006-12-19,0.9237697787066105,0.3699608065661645
momentum_120d,5,2006-12-27,0.606821367896356,-0.22548343297876064
momentum_120d,5,2007-01-05,1.0306678131549545,0.5162505919745541
momentum_120d,5,2007-01-12,-3.627722315979783,-2.330356544206924
momentum_120d,5,2007-01-22,-1.0302023763952173,0.31507868295225594
momentum_120d,5,2007-01-29,-0.9492559253266641,-0.5239500864526809
momentum_120d,5,2007-02-05,0.868100272731768,0.6423500545687189
momentum_120d,5,2007-02-12,1.4316607766603964,1.1492824999157492
momentum_120d,5,2007-02-20,-2.1216166446375473,0.6735421179887531
momentum_120d,5,2007-02-27,0.05060147427452533,-0.7921040676995283
momentum_120d,5,2007-03-06,-0.3484013321662223,0.45277511703178214
momentum_120d,5,2007-03-13,1.618934482774533,0.6991454204246035
momentum_120d,5,2007-03-20,2.2101167641052224,1.2621366198799868
momentum_120d,5,2007-03-27,1.4877305945107167,0.6433230069673519
momentum_120d,5,2007-04-03,-0.4954450848177028,0.38860691828376626
momentum_120d,5,2007-04-11,-1.9391542530594683,-1.0823939590381082
momentum_120d,5,2007-04-18,-1.343057375034292,0.49276865403871845
momentum_120d,5,2007-04-25,0.2482086475519692,-0.6071790963993424
momentum_120d,5,2007-05-02,0.86622828576662,0.43228086269750204
momentum_120d,5,2007-05-09,0.48297093855009054,-0.21728604156181866
momentum_120d,5,2007-05-16,0.7650666233067132,0.13922969841709082
momentum_120d,5,2007-05-23,-0.13726635133841647,-0.010665020823933762
momentum_120d,5,2007-05-31,-0.7282660556537073,-0.8591457586634451
momentum_120d,5,2007-06-07,0.25998532050364176,0.7114442152864016
momentum_120d,5,2007-06-14,1.2729789072417212,0.8739141484397547
momentum_120d,5,2007-06-21,-0.7694624155380396,-0.8068481231029064
momentum_120d,5,2007-06-28,1.7455859348190015,1.5155474820801893
momentum_120d,5,2007-07-06,2.6434889669655752,1.686487298058122
momentum_120d,5,2007-07-13,1.9368444831247482,0.5595102362478659
momentum_120d,5,2007-07-20,-1.7162496078280798,-1.8305233754728183
momentum_120d,5,2007-07-27,-0.32648342892148685,-1.2167373254344214
momentum_120d,5,2007-08-03,-0.7228435844199076,0.19416493820155017
momentum_120d,5,2007-08-10,-1.8233304837538378,-1.583632646191202
momentum_120d,5,2007-08-17,-0.42623981238905095,0.7756632704783994
momentum_120d,5,2007-08-24,1.7035595010697218,1.4284584952570976
momentum_120d,5,2007-08-31,0.9412557093225526,0.34039290177988824
momentum_120d,5,2007-09-10,-1.064881617289215,-0.6273974506934972
momentum_120d,5,2007-09-17,1.7464327084433906,0.8073542939824504
momentum_120d,5,2007-09-24,0.45927825711067716,-0.06692347098071019
momentum_120d,5,2007-10-01,-1.459633760782893,-0.5760734311190803
momentum_120d,5,2007-10-08,2.1401637352441827,1.1248178256865935
momentum_120d,5,2007-10-15,0.21707762032972716,0.2590879249567505
momentum_120d,5,2007-10-22,1.574836432230864,1.8937731791133894
momentum_120d,5,2007-10-29,1.77430155672225,0.528139681196016
momentum_120d,5,2007-11-05,-3.4125773111577384,-2.86036536537347
momentum_120d,5,2007-11-12,3.220259011682103,1.4656306278439204
momentum_120d,5,2007-11-19,1.7573958343980642,0.8636929221498502
momentum_120d,5,2007-11-27,-1.1777288173814071,-0.4619856877962514
momentum_120d,5,2007-12-04,0.03594473808879632,-0.5666010468673692
momentum_120d,5,2007-12-11,0.986749748526472,-0.25091491710921654
momentum_120d,5,2007-12-18,0.624617052569687,0.008420766921557465
momentum_120d,5,2007-12-26,3.8483953869828205,1.2503535805258945
momentum_120d,5,2008-01-03,3.948728171268682,2.4699618758569812
momentum_120d,5,2008-01-10,-1.9562247366978758,-1.2840065020056155
momentum_120d,5,2008-01-17,-8.838333486949319,-4.821195288400774
momentum_120d,5,2008-01-25,-2.6431805029412487,0.3190682440988635
momentum_120d,5,2008-02-01,3.8813567774412028,2.048116464917704
momentum_120d,5,2008-02-08,1.6600241459700478,0.9540496312423855
momentum_120d,5,2008-02-15,1.8916055914409444,1.643273466872323
momentum_120d,5,2008-02-25,3.3410163870035148,1.9143862768538595
momentum_120d,5,2008-03-03,-1.0068184757728231,-0.5027849329974059
momentum_120d,5,2008-03-10,0.9698276772663439,0.3379363105285268
momentum_120d,5,2008-03-17,-5.893884520419064,-2.719269792779537
momentum_120d,5,2008-03-25,1.4851798319102771,0.6501776774976136
momentum_120d,5,2008-04-01,3.731667944378473,2.5251089951044707
momentum_120d,5,2008-04-08,2.9425758086083977,2.130057523547657
momentum_120d,5,2008-04-15,-0.8920640422054796,-0.16005563668615536
momentum_120d,5,2008-04-22,-5.610101267677866,-3.223281673856256
momentum_120d,5,2008-04-29,0.5716665747398302,0.6674490885242228
momentum_120d,5,2008-05-06,3.051944061541397,2.212210495647926
momentum_120d,5,2008-05-13,2.1957195633360627,1.8881514496245384
momentum_120d,5,2008-05-20,-0.42894813002670357,-0.15644417036659125
momentum_120d,5,2008-05-28,-2.1315755177080953,-1.071682807949196
momentum_120d,5,2008-06-04,4.176164973555444,1.8086433997497726
momentum_120d,5,2008-06-11,0.8294120778386057,0.5589955424626851
momentum_120d,5,2008-06-18,0.09824701520613952,0.05645894641841028
momentum_120d,5,2008-06-25,-0.7638697229329194,-1.5876827095400614
momentum_120d,5,2008-07-02,-2.6153269550377223,-1.322738928392956
momentum_120d,5,2008-07-10,-3.246262080955039,-0.4581442757753999
momentum_120d,5,2008-07-17,-6.473076682170613,-4.449961005031778
momentum_120d,5,2008-07-24,-0.07167655433748162,0.05151362749429289
momentum_120d,5,2008-07-31,-0.003850527543617736,-0.010537606869058063
momentum_120d,5,2008-08-07,1.7956775940468777,1.7257817827605049
momentum_120d,5,2008-08-14,-3.5567502416771646,-2.053831482807496
momentum_120d,5,2008-08-21,-3.364713114988005,-0.9634600809497925
momentum_120d,5,2008-08-28,0.38763670994249233,0.592622973972216
momentum_120d,5,2008-09-05,2.615036089672303,0.19496425457637595
momentum_120d,5,2008-09-12,-5.685762851698062,-2.2460068569704212
momentum_120d,5,2008-09-19,1.431581157362427,0.22358766733291033
momentum_120d,5,2008-09-26,7.191058380723991,3.0842130912995853
momentum_120d,5,2008-10-03,2.9579072151160033,4.248398580081558
momentum_120d,5,2008-10-10,1.2813772438401503,-1.447081968815119
momentum_120d,5,2008-10-17,6.75133050412553,4.111098723606688
momentum_120d,5,2008-10-24,-10.340582655949076,-6.40323157277755
momentum_120d,5,2008-10-31,5.32064652907999,3.2206556848696035
momentum_120d,5,2008-11-07,5.272846355176882,5.2212247890868095
momentum_120d,5,2008-11-14,12.230560683272659,4.9908037008929504
momentum_120d,5,2008-11-21,-6.528265161688422,-4.369789407094915
momentum_120d,5,2008-12-01,-11.110002268249069,-5.786864615948536
momentum_120d,5,2008-12-08,-5.2108025929137,0.6059651028770374
momentum_120d,5,2008-12-15,4.165720176699916,1.7548684161007966
momentum_120d,5,2008-12-22,-1.3290379485210464,-0.3232259564401355
momentum_120d,5,2008-12-30,-3.2556158387252454,-0.5444040718522558
momentum_120d,5,2009-01-07,4.416172705045688,1.418101527529473
momentum_120d,5,2009-01-14,7.136934448748325,3.2719606110549506
momentum_120d,5,2009-01-22,-3.5211564320112374,-0.5099714272443305
momentum_120d,5,2009-01-29,-1.2886609549264607,-0.05785933967519252
momentum_120d,5,2009-02-05,-1.5613470444831004,-0.7465664365803759
momentum_120d,5,2009-02-12,6.307646396693123,2.3810176796639033
momentum_120d,5,2009-02-20,-2.503051899063495,-1.806027342496619
momentum_120d,5,2009-02-27,6.097764703745989,1.8581789690500023
momentum_120d,5,2009-03-06,-13.315639962374274,-5.581454568304486
momentum_120d,5,2009-03-13,-3.0476864149332816,-2.3395088729988633
momentum_120d,5,2009-03-20,-7.1938324300481415,-3.1056843193457766
momentum_120d,5,2009-03-27,-2.106246330787979,-1.002922678967566
momentum_120d,5,2009-04-03,-6.230083942272713,-2.50857962295421
momentum_120d,5,2009-04-13,2.162158369572135,0.8110635853699347
momentum_120d,5,2009-04-20,-1.3377848912977515,0.5791388292777366
momentum_120d,5,2009-04-27,-1.247674540208066,1.1383268256857018
momentum_120d,5,2009-05-04,-6.277722646430842,-4.01226543153416
momentum_120d,5,2009-05-11,0.7011430609941841,-0.388806575986563
momentum_120d,5,2009-05-18,-1.3529488427987881,-0.1308573227786769
momentum_120d,5,2009-05-26,1.4648991939190854,0.9571155223627725
momentum_120d,5,2009-06-02,0.8734157495625191,1.0662418852633082
momentum_120d,5,2009-06-09,-3.4731170167250065,-1.4171101627213134
momentum_120d,5,2009-06-16,-3.9010490453160815,-0.6748469606844572
momentum_120d,5,2009-06-23,0.6823974073660939,0.750399249028429
momentum_120d,5,2009-06-30,0.7803800787424967,-0.6381258914242682
momentum_120d,5,2009-07-08,2.163209392922079,2.681755544307636
momentum_120d,5,2009-07-15,1.2694915647801859,0.7990343672659531
momentum_120d,5,2009-07-22,0.406016137844382,0.3803599648012579
momentum_120d,5,2009-07-29,3.985406534646563,1.7040000400284343
momentum_120d,5,2009-08-05,-1.7825494466724692,-1.5397051488350613
momentum_120d,5,2009-08-12,-0.8655449136139656,0.061250191628703377
momentum_120d,5,2009-08-19,0.08135836525193048,-0.3793233557424891
momentum_120d,5,2009-08-26,-2.045988910813168,-0.7664931952339933
momentum_120d,5,2009-09-02,2.095986755564564,1.0824899304821
momentum_120d,5,2009-09-10,2.3533331038462966,1.2829248025133375
momentum_120d,5,2009-09-17,-2.499716686164751,-1.46492288925791
momentum_120d,5,2009-09-24,-1.860101606659026,-1.3068774290376415
momentum_120d,5,2009-10-01,0.7605197480726744,0.449005233750821
momentum_120d,5,2009-10-08,1.2781028662012546,0.20082576617021322
momentum_120d,5,2009-10-15,-0.9413743407812832,-0.3809814869035274
momentum_120d,5,2009-10-22,-1.507672496634153,-0.8822389548225673
momentum_120d,5,2009-10-29,-1.5438521433149908,-1.1806907017475852
momentum_120d,5,2009-11-05,0.6310894189553846,1.1551567642448837
momentum_120d,5,2009-11-12,-0.6546531885149347,-0.8380920687828919
momentum_120d,5,2009-11-19,-1.718570445854876,-1.0714690732756438
momentum_120d,5,2009-11-27,-0.1483922770512458,-0.023957917452754884
momentum_120d,5,2009-12-04,-0.7708026785373302,0.14055606129985315
momentum_120d,5,2009-12-11,-0.2536452543154562,-0.1559715954404517
momentum_120d,5,2009-12-18,0.09788091724483765,-0.3528018520722487
momentum_120d,5,2009-12-28,2.1282853410922473,0.0853131117977727
momentum_120d,5,2010-01-05,0.008075820787523114,0.7941090121830122
momentum_120d,5,2010-01-12,-0.2640776965639728,-0.8006012188911246
momentum_120d,5,2010-01-20,-1.65240296286678,-0.8407029949071795
momentum_120d,5,2010-01-27,1.5489653306768325,0.6941492911973213
momentum_120d,5,2010-02-03,-0.3450873993390021,-0.24131521196354053
momentum_120d,5,2010-02-10,0.17323701046012552,0.28430618683192854
momentum_120d,5,2010-02-18,0.018221966106790652,0.3959949783388909
momentum_120d,5,2010-02-25,1.1471700404233953,0.7242920986927432
momentum_120d,5,2010-03-04,0.5794918472911877,0.45795944663106586
momentum_120d,5,2010-03-11,0.4460824038176048,0.37854652033270464
momentum_120d,5,2010-03-18,1.7898251136701553,0.32174378461676445
momentum_120d,5,2010-03-25,-1.7704967729862113,-0.23596861428632673
momentum_120d,5,2010-04-01,-0.006770006048029131,0.3842262161050325
momentum_120d,5,2010-04-09,2.1675890298449225,1.216521636647557
momentum_120d,5,2010-04-16,-0.6431933984253198,0.5998758362565286
momentum_120d,5,2010-04-23,-0.9893833824092553,-0.35764490831329265
momentum_120d,5,2010-04-30,-2.3516319838284283,-1.0602971041482
momentum_120d,5,2010-05-07,1.1722393897988015,0.33905613475968543
momentum_120d,5,2010-05-14,0.6639896741287066,0.3935349666681076
momentum_120d,5,2010-05-21,0.9846668954684186,1.2319475406973015
momentum_120d,5,2010-05-28,-0.5418191004746794,-1.0574276700822192
momentum_120d,5,2010-06-07,-0.09162840812021825,0.3714585903690596
momentum_120d,5,2010-06-14,-0.33879803514393536,-0.15787865016914465
momentum_120d,5,2010-06-21,0.4561221051110934,-0.377225002507775
momentum_120d,5,2010-06-28,-0.21685083188792698,0.08982160690738836
momentum_120d,5,2010-07-06,0.5620700140514485,0.5818642749037872
momentum_120d,5,2010-07-13,-0.14704916470955992,0.4370954488682077
momentum_120d,5,2010-07-20,0.5177638328964489,-0.4079242230562145
momentum_120d,5,2010-07-27,-2.6669666991030163,-1.40986811584242
momentum_120d,5,2010-08-03,0.3030094352860021,0.8618225610604066
momentum_120d,5,2010-08-10,-0.7350038643601805,0.3035466311052596
momentum_120d,5,2010-08-17,1.2604246035360664,0.4116983712959099
momentum_120d,5,2010-08-24,0.07323488056062791,0.18077682632008002
momentum_120d,5,2010-08-31,-1.314916761500225,-1.282294965218115
momentum_120d,5,2010-09-08,-2.0332432380932928,-0.9859185363336076
momentum_120d,5,2010-09-15,1.384345633568677,0.5395322360559469
momentum_120d,5,2010-09-22,-1.7852474419137918,-0.18911319053324477
momentum_120d,5,2010-09-29,-1.521858478340632,-0.8831665368293015
momentum_120d,5,2010-10-06,0.13392230519241693,-0.2219326892112609
momentum_120d,5,2010-10-13,0.9900510741658948,0.26461076731725264
momentum_120d,5,2010-10-20,-1.5236756402808822,-0.47988342533464473
momentum_120d,5,2010-10-27,0.07493629807164097,-0.13720737270345545
momentum_120d,5,2010-11-03,0.751500657744956,0.49146920320489357
momentum_120d,5,2010-11-10,-0.7895528400666615,-0.30017488143360505
momentum_120d,5,2010-11-17,1.537286240453765,1.1322771805109877
momentum_120d,5,2010-11-24,1.5974860289871569,1.1828198574083717
momentum_120d,5,2010-12-02,0.08715958643421559,-0.1439135184605404
momentum_120d,5,2010-12-09,-0.6187459975717384,-0.4944652296391405
momentum_120d,5,2010-12-16,0.5022856343945687,0.7025038351281394
momentum_120d,5,2010-12-23,0.7377442293250472,0.3370153864030797
momentum_120d,5,2010-12-31,-1.1220193037675592,-0.8046648706133955
momentum_120d,5,2011-01-07,1.570128080394991,0.4988936725836002
momentum_120d,5,2011-01-14,-1.8660379489611745,-1.0941769513104584
momentum_120d,5,2011-01-24,2.011120930891186,1.3427264553398635
momentum_120d,5,2011-01-31,1.576492790937123,0.48674403591403664
momentum_120d,5,2011-02-07,1.449777789524361,0.43535271863870406
momentum_120d,5,2011-02-14,-1.4684283835025402,-0.29549908084066656
momentum_120d,5,2011-02-22,-0.5932240812339747,0.10095459996017538
momentum_120d,5,2011-03-01,-1.1151516630863259,-0.6676618444918809
momentum_120d,5,2011-03-08,-1.3479210111552398,-0.8194940592026597
momentum_120d,5,2011-03-15,1.3235775793607907,0.9744927316086635
momentum_120d,5,2011-03-22,1.598565721532911,1.0928535939719022
momentum_120d,5,2011-03-29,-0.5754209115092797,-0.3539007960110344
momentum_120d,5,2011-04-05,-3.9354269471689367,-2.5910328960128863
momentum_120d,5,2011-04-12,-0.5566186841971004,0.5245759315041971
momentum_120d,5,2011-04-19,1.6564285722152183,1.4372406616119937
momentum_120d,5,2011-04-27,-3.1197400814012046,-1.6387814999410295
momentum_120d,5,2011-05-04,-0.5210241964761312,-0.24350489419349142
momentum_120d,5,2011-05-11,-1.0272210328484022,-0.1476991015017008
momentum_120d,5,2011-05-18,0.2796169813782501,0.026961509205417993
momentum_120d,5,2011-05-25,-0.22793044025666287,-0.08041072818210834
momentum_120d,5,2011-06-02,1.8281610403829363,1.1407418961706197
momentum_120d,5,2011-06-09,0.34748753774353675,-0.2127793063405048
momentum_120d,5,2011-06-16,-1.5352378050345876,-0.7885029912222693
momentum_120d,5,2011-06-23,-1.3958563855322126,-0.6366301811300417
momentum_120d,5,2011-06-30,-0.6637636183533264,-0.3811847086337009
momentum_120d,5,2011-07-08,2.5400350901589097,0.5834645588586078
momentum_120d,5,2011-07-15,-0.5300578777051701,-0.16705452159778328
momentum_120d,5,2011-07-22,1.2832740582379265,0.40038747768864624
momentum_120d,5,2011-07-29,4.120123814472403,2.6145251574449286
momentum_120d,5,2011-08-05,1.1113499526619997,0.8431354070942199
momentum_120d,5,2011-08-12,6.607722973617899,4.733532610691512
momentum_120d,5,2011-08-19,-2.5565419250524064,-2.1049594934489475
momentum_120d,5,2011-08-26,1.8527906443679558,0.799640408056331
momentum_120d,5,2011-09-02,-1.0886881223965343,0.06033452855617553
momentum_120d,5,2011-09-12,-0.20770590794284197,-0.8890793868759758
momentum_120d,5,2011-09-19,3.89254814086684,1.9949459617706038
momentum_120d,5,2011-09-26,4.62722104975124,2.3128018534183044
momentum_120d,5,2011-10-03,-7.379777475943043,-3.9627002961039346
momentum_120d,5,2011-10-10,0.5268348062598311,0.18030503408067072
momentum_120d,5,2011-10-17,-4.767250226407723,-2.1526622465249723
momentum_120d,5,2011-10-24,-1.014924991403717,-0.4245399892739236
momentum_120d,5,2011-10-31,0.5574984265580156,0.0755769840402154
momentum_120d,5,2011-11-07,0.5109738573536953,-0.03936201406760838
momentum_120d,5,2011-11-14,1.9444463802660332,0.49219244430266
momentum_120d,5,2011-11-21,1.8536085092705843,0.373724114680396
momentum_120d,5,2011-11-29,-4.1438031859955275,-1.7856297748252221
momentum_120d,5,2011-12-06,3.447775465216722,0.7838354843042628
momentum_120d,5,2011-12-13,-0.5477783881725928,0.07777823355678373
momentum_120d,5,2011-12-20,0.6597283970161091,0.48368433708359343
momentum_120d,5,2011-12-28,-4.637590940562923,-2.8186455376267183
momentum_120d,5,2012-01-05,-2.0355409754314158,-1.1438411006348312
momentum_120d,5,2012-01-12,-1.310947373177618,-1.6886052118765964
momentum_120d,5,2012-01-20,-0.6674008960639152,0.0010183441813545655
momentum_120d,5,2012-01-27,-0.07761825866104596,0.16845113605730155
momentum_120d,5,2012-02-03,-0.18001356760069345,-0.5194381713978975
momentum_120d,5,2012-02-10,-0.2307648442895142,-0.22189175690614515
momentum_120d,5,2012-02-17,-0.21687435449748346,-0.5782120060582578
momentum_120d,5,2012-02-27,-0.9873035524417798,-1.1865374189486966
momentum_120d,5,2012-03-05,-0.008004764734544544,-0.1080264016418327
momentum_120d,5,2012-03-12,3.445571731537589,1.104885205172157
momentum_120d,5,2012-03-19,-1.931695503103481,-1.434929828066648
momentum_120d,5,2012-03-26,-1.4255945493326798,-0.4420002324621623
momentum_120d,5,2012-04-02,-1.180240496066809,-0.7210247954261988
momentum_120d,5,2012-04-10,-0.12736194409865842,0.0684777310319277
momentum_120d,5,2012-04-17,-1.7217705963202343,-0.7924007357708374
momentum_120d,5,2012-04-24,-0.3602036309341047,0.7862471389587992
momentum_120d,5,2012-05-01,0.12758915105096635,-0.39600856190132133
momentum_120d,5,2012-05-08,0.062021256959935836,-0.30253931049073846
momentum_120d,5,2012-05-15,-1.5933588497413296,-1.0866330865761906
momentum_120d,5,2012-05-22,0.006768857662982808,0.19828479834949433
momentum_120d,5,2012-05-30,-0.5369505176558691,-0.16292146994726736
momentum_120d,5,2012-06-06,0.023355164649296878,-0.4892176065193765
momentum_120d,5,2012-06-13,0.4483859539280802,0.750131288779543
momentum_120d,5,2012-06-20,-0.3995496133220108,-0.32272262869875357
momentum_120d,5,2012-06-27,-1.8601477133763995,-0.6051448830390955
momentum_120d,5,2012-07-05,2.1863361459462065,0.2539086452604108
momentum_120d,5,2012-07-12,-2.7321065218858687,-1.4138663664462112
momentum_120d,5,2012-07-19,-0.025912982023586738,0.4245908268009598
momentum_120d,5,2012-07-26,-0.6813189954432289,-0.4906528088941838
momentum_120d,5,2012-08-02,-4.08928378609769,-2.012076463272942
momentum_120d,5,2012-08-09,-0.45738286417910123,-0.8503012610525847
momentum_120d,5,2012-08-16,0.315926964427112,-0.49821343191537304
momentum_120d,5,2012-08-23,1.7691119027836673,0.46248258427132133
momentum_120d,5,2012-08-30,-1.4643202767939067,-0.8978179447862352
momentum_120d,5,2012-09-07,-2.421266341811845,-1.9523623424340368
momentum_120d,5,2012-09-14,3.1947307779894927,1.293098866551782
momentum_120d,5,2012-09-21,0.8756079068915734,0.6050609008486345
momentum_120d,5,2012-09-28,0.4617561408647071,0.0657989669139214
momentum_120d,5,2012-10-05,1.3867458409162183,0.7073054038436906
momentum_120d,5,2012-10-12,-0.293174803782866,0.31677468638832884
momentum_120d,5,2012-10-19,-1.2357759802573292,0.3806727633034468
momentum_120d,5,2012-10-26,-1.387824605524505,-0.13379976691271595
momentum_120d,5,2012-11-06,-0.08356608070968867,-0.23789711296435442
momentum_120d,5,2012-11-13,1.2786169342007825,0.1688083147196891
momentum_120d,5,2012-11-20,-1.9352310046963992,-0.8829573585577973
momentum_120d,5,2012-11-28,0.38087105108332014,0.6461527764204684
momentum_120d,5,2012-12-05,0.12859407423655436,0.31849951812873056
momentum_120d,5,2012-12-12,-0.07164863155826687,0.1309353157638138
momentum_120d,5,2012-12-19,0.6922053865954422,0.20270623798055074
momentum_120d,5,2012-12-27,0.6847874642943379,0.6982099431362669
momentum_120d,5,2013-01-04,0.28434650375510256,-0.0933438220069823
momentum_120d,5,2013-01-11,0.7530643368973688,0.585451344347887
momentum_120d,5,2013-01-18,0.2636420923553059,-0.09123556586201342
momentum_120d,5,2013-01-28,-0.7565936373140181,-0.5063009287666564
momentum_120d,5,2013-02-04,-0.40790515753748774,-0.0592150727262745
momentum_120d,5,2013-02-11,0.3444155837773207,0.17119631828137472
momentum_120d,5,2013-02-19,-1.4515813962224087,-0.3769685281577728
momentum_120d,5,2013-02-26,0.14707402146244924,0.31743962995709474
momentum_120d,5,2013-03-05,0.5271357051159331,0.41645450805367634
momentum_120d,5,2013-03-12,0.46762356016804374,0.03327494642369662
momentum_120d,5,2013-03-19,0.17803814272267698,-0.4060125543688953
momentum_120d,5,2013-03-26,0.1908200902390226,0.39430503093673686
momentum_120d,5,2013-04-03,0.060832129720678196,0.2327049102365697
momentum_120d,5,2013-04-10,2.62143321762354,0.45502179496862044
momentum_120d,5,2013-04-17,-1.2358766558084582,0.47067894217861134
momentum_120d,5,2013-04-24,0.10004803670018436,0.07242798186842445
momentum_120d,5,2013-05-01,-3.8996032816595103,-2.8398335328372477
momentum_120d,5,2013-05-08,1.0983124406474567,0.2926271048689699
momentum_120d,5,2013-05-15,-0.7073381104683845,-0.47321829457062464
momentum_120d,5,2013-05-22,1.3240216431051297,0.37141413189345496
momentum_120d,5,2013-05-30,-1.0092667629694814,-0.4937599222525235
momentum_120d,5,2013-06-06,0.3230176646115653,0.20854383594525552
momentum_120d,5,2013-06-13,0.06373658438384813,-0.051402153625083415
momentum_120d,5,2013-06-20,1.1823430550256142,0.8144222574977414
momentum_120d,5,2013-06-27,1.2933399513896862,0.31936868904482996
momentum_120d,5,2013-07-05,-0.7847419501767261,0.4098112047456655
momentum_120d,5,2013-07-12,-0.7584946367669747,0.008760542848714376
momentum_120d,5,2013-07-19,0.5153279360327204,0.23853478557558372
momentum_120d,5,2013-07-26,0.34430430995456474,0.001969404423348327
momentum_120d,5,2013-08-02,-0.9118253806916296,-0.3087657910033773
momentum_120d,5,2013-08-09,-1.0787432115285063,-0.683819716762631
momentum_120d,5,2013-08-16,0.3118680889500255,0.09333773889403929
momentum_120d,5,2013-08-23,-0.5923578906597856,-0.10782474434756588
momentum_120d,5,2013-08-30,1.4524374417682986,0.3450436244145353
momentum_120d,5,2013-09-09,-0.28476799073766657,-0.08670311521067711
momentum_120d,5,2013-09-16,-0.48816383327104174,0.18120779619139976
momentum_120d,5,2013-09-23,1.5382318320460477,1.0287726887995543
momentum_120d,5,2013-09-30,0.3456436904779518,0.28985833648241444
momentum_120d,5,2013-10-07,-0.7322578431348351,-0.4654402445526247
momentum_120d,5,2013-10-14,0.9173487722974549,0.2593681732835288
momentum_120d,5,2013-10-21,0.3918894246032645,0.33365455832061
momentum_120d,5,2013-10-28,0.4318035540103571,0.2896720625979269
momentum_120d,5,2013-11-04,-0.493586944786432,-0.5610617116962535
momentum_120d,5,2013-11-11,0.11232916202899013,0.16977057772335308
momentum_120d,5,2013-11-18,0.8438182632468871,0.08952197193393316
momentum_120d,5,2013-11-25,0.17288423116547108,0.5285068423248533
momentum_120d,5,2013-12-03,1.0442983312795213,0.4210046584408896
momentum_120d,5,2013-12-10,0.4007845254185479,0.4291756671377526
momentum_120d,5,2013-12-17,0.9230875013458206,0.31470769335726345
momentum_120d,5,2013-12-24,0.4530307775109247,-0.019405122312913616
momentum_120d,5,2014-01-02,-0.1546583891857023,-0.5365489047818306
momentum_120d,5,2014-01-09,0.9332132161667875,0.6397381000828946
momentum_120d,5,2014-01-16,-2.1362467287703155,-0.6439825773149499
momentum_120d,5,2014-01-24,0.1174179885505537,0.5431921428329305
momentum_120d,5,2014-01-31,0.7081345258577176,0.08156680418397086
momentum_120d,5,2014-02-07,-0.07768466369085422,0.23767874379942247
momentum_120d,5,2014-02-14,0.47056229361895907,0.5661548589896241
momentum_120d,5,2014-02-24,-0.09834931777392697,-0.4061131396714157
momentum_120d,5,2014-03-03,-0.7563403824946949,-0.29085665620262413
momentum_120d,5,2014-03-10,-1.9746440184267227,-0.3384447594939536
momentum_120d,5,2014-03-17,-1.0678790781105931,-1.1280667565717661
momentum_120d,5,2014-03-24,-0.023642293967429673,0.27793770742814783
momentum_120d,5,2014-03-31,-0.6547069724456548,-0.1195882817693746
momentum_120d,5,2014-04-07,-1.6497036129842546,-0.7800381219799646
momentum_120d,5,2014-04-14,-0.4327099250084121,-0.2788348631512857
momentum_120d,5,2014-04-22,-0.08173825032046964,-0.21459691161996494
momentum_120d,5,2014-04-29,-0.27902735955815194,-0.20226580785819293
momentum_120d,5,2014-05-06,-1.9290445904394808,-1.611496887518719
momentum_120d,5,2014-05-13,0.5311085790800455,0.22474958200862094
momentum_120d,5,2014-05-20,0.3897441520226641,0.28064257867404707
momentum_120d,5,2014-05-28,0.46192001657360626,0.7178031285245707
momentum_120d,5,2014-06-04,-0.14499078165139953,-0.25604249722254535
momentum_120d,5,2014-06-11,2.319799716636761,2.127076343751022
momentum_120d,5,2014-06-18,0.6940582777193413,0.2954416362695408
momentum_120d,5,2014-06-25,-0.3410853738334718,-0.4662965079812194
momentum_120d,5,2014-07-02,0.7222913524471686,0.3483555070999289
momentum_120d,5,2014-07-10,-1.1017220906792136,-0.9061626622215472
momentum_120d,5,2014-07-17,0.028670592321603915,-0.4983881366869299
momentum_120d,5,2014-07-24,-0.051667884947407615,-0.262800137691066
momentum_120d,5,2014-07-31,-0.42213166646083805,-0.2511591183123385
momentum_120d,5,2014-08-07,-1.0010430319886316,-0.5289761809462501
momentum_120d,5,2014-08-14,0.12011656856258932,0.29083552796779577
momentum_120d,5,2014-08-21,0.10279564991743095,0.14280684583636294
momentum_120d,5,2014-08-28,-0.3004280696505379,-0.11547700603057691
momentum_120d,5,2014-09-05,-1.2254821538909555,-0.9869646111423455
momentum_120d,5,2014-09-12,-0.06105873338037397,0.14271123858780782
momentum_120d,5,2014-09-19,0.8892897223135613,0.34402269675735486
momentum_120d,5,2014-09-26,0.11610763113846975,-0.2635962858456057
momentum_120d,5,2014-10-03,-2.0371485040879858,-2.0008539788904782
momentum_120d,5,2014-10-10,-2.837015042004565,-1.0910035232427062
momentum_120d,5,2014-10-17,2.0931107320628417,1.6693590424454507
momentum_120d,5,2014-10-24,1.7246930238635476,0.7846576158978621
momentum_120d,5,2014-10-31,-0.7992144594324069,-0.7825268543605249
momentum_120d,5,2014-11-07,1.141864232168166,0.663628194220145
momentum_120d,5,2014-11-14,-0.6883976240774562,0.45062025149782414
momentum_120d,5,2014-11-21,6.662177356701253,2.0316004588791086
momentum_120d,5,2014-12-01,2.011240634906205,0.8137222173838943
momentum_120d,5,2014-12-08,0.8875140332440894,-0.08928070919410983
momentum_120d,5,2014-12-15,-3.2951796300091596,-1.1481013209124389
momentum_120d,5,2014-12-22,-0.01086050311325989,0.08562158681253429
momentum_120d,5,2014-12-30,2.7600757061849945,1.088963430152671
momentum_120d,5,2015-01-07,1.4885402650421227,1.1424361413899389
momentum_120d,5,2015-01-14,-1.4191638913883198,-0.0855722923555661
momentum_120d,5,2015-01-22,1.6050072513570712,0.9455864600826517
momentum_120d,5,2015-01-29,-4.7663991793166645,-2.3285554835805895
momentum_120d,5,2015-02-05,-3.1071085758682226,-2.897902855868713
momentum_120d,5,2015-02-12,-0.28168255448469315,0.024129389378702015
momentum_120d,5,2015-02-20,1.47854621315379,0.7188551206923632
momentum_120d,5,2015-02-27,0.3141124815474535,0.03819257424704976
momentum_120d,5,2015-03-06,0.8854396786655709,0.41641141439709983
momentum_120d,5,2015-03-13,1.0735389181230848,0.7819131592245787
momentum_120d,5,2015-03-20,-1.2989903143053594,-0.7725879745533404
momentum_120d,5,2015-03-27,-2.273088652808837,-1.1421381152582102
momentum_120d,5,2015-04-06,1.8010583106570075,0.6809738176507985
momentum_120d,5,2015-04-13,-1.9811925853406707,-0.4043986924984792
momentum_120d,5,2015-04-20,0.2209216619048345,0.017202505038678893
momentum_120d,5,2015-04-27,-1.3531719959612554,-0.6213023346061404
momentum_120d,5,2015-05-04,1.659924050444387,0.280795222376895
momentum_120d,5,2015-05-11,0.21291330930433744,0.23288978592139
momentum_120d,5,2015-05-18,0.8848916188968806,0.5664191788537054
momentum_120d,5,2015-05-26,1.656289562256208,0.8813082146070054
momentum_120d,5,2015-06-02,-0.37895362694348267,-0.5942411891774986
momentum_120d,5,2015-06-09,0.3610185002005162,0.10551934890352666
momentum_120d,5,2015-06-16,1.8788647649405688,0.9127916190234897
momentum_120d,5,2015-06-23,-0.2574957828744025,0.17282697618421494
momentum_120d,5,2015-06-30,-2.3748749310770574,0.0029974606656879565
momentum_120d,5,2015-07-08,2.4722040379640986,0.8073440506879415
momentum_120d,5,2015-07-15,3.352115642785044,0.6485506900951659
momentum_120d,5,2015-07-22,-1.385157858638053,-0.25943309867983244
momentum_120d,5,2015-07-29,2.032352170391405,0.8127865997059872
momentum_120d,5,2015-08-05,-3.18998399362677,-1.394660561860317
momentum_120d,5,2015-08-12,4.0303196701472235,1.0539631736065833
momentum_120d,5,2015-08-19,-0.17039098129898453,-0.21100598938269913
momentum_120d,5,2015-08-26,-4.637331075029652,-1.6072748608996952
momentum_120d,5,2015-09-02,-0.07499997388827524,0.14871824477477774
momentum_120d,5,2015-09-10,1.0907741953417445,0.48970377733093723
momentum_120d,5,2015-09-17,1.4701611397012722,-0.40083580971845834
momentum_120d,5,2015-09-24,-0.6319045398858117,-0.056472629600975065
momentum_120d,5,2015-10-01,-6.025048710333395,-0.9931240339780212
momentum_120d,5,2015-10-08,0.22590032899523957,-0.04210264498499816
momentum_120d,5,2015-10-15,1.0805119584765637,0.7689558971063419
momentum_120d,5,2015-10-22,-2.885488328823671,-2.683530407610968
momentum_120d,5,2015-10-29,-1.396662029150364,-0.6015094092218454
momentum_120d,5,2015-11-05,1.0138953626266711,0.11845863223603666
momentum_120d,5,2015-11-12,-1.4432044558389496,-0.31541448420168516
momentum_120d,5,2015-11-19,0.6826955746673802,0.5473471518027944
momentum_120d,5,2015-11-27,0.7891905618710671,0.43134774894826683
momentum_120d,5,2015-12-04,1.0487584910586878,0.5017513789627264
momentum_120d,5,2015-12-11,1.2096415110471623,0.11919075966632849
momentum_120d,5,2015-12-18,-0.29254713404140986,0.02657808766061513
momentum_120d,5,2015-12-28,-1.2370288420453475,-0.619511604052932
momentum_120d,5,2016-01-05,4.678287406508197,1.4795863164024334
momentum_120d,5,2016-01-12,2.949802294642663,1.5420174022133728
momentum_120d,5,2016-01-20,-0.4346447405237782,0.5514245517614036
momentum_120d,5,2016-01-27,-0.2533780589243915,1.4969673068006304
momentum_120d,5,2016-02-03,1.659807114556296,0.978214562765715
momentum_120d,5,2016-02-10,-0.7461678125781579,-0.7768956356782393
momentum_120d,5,2016-02-18,1.2576092242881587,0.45134634870318546
momentum_120d,5,2016-02-25,-2.9919574650362213,-1.4352147499322676
momentum_120d,5,2016-03-03,1.8194901225114173,1.617295067799455
momentum_120d,5,2016-03-10,0.10227782150522184,-0.2258886242452259
momentum_120d,5,2016-03-17,-0.1454653374427628,-0.3483503853384843
momentum_120d,5,2016-03-24,1.0744534189143562,-0.060348141894062124
momentum_120d,5,2016-04-01,-1.1367726618439544,0.18246517803831575
momentum_120d,5,2016-04-08,-2.7136617017547953,-1.7138360097291379
momentum_120d,5,2016-04-15,-3.4123007420174636,-1.446959165799603
momentum_120d,5,2016-04-22,1.9737379625333025,1.7912070397717028
momentum_120d,5,2016-04-29,0.8089820729601072,0.5117568050884886
momentum_120d,5,2016-05-06,0.5609434738765554,0.3273557849389689
momentum_120d,5,2016-05-13,-4.751679232413338,-2.5443912226737586
momentum_120d,5,2016-05-20,-1.1291388087541894,-0.7381396864206764
momentum_120d,5,2016-05-27,1.4857249060983329,0.829465321743017
momentum_120d,5,2016-06-06,1.4456297981888262,0.6429404035291537
momentum_120d,5,2016-06-13,0.9117967016213516,0.6626766761606451
momentum_120d,5,2016-06-20,1.3686525103983198,0.9079130999169793
momentum_120d,5,2016-06-27,-1.0579142918974178,-0.4912664930901034
momentum_120d,5,2016-07-05,-1.7107832820883646,-0.8320511378777576
momentum_120d,5,2016-07-12,0.6363393753250087,0.6814928818150972
momentum_120d,5,2016-07-19,-0.010476898586745786,0.6546391020552174
momentum_120d,5,2016-07-26,-1.5748477416441549,-1.327627811678981
momentum_120d,5,2016-08-02,1.7559567593694148,0.802926672077157
momentum_120d,5,2016-08-09,0.6555584672396401,0.2523083199751438
momentum_120d,5,2016-08-16,0.7521132229384737,0.8929662659963755
momentum_120d,5,2016-08-23,-0.28304127000416957,0.06921906389942464
momentum_120d,5,2016-08-30,-0.49801419770481026,0.036412518540903285
momentum_120d,5,2016-09-07,0.27773225468810114,-0.016374427231261958
momentum_120d,5,2016-09-14,0.2920252386597581,0.9380863810923845
momentum_120d,5,2016-09-21,-0.2449587112292484,0.4574153255444043
momentum_120d,5,2016-09-28,3.712088390206096,1.830718922620611
momentum_120d,5,2016-10-05,-1.5872134948285284,-0.21805560564860013
momentum_120d,5,2016-10-12,-0.4911569231936622,-0.3627875136752704
momentum_120d,5,2016-10-19,0.3237799857478407,0.457715727716083
momentum_120d,5,2016-10-26,-0.06797241684795381,-0.5260490124436856
momentum_120d,5,2016-11-02,1.6069185047856518,0.2510068979017177
momentum_120d,5,2016-11-09,3.576500025747642,1.3836634019381324
momentum_120d,5,2016-11-16,2.3167798171929896,1.1009108091938558
momentum_120d,5,2016-11-23,0.11006963127040041,-0.2538378551648254
momentum_120d,5,2016-12-01,0.6813490480586031,1.2370921881571593
momentum_120d,5,2016-12-08,-0.5844562306578889,-0.6447496564082795
momentum_120d,5,2016-12-15,-0.7435793371050381,0.29860295975803564
momentum_120d,5,2016-12-22,-1.7219803136034069,-0.6007616209552185
momentum_120d,5,2016-12-30,-1.1206709003183952,-0.8331704600266702
momentum_120d,5,2017-01-09,-1.4479433270745856,-0.6904168633813563
momentum_120d,5,2017-01-17,2.3628178851234845,0.7859983937730686
momentum_120d,5,2017-01-24,-1.5956575528883261,-0.7319550235620105
momentum_120d,5,2017-01-31,0.3891461262266952,0.5818017071829236
momentum_120d,5,2017-02-07,0.3366803343475426,-0.188591476819977
momentum_120d,5,2017-02-14,-0.28722857755074666,0.36648299218681546
momentum_120d,5,2017-02-22,-0.21304436390578627,-0.2446182766392302
momentum_120d,5,2017-03-01,0.4198726472380879,-0.0035019373237725007
momentum_120d,5,2017-03-08,-0.2946893674340275,-0.21396240423657473
momentum_120d,5,2017-03-15,-1.6439761861266093,-0.4211616738640826
momentum_120d,5,2017-03-22,-0.3234693226487506,-0.0622240280048055
momentum_120d,5,2017-03-29,-0.4859348708444141,-0.16634292909352144
momentum_120d,5,2017-04-05,-2.565859613568352,-1.0946826800875629
momentum_120d,5,2017-04-12,2.5301848680904904,1.092893353271407
momentum_120d,5,2017-04-20,2.823316058284793,0.6690932277002422
momentum_120d,5,2017-04-27,1.0916751689296917,-0.1517677808927716
momentum_120d,5,2017-05-04,0.008920594725732745,0.6236440058262034
momentum_120d,5,2017-05-11,-0.19167322333316267,0.4069650543283454
momentum_120d,5,2017-05-18,1.5549895381510637,0.7886903396684112
momentum_120d,5,2017-05-25,2.027209041238609,0.7272617324652748
momentum_120d,5,2017-06-02,-3.974994877021132,-1.3057969168938608
momentum_120d,5,2017-06-09,-1.2465264039923984,-0.5690429241658967
momentum_120d,5,2017-06-16,4.159625444572361,2.338524415693044
momentum_120d,5,2017-06-23,-3.911966494423265,-2.2945611366286993
momentum_120d,5,2017-06-30,1.7279605258957071,0.8396610271649877
momentum_120d,5,2017-07-10,0.3389331798287154,0.8646177979405145
momentum_120d,5,2017-07-17,1.2477459217208369,0.7819119508255312
momentum_120d,5,2017-07-24,-2.058144837230809,-1.2910138067429466
momentum_120d,5,2017-07-31,1.4300390965027518,0.2917577850753491
momentum_120d,5,2017-08-07,0.9026086738352553,0.31929740229968606
momentum_120d,5,2017-08-14,0.6818033037453468,0.5578253887099021
momentum_120d,5,2017-08-21,0.5334799970684905,0.4679513180209538
momentum_120d,5,2017-08-28,0.4852258012183549,0.2948354725288279
momentum_120d,5,2017-09-05,-0.9155083631140629,-0.6787979705626574
momentum_120d,5,2017-09-12,-0.04110030765804482,0.2160654691289121
momentum_120d,5,2017-09-19,-2.389965000639549,-1.5276436510383684
momentum_120d,5,2017-09-26,2.386976088952712,1.1592437746150783
momentum_120d,5,2017-10-03,0.5629101469548796,0.35144289159541786
momentum_120d,5,2017-10-10,0.02067207283524457,0.2247346320986702
momentum_120d,5,2017-10-17,2.3401590835170203,0.9348909889858037
momentum_120d,5,2017-10-24,0.3249172287696389,0.28983668757645764
momentum_120d,5,2017-10-31,-0.7621087831244155,-0.26644960105735394
momentum_120d,5,2017-11-07,-1.4171763133718964,-0.6564373631336957
momentum_120d,5,2017-11-14,1.2651571764115837,0.6502841689135657
momentum_120d,5,2017-11-21,-1.764089280196024,-1.3814791586259276
momentum_120d,5,2017-11-29,-0.9264570789881891,-0.4958512449508364
momentum_120d,5,2017-12-06,0.47948460062650816,-0.5801405755609206
momentum_120d,5,2017-12-13,2.4597714185109885,1.1864261454860525
momentum_120d,5,2017-12-20,-0.8274330589761755,-0.7067078463827297
momentum_120d,5,2017-12-28,4.347258644779712,1.6168337567861402
momentum_120d,5,2018-01-05,3.825116410928138,0.20493251422308104
momentum_120d,5,2018-01-12,1.1452601664245148,0.954972555100538
momentum_120d,5,2018-01-22,-0.7255165753243106,-1.1514912501593386
momentum_120d,5,2018-01-29,-2.8853425174463765,-0.090648386911966
momentum_120d,5,2018-02-05,1.4060105859049599,0.27083749768648246
momentum_120d,5,2018-02-12,2.7526626463316273,1.1067986312163067
momentum_120d,5,2018-02-20,1.8019361051946532,0.1698884354778718
momentum_120d,5,2018-02-27,0.010507149510367332,0.9368991684497266
momentum_120d,5,2018-03-06,-0.03811394024745655,-0.11270837861898642
momentum_120d,5,2018-03-13,-0.5852252993088336,0.28549877094602805
momentum_120d,5,2018-03-20,-3.834059208449096,-0.7202922506415077
momentum_120d,5,2018-03-27,-1.6487891537055692,-1.172031620271674
momentum_120d,5,2018-04-04,0.891015676542295,-0.14769373590644747
momentum_120d,5,2018-04-11,1.7265547371685026,0.2906833535791279
momentum_120d,5,2018-04-18,0.2921756717764845,0.17077181745362618
momentum_120d,5,2018-04-25,-0.6781371600767083,-0.012657397190248462
momentum_120d,5,2018-05-02,3.232656771926501,0.3111724442529237
momentum_120d,5,2018-05-09,1.8108669881917026,0.1979582294628838
momentum_120d,5,2018-05-16,-0.562917067782472,-0.036762788005306746
momentum_120d,5,2018-05-23,-1.762404066601401,0.2003941372306787
momentum_120d,5,2018-05-31,3.1346852759076596,0.030706382705784446
momentum_120d,5,2018-06-07,-0.9257996301996271,-0.22229271115942564
momentum_120d,5,2018-06-14,-2.9044661778456105,-0.1863663769943809
momentum_120d,5,2018-06-21,-3.0088303053843393,-1.8550826086919159
momentum_120d,5,2018-06-28,0.9751422060609564,0.38079834317882677
momentum_120d,5,2018-07-06,-1.1122238058214884,-1.4302157249070655
momentum_120d,5,2018-07-13,-1.5082053717107358,-0.43613525646249984
momentum_120d,5,2018-07-20,-1.7784982981487305,-0.8057079853233081
momentum_120d,5,2018-07-27,-0.6280786660998997,-0.8519359161252608
momentum_120d,5,2018-08-03,0.6627839823939589,-0.34755030678511234
momentum_120d,5,2018-08-10,-0.9398663969604463,-0.9772357763928818
momentum_120d,5,2018-08-17,-1.9166286586825918,-0.9616465258522222
momentum_120d,5,2018-08-24,-0.7565769609313988,-0.9218806594487261
momentum_120d,5,2018-08-31,-0.4467511241969535,-0.48101274805760763
momentum_120d,5,2018-09-10,0.6374083639686796,-0.2003081686442106
momentum_120d,5,2018-09-17,-0.1444652462838499,0.3789807355299176
momentum_120d,5,2018-09-24,2.410419103568099,0.779561483720544
momentum_120d,5,2018-10-01,-1.3089602869283217,-1.6472205726557536
momentum_120d,5,2018-10-08,2.970946438661552,1.4990225427215806
momentum_120d,5,2018-10-15,2.150942157777906,0.8638385179237836
momentum_120d,5,2018-10-22,1.5224943357080543,0.965854537411622
momentum_120d,5,2018-10-29,-4.95880419096324,-2.0042155436718057
momentum_120d,5,2018-11-05,3.838139449587115,1.9184649555270328
momentum_120d,5,2018-11-12,-0.45625960769046425,0.8207868600830892
momentum_120d,5,2018-11-19,0.8424766430368565,-0.06570802871475045
momentum_120d,5,2018-11-27,0.3290630166302118,0.8043235514084849
momentum_120d,5,2018-12-04,2.105411365563884,1.2960836737314407
momentum_120d,5,2018-12-12,0.6531888890585721,-0.011166026489724718
momentum_120d,5,2018-12-19,-0.9283351305323466,-0.7423879746708921
momentum_120d,5,2018-12-27,-1.9021324347355446,-0.9252399247461499
momentum_120d,5,2019-01-04,-2.7942937163308943,-1.3625104517528706
momentum_120d,5,2019-01-11,-0.6319830645629538,-1.3634588487098198
momentum_120d,5,2019-01-18,0.2769405478872241,0.982876067160506
momentum_120d,5,2019-01-28,-0.012594858948422605,-0.28773019706012837
momentum_120d,5,2019-02-04,2.7365334940354313,1.6852084094088078
momentum_120d,5,2019-02-11,-2.8278996338037286,-1.6557032618869094
momentum_120d,5,2019-02-19,-0.44915603745387944,-0.7812074716745128
momentum_120d,5,2019-02-26,-0.40651390319012365,0.5828900637127006
momentum_120d,5,2019-03-05,1.722081433892993,1.3395884699359741
momentum_120d,5,2019-03-12,-1.5307396005375746,-1.6276322245588022
momentum_120d,5,2019-03-19,4.233265201323863,2.7974934115408634
momentum_120d,5,2019-03-26,-2.8131324310674,-2.130439976520508
momentum_120d,5,2019-04-02,0.6129726685205209,0.13768476745074826
momentum_120d,5,2019-04-09,0.29577101153721586,-0.49400764758309457
momentum_120d,5,2019-04-16,1.6293937707708743,0.880174690338964
momentum_120d,5,2019-04-24,-1.6677724386707893,-1.9529674112279942
momentum_120d,5,2019-05-01,-1.2001462699391692,-0.4317381317265667
momentum_120d,5,2019-05-08,-1.7116528692664927,-0.678048786682069
momentum_120d,5,2019-05-15,-3.2565544790963368,-2.9885864729795557
momentum_120d,5,2019-05-22,1.5990692979148458,0.5238015331906081
momentum_120d,5,2019-05-30,-2.3804828720350244,-0.6843533317270982
momentum_120d,5,2019-06-06,-0.310138851470354,-0.3757989069727611
momentum_120d,5,2019-06-13,-0.2508403154347712,0.2089096430082149
momentum_120d,5,2019-06-20,-0.6300383433890351,0.04860148064059766
momentum_120d,5,2019-06-27,0.24252296549395566,-0.4104971384504867
momentum_120d,5,2019-07-05,1.4764319156403638,0.6790282161866168
momentum_120d,5,2019-07-12,1.2564502734243514,0.8524172214365263
momentum_120d,5,2019-07-19,1.3940748899419912,0.6081364254066395
momentum_120d,5,2019-07-26,-2.3373201302601605,-1.8296168928532845
momentum_120d,5,2019-08-02,0.16503289720403158,-0.2584062465991299
momentum_120d,5,2019-08-09,2.9221667939077363,1.8938971299751344
momentum_120d,5,2019-08-16,1.4667016307378284,1.0435157006119447
momentum_120d,5,2019-08-23,-1.0441708679797435,-0.9123597049679022
momentum_120d,5,2019-08-30,0.5258235699971303,0.22729148949769407
momentum_120d,5,2019-09-09,-3.2535810383766406,-1.2498495432419543
momentum_120d,5,2019-09-16,0.0866133602576961,0.0038509122908666114
momentum_120d,5,2019-09-23,2.3462089061533242,1.1716343531100035
momentum_120d,5,2019-09-30,2.2159385019026328,0.8394301223113391
momentum_120d,5,2019-10-07,-2.455275139729381,-1.732025230765577
momentum_120d,5,2019-10-14,0.1958155131751127,-0.09585220809133302
momentum_120d,5,2019-10-21,-2.701025982528497,-2.4188304807385945
momentum_120d,5,2019-10-28,-0.7346268568922953,-0.5702526255303801
momentum_120d,5,2019-11-04,1.3284454396327603,0.4105204070190438
momentum_120d,5,2019-11-11,-0.27432050409377984,-0.3409921530542833
momentum_120d,5,2019-11-18,0.1470954749255479,-0.6217983745999984
momentum_120d,5,2019-11-25,-0.8083424084443699,-0.5376932636765679
momentum_120d,5,2019-12-03,0.6405301743399445,1.0869453182964874
momentum_120d,5,2019-12-10,2.882600564093074,1.7157872425454561
momentum_120d,5,2019-12-17,-0.8437719312455924,-0.013296432626671203
momentum_120d,5,2019-12-24,0.14121466734708193,0.01473031805769113
momentum_120d,5,2020-01-02,0.6961724146515524,-0.01319148200100336
momentum_120d,5,2020-01-09,0.9912367359724561,0.04269959471956408
momentum_120d,5,2020-01-16,2.5650240335718943,0.5669319536792616
momentum_120d,5,2020-01-24,0.699542994487919,-0.37533470443524475
momentum_120d,5,2020-01-31,0.4364698969862986,-0.4548666960364563
momentum_120d,5,2020-02-07,0.49849541955042653,1.0955781795429331
momentum_120d,5,2020-02-14,-2.956282613970055,-1.4999026104088986
momentum_120d,5,2020-02-24,3.0383361172232686,1.0692415350830209
momentum_120d,5,2020-03-02,7.671812391863023,2.2755986191385857
momentum_120d,5,2020-03-09,0.9225706948384017,-1.881004378491961
momentum_120d,5,2020-03-16,5.290488614819584,1.611872440178182
momentum_120d,5,2020-03-23,-6.42247265330084,-2.0560290684604743
momentum_120d,5,2020-03-30,-0.28099708141442487,1.4545587412991314
momentum_120d,5,2020-04-06,0.6919978153999103,-0.3139826395291534
momentum_120d,5,2020-04-14,1.6045194799774842,0.7310749259764309
momentum_120d,5,2020-04-21,-4.197328950179442,-0.21786156040736562
momentum_120d,5,2020-04-28,2.3854347504127777,0.39855688891642743
momentum_120d,5,2020-05-05,2.3069765910588624,1.0316366741820238
momentum_120d,5,2020-05-12,-0.22613836583835756,-0.1394752873520459
momentum_120d,5,2020-05-19,-7.197714650301479,-2.100926298160714
momentum_120d,5,2020-05-27,-0.28387018123187485,0.5059010778299362
momentum_120d,5,2020-06-03,1.1229253084820812,1.0101850144751325
momentum_120d,5,2020-06-10,3.7366404089834826,1.1705715899062588
momentum_120d,5,2020-06-17,3.8784535642708153,1.0589366533501878
momentum_120d,5,2020-06-24,1.074430365196518,-0.3895568849291653
momentum_120d,5,2020-07-01,7.605635469219182,3.1280022411795803
momentum_120d,5,2020-07-09,-6.973704767189989,-1.9717577400024777
momentum_120d,5,2020-07-16,-0.7016817490147523,-0.2769764375071001
momentum_120d,5,2020-07-23,3.656001147977983,1.6058861827458786
momentum_120d,5,2020-07-30,1.3882896782034728,0.325716663819664
momentum_120d,5,2020-08-06,-1.0168950265587395,-0.3166859300463454
momentum_120d,5,2020-08-13,3.4369642383016616,0.6754645829926871
momentum_120d,5,2020-08-20,2.326434252845107,-0.07187916242927064
momentum_120d,5,2020-08-27,-0.16833836276595182,0.4532712405729648
momentum_120d,5,2020-09-03,-2.3569396121212227,-0.8002483152756127
momentum_120d,5,2020-09-11,0.05324930623307935,0.9625912668096759
momentum_120d,5,2020-09-18,-0.8166079866968379,-0.6534602916204779
momentum_120d,5,2020-09-25,1.0754778127644915,0.2388547310198922
momentum_120d,5,2020-10-02,1.4621952447813502,1.2381761499581958
momentum_120d,5,2020-10-09,0.2420600464448511,-0.39663154314221555
momentum_120d,5,2020-10-16,-0.5934240241320018,-0.41180463398650485
momentum_120d,5,2020-10-23,-0.8784071854790281,-0.43492516050018065
momentum_120d,5,2020-10-30,4.419718814883211,1.6535393896937478
momentum_120d,5,2020-11-06,-5.958322650123708,-0.09648804769879873
momentum_120d,5,2020-11-13,0.5361620140564405,1.7150287606782832
momentum_120d,5,2020-11-20,2.9060933387113503,1.1320743323593563
momentum_120d,5,2020-11-30,-0.668967972401402,0.4148547967462409
momentum_120d,5,2020-12-07,-0.6453754591142946,-0.7480644579199835
momentum_120d,5,2020-12-14,2.3314666371392345,0.03760378550279331
momentum_120d,5,2020-12-21,-0.46026823328526223,-1.3777395712074592
momentum_120d,5,2020-12-29,2.831400296988347,3.1072552746387165
momentum_120d,5,2021-01-06,2.7095922827864176,1.1333550990568764
momentum_120d,5,2021-01-13,-0.6206252952560758,-1.1244245319152801
momentum_120d,5,2021-01-21,-4.394819567521453,-2.3293022701726507
momentum_120d,5,2021-01-28,2.493045228213305,1.0761524950243815
momentum_120d,5,2021-02-04,2.26138364200927,1.7290453623425
momentum_120d,5,2021-02-11,4.6430753726559875,3.352423818224707
momentum_120d,5,2021-02-19,2.777657099246722,2.1032756627798204
momentum_120d,5,2021-02-26,2.040228574097247,2.2253303005704868
momentum_120d,5,2021-03-05,-2.5089677916237876,-0.9743592879146057
momentum_120d,5,2021-03-12,-2.778785402607927,-1.7998106867338604
momentum_120d,5,2021-03-19,-0.5123216169397187,0.7268869926988646
momentum_120d,5,2021-03-26,0.5084056047909254,-0.9954602213160801
momentum_120d,5,2021-04-05,-1.4322746825735793,-2.16805275511293
momentum_120d,5,2021-04-12,-2.652638724542115,-1.4060804954296402
momentum_120d,5,2021-04-19,1.0718617541511155,0.28041580877706807
momentum_120d,5,2021-04-26,0.36260212829322114,0.9883981008168822
momentum_120d,5,2021-05-03,3.000256002432433,3.9647882740640386
momentum_120d,5,2021-05-10,2.4187176716520744,1.8838737226450537
momentum_120d,5,2021-05-17,-2.4061608494992504,-2.7862640070609084
momentum_120d,5,2021-05-24,2.310503283996483,1.6847046803072512
momentum_120d,5,2021-06-01,-0.15765826150442308,-0.17855286195614567
momentum_120d,5,2021-06-08,-1.329567117573053,-1.1271714003925717
momentum_120d,5,2021-06-15,-1.0104230702331571,-1.9258887468960613
momentum_120d,5,2021-06-22,-0.6670684022254162,-1.3428326399539205
momentum_120d,5,2021-06-29,-1.0997163482374228,-1.5197500772403894
momentum_120d,5,2021-07-07,-0.5627055973329798,-0.5922040168074922
momentum_120d,5,2021-07-14,-0.472314255603327,-0.4868380991838765
momentum_120d,5,2021-07-21,-0.953780505465677,-0.7167376594835757
momentum_120d,5,2021-07-28,-2.989607819102761,-1.3907579092791202
momentum_120d,5,2021-08-04,1.2761859306357057,0.31514167695390805
momentum_120d,5,2021-08-11,2.6740514814083975,-0.5615261289000102
momentum_120d,5,2021-08-18,-3.838926166519711,-2.0892092486666125
momentum_120d,5,2021-08-25,2.544399028464413,1.3491021804891292
momentum_120d,5,2021-09-01,-0.035324304633314395,-0.3992618842517115
momentum_120d,5,2021-09-09,-1.1949879659365965,-0.20257300702120432
momentum_120d,5,2021-09-16,-1.9166189911748823,-1.1197044932318136
momentum_120d,5,2021-09-23,-1.6225000120556536,-0.9156878480999886
momentum_120d,5,2021-09-30,-0.48601608163792626,0.13523373166687652
momentum_120d,5,2021-10-07,0.6371810034183782,1.319129132010318
momentum_120d,5,2021-10-14,0.23879872993107415,-0.4838067504595145
momentum_120d,5,2021-10-21,1.1881059384888888,0.5659270864433925
momentum_120d,5,2021-10-28,3.884766918016373,3.5013201036996198
momentum_120d,5,2021-11-04,-2.4517599905179543,-0.6189842865717925
momentum_120d,5,2021-11-11,3.39166014438701,2.2427027959344077
momentum_120d,5,2021-11-18,-0.16416229962263146,-0.7690801884645142
momentum_120d,5,2021-11-26,0.6030489250549238,-0.005561223403775331
momentum_120d,5,2021-12-03,-0.29479060127307244,-0.9252822181376427
momentum_120d,5,2021-12-10,-1.3155654852901266,-2.037301092797572
momentum_120d,5,2021-12-17,0.17493054328604857,-0.01979345636461035
momentum_120d,5,2021-12-27,1.0258114031787966,0.8948662371972782
momentum_120d,5,2022-01-03,0.18234698839803745,0.9973870945208629
momentum_120d,5,2022-01-10,1.8049976501136302,2.550573333021951
momentum_120d,5,2022-01-18,1.0051492815028373,0.6107644537979888
momentum_120d,5,2022-01-25,-1.4567550300153664,-1.3050225989061768
momentum_120d,5,2022-02-01,3.41309326480617,0.8705179775646407
momentum_120d,5,2022-02-08,-0.15820180015626945,0.5896809848620177
momentum_120d,5,2022-02-15,3.4274557782758084,2.4979792264402723
momentum_120d,5,2022-02-23,-1.9256255579097825,-1.232024158976238
momentum_120d,5,2022-03-02,3.076872133330666,1.4572121411524752
momentum_120d,5,2022-03-09,-3.044338574271625,-2.8691784744078963
momentum_120d,5,2022-03-16,0.1451008290740111,1.1567458486230788
momentum_120d,5,2022-03-23,-0.7787347542126177,-0.36094496960150657
momentum_120d,5,2022-03-30,3.0594194347801973,2.5023526393209776
momentum_120d,5,2022-04-06,2.809391169394633,2.3533393187016043
momentum_120d,5,2022-04-13,4.131634758295444,1.025353078592306
momentum_120d,5,2022-04-21,-0.14518780683380558,0.7266720904315571
momentum_120d,5,2022-04-28,2.562877814831166,2.587722973608475
momentum_120d,5,2022-05-05,4.657225868885836,3.3411492975175094
momentum_120d,5,2022-05-12,-0.8560424049089965,0.2823889953875761
momentum_120d,5,2022-05-19,2.106397508780944,1.130401012482333
momentum_120d,5,2022-05-26,-1.6084646042610542,-0.38599731159904005
momentum_120d,5,2022-06-03,2.8698369760125373,2.5465452274135476
momentum_120d,5,2022-06-10,-4.923129916872719,-4.4380707856167625
momentum_120d,5,2022-06-17,-0.9016900156981311,-0.9318819713650969
momentum_120d,5,2022-06-27,1.7221509998802045,-0.13426477443275003
momentum_120d,5,2022-07-05,-0.25918317198825686,0.08970555089663859
momentum_120d,5,2022-07-12,-4.848532637251593,-1.4531005013273646
momentum_120d,5,2022-07-19,3.2995103038669407,1.8252558913621209
momentum_120d,5,2022-07-26,-3.31722095803438,-1.3516325103622404
momentum_120d,5,2022-08-02,-0.46569159408622235,-1.1847402826509756
momentum_120d,5,2022-08-09,-3.179081679918331,-1.8437921696234927
momentum_120d,5,2022-08-16,6.766659305028829,4.645578182078828
momentum_120d,5,2022-08-23,1.3530385915266376,1.4761169538093957
momentum_120d,5,2022-08-30,1.12168767718549,-0.12363756249349118
momentum_120d,5,2022-09-07,2.0695537405959903,1.519449746172926
momentum_120d,5,2022-09-14,-0.020282957050528815,0.02568362583779867
momentum_120d,5,2022-09-21,-1.8254989166409479,-1.9256275184115028
momentum_120d,5,2022-09-28,0.7810968024944447,0.7431082405479073
momentum_120d,5,2022-10-05,1.3434933470197863,0.894965010528311
momentum_120d,5,2022-10-12,0.5072957216669449,-0.183952788383331
momentum_120d,5,2022-10-19,1.3204935100329016,1.0190139447766664
momentum_120d,5,2022-10-26,3.4222909025133217,2.1212469072547036
momentum_120d,5,2022-11-02,-1.0575749524759073,0.5910441523547509
momentum_120d,5,2022-11-09,-4.886802778162373,-1.8030853786909384
momentum_120d,5,2022-11-16,-0.4580221380714159,-0.37966717772225744
momentum_120d,5,2022-11-23,-1.3138264959383343,-0.6936801198201541
momentum_120d,5,2022-12-01,1.1472533510865857,0.842318665441788
momentum_120d,5,2022-12-08,0.7368746135930785,0.940352026511071
momentum_120d,5,2022-12-15,3.155964992389267,1.4588914995025646
momentum_120d,5,2022-12-22,0.4537306456074308,0.783683232030182
momentum_120d,5,2022-12-30,-1.8231916663613568,0.2833684228521557
momentum_120d,5,2023-01-09,-1.6729648135986208,-0.22289540158611695
momentum_120d,5,2023-01-17,-1.7043656836855825,-0.7921487093928037
momentum_120d,5,2023-01-24,-2.2348767034959733,-0.33897135571105963
momentum_120d,5,2023-01-31,-2.643701923161057,-2.7407323710835803
momentum_120d,5,2023-02-07,1.0324162447637377,1.0942326423810136
momentum_120d,5,2023-02-14,-2.8481814478934497,-2.470913243587136
momentum_120d,5,2023-02-22,3.901862789258026,2.0258735713626614
momentum_120d,5,2023-03-01,-0.803752166781313,-0.48000947860057747
momentum_120d,5,2023-03-08,-3.954094322449475,-2.4322123520970074
momentum_120d,5,2023-03-15,4.723146069415344,1.1254201833098407
momentum_120d,5,2023-03-22,-0.635322970960835,0.06965932807786826
momentum_120d,5,2023-03-29,-1.0681422527447082,-1.824567311666303
momentum_120d,5,2023-04-05,-0.601744854200829,-0.6025078942917483
momentum_120d,5,2023-04-13,-1.4224172310376573,-1.0638766971522808
momentum_120d,5,2023-04-20,1.277742885093558,0.3390721495963903
momentum_120d,5,2023-04-27,2.1501553209618995,0.3901896924908055
momentum_120d,5,2023-05-04,1.95822133131488,0.8537295528022959
momentum_120d,5,2023-05-11,4.065705956565954,3.5506284448932743
momentum_120d,5,2023-05-18,3.0965719882563727,2.488444181488521
momentum_120d,5,2023-05-25,1.2629366909671165,0.8382497932332292
momentum_120d,5,2023-06-02,-0.859393471052324,-0.2907605822244622
momentum_120d,5,2023-06-09,2.8430378855227776,0.9613189544030046
momentum_120d,5,2023-06-16,-1.704602601229166,-1.115054070973509
momentum_120d,5,2023-06-26,1.203739072188529,0.8329516901423842
momentum_120d,5,2023-07-03,-1.781182097517823,-0.492627984925198
momentum_120d,5,2023-07-11,4.054089054744951,1.595769159172759
momentum_120d,5,2023-07-18,-5.819774210313715,-2.5605361940189324
momentum_120d,5,2023-07-25,2.8055328320522266,2.4285229849624406
momentum_120d,5,2023-08-01,-0.9009121335198192,-1.1079231460231633
momentum_120d,5,2023-08-08,0.02965264738717206,-0.6264880421187002
momentum_120d,5,2023-08-15,0.3247179104552115,0.20976098883441022
momentum_120d,5,2023-08-22,0.5387682500518798,0.7851604160301692
momentum_120d,5,2023-08-29,1.376657186717304,0.26386814242417655
momentum_120d,5,2023-09-06,-1.9365503096618404,-0.7155634556599548
momentum_120d,5,2023-09-13,-2.5416912652255617,-0.8869396209732853
momentum_120d,5,2023-09-20,2.2988354611658006,-0.3914279354175136
momentum_120d,5,2023-09-27,3.9519295402159407,1.8156950438530346
momentum_120d,5,2023-10-04,1.3751109101185526,1.1865624123660177
momentum_120d,5,2023-10-11,-2.073561832022419,-1.335236112847149
momentum_120d,5,2023-10-18,-2.437601569245973,-1.0121542284427631
momentum_120d,5,2023-10-25,-1.1524477735662675,-0.7586140754541153
momentum_120d,5,2023-11-01,0.1341970445032925,-1.3309462328009483
momentum_120d,5,2023-11-08,1.6576894239649809,1.6052694317366372
momentum_120d,5,2023-11-15,0.35446323922170286,0.06763968222567307
momentum_120d,5,2023-11-22,-2.444104977878806,-1.4150746097044697
momentum_120d,5,2023-11-30,-0.07025870112796392,0.04653074255294894
momentum_120d,5,2023-12-07,1.1165410345322404,0.10996326367948377
momentum_120d,5,2023-12-14,1.694728353258046,-0.03344451244686371
momentum_120d,5,2023-12-21,-0.9902508113123432,0.08932930074833459
momentum_120d,5,2023-12-29,-1.6402570206629052,-0.43155061538684425
momentum_120d,5,2024-01-08,1.880899582991909,0.18989641171198723
momentum_120d,5,2024-01-16,5.696395316314369,2.62887821885099
momentum_120d,5,2024-01-23,-1.7068508247645238,-0.25883341964642403
momentum_120d,5,2024-01-30,2.150278584402817,0.5320279945328614
momentum_120d,5,2024-02-06,1.983589401728869,1.1550952017611027
momentum_120d,5,2024-02-13,-3.518696139426314,-1.1415058950331716
momentum_120d,5,2024-02-21,2.5200508473526546,0.6003656840223341
momentum_120d,5,2024-02-28,1.6823598537765014,2.467759083682945
momentum_120d,5,2024-03-06,-1.7283325875616724,-1.0834397205422488
momentum_120d,5,2024-03-13,-0.6986686117175049,-0.5521559286573274
momentum_120d,5,2024-03-20,-0.4338458410483007,0.3595495388252953
momentum_120d,5,2024-03-27,-1.0413138302951466,0.09774824879354993
momentum_120d,5,2024-04-04,0.6864211739169401,-0.23024608157949564
momentum_120d,5,2024-04-11,-2.514665711653674,-1.0648556574658166
momentum_120d,5,2024-04-18,-1.810085682447856,-0.3371417063017246
momentum_120d,5,2024-04-25,-1.3972814534574367,-0.8220289631623875
momentum_120d,5,2024-05-02,1.0324060017835666,0.2522544693984793
momentum_120d,5,2024-05-09,1.151523523394508,0.515548829577217
momentum_120d,5,2024-05-16,2.9040946294670467,0.6001341256816433
momentum_120d,5,2024-05-23,-1.3304214421665517,0.16038751787518607
momentum_120d,5,2024-05-31,1.0709302196976227,0.6951780813261681
momentum_120d,5,2024-06-07,2.8176691116644594,1.4919880719855283
momentum_120d,5,2024-06-14,-3.7243688964548993,-1.6997099042314538
momentum_120d,5,2024-06-24,2.392542542746401,0.8799807069578502
momentum_120d,5,2024-07-01,3.177876902525297,1.6950629434629327
momentum_120d,5,2024-07-09,-5.183270842297275,-2.0046198115028835
momentum_120d,5,2024-07-16,-3.2759716080441112,-1.2898809271522613
momentum_120d,5,2024-07-23,-5.494916087735424,-2.0456100045600016
momentum_120d,5,2024-07-30,-0.4896608818226696,0.5998598271635254
momentum_120d,5,2024-08-06,0.17040299131883727,-0.10285325035175319
momentum_120d,5,2024-08-13,0.24063756230546432,-0.8897909423253747
momentum_120d,5,2024-08-20,-1.7139922522508104,-0.5586486227059668
momentum_120d,5,2024-08-27,1.7905884693551144,2.074824038805327
momentum_120d,5,2024-09-04,0.41777035810059615,-0.4850379141906225
momentum_120d,5,2024-09-11,-2.2182001041932318,-0.5719981565423342
momentum_120d,5,2024-09-18,-1.8398272889370793,-0.8218640997966209
momentum_120d,5,2024-09-25,-1.7076405353842325,0.15632412731841533
momentum_120d,5,2024-10-02,-3.7989906862386533,-3.4095562188715864
momentum_120d,5,2024-10-09,1.2836060686738888,0.5789191718657327
momentum_120d,5,2024-10-16,0.26551172980534554,0.15642572955837747
momentum_120d,5,2024-10-23,0.27220193503628315,-1.6191061362159531
momentum_120d,5,2024-10-30,-0.5694127882634606,-0.2829178205273545
momentum_120d,5,2024-11-06,1.5882128081481113,1.1625662657000082
momentum_120d,5,2024-11-13,0.9882569395667562,0.44026823035194046
momentum_120d,5,2024-11-20,1.1499963026122808,0.7699537284791076
momentum_120d,5,2024-11-27,-0.633250443648947,-1.6719192150146684
momentum_120d,5,2024-12-05,3.5482987337572345,1.510913638151449
momentum_120d,5,2024-12-12,0.4695820060461616,-0.6088442550075568
momentum_120d,5,2024-12-19,-1.6564140571795414,-0.4479835079563621
momentum_120d,5,2024-12-27,-2.9717474542217923,-0.4368356941936861
momentum_120d,5,2025-01-06,-1.3572380458794275,0.17845541284784067
momentum_120d,5,2025-01-14,-0.3924030733334731,-0.11326247179768896
momentum_120d,5,2025-01-22,-3.9467566883563383,-1.6732238568848794
momentum_120d,5,2025-01-29,-1.4360949778180476,-0.18321319754837823
momentum_120d,5,2025-02-05,-0.5318592416970525,-0.5417528758188239
momentum_120d,5,2025-02-12,-0.597556605195863,-0.7496260898012623
momentum_120d,5,2025-02-20,-2.8624382971961273,0.9676345335326538
momentum_120d,5,2025-02-27,-2.9790167125772204,-0.3245541403583796
momentum_120d,5,2025-03-06,-2.618963398185692,-1.3904561036297967
momentum_120d,5,2025-03-13,2.084709810500196,2.002135837880048
momentum_120d,5,2025-03-20,2.749412890824447,0.777469481670856
momentum_120d,5,2025-03-27,-0.6664083078594932,-0.5648827683412534
momentum_120d,5,2025-04-03,-0.8722789444240653,-0.8023014176323895
momentum_120d,5,2025-04-10,-0.938721989578861,1.1402404178581147
momentum_120d,5,2025-04-17,-2.674443583229132,-2.509883262096557
momentum_120d,5,2025-04-25,-0.607927693012315,-0.3418125142407099
momentum_120d,5,2025-05-02,-0.8457732649878997,0.28399998726487874
momentum_120d,5,2025-05-09,-2.3307988214596413,-2.850736984099078
momentum_120d,5,2025-05-16,0.36697909630514597,0.33988612189620093
momentum_120d,5,2025-05-23,0.5061187421526503,-0.042410381354825624
momentum_120d,5,2025-06-02,-0.297479979361052,-0.7897178833605153
momentum_120d,5,2025-06-09,-1.4060696229652894,0.20782350831998567
momentum_120d,5,2025-06-16,1.6617870271733892,0.9567000635237966
momentum_120d,5,2025-06-24,-0.010065502410724035,-0.44269548005799003
momentum_120d,5,2025-07-01,-0.7774939321230485,-0.9932625581291968
momentum_120d,5,2025-07-09,1.2871495348805235,0.30505045383094986
momentum_120d,5,2025-07-16,-0.7409370037582538,-0.5013033019815076
momentum_120d,5,2025-07-23,1.73074716396725,1.023707257439621
momentum_120d,5,2025-07-30,0.8417063890128121,-0.8941116735809737
momentum_120d,5,2025-08-06,-0.007657448969074741,0.464402800800164
momentum_120d,5,2025-08-13,-3.2523480902523256,-0.7028319421266582
momentum_120d,5,2025-08-20,0.3850015133012012,0.540906153915377
momentum_120d,5,2025-08-27,-0.8522126769158829,-1.5187176657842563
momentum_120d,5,2025-09-04,1.8948942512034865,1.1373582603972552
momentum_120d,5,2025-09-11,3.2582660926524807,1.8000509603080344
momentum_120d,5,2025-09-18,0.30822820091165326,0.3132691445468424
momentum_120d,5,2025-09-25,-0.37444341339341786,0.6062137283913509
momentum_120d,5,2025-10-02,0.8672517309056753,0.23253167201572333
momentum_120d,5,2025-10-09,-1.346296975901003,0.5808904471706455
momentum_120d,5,2025-10-16,-0.6883591594615416,-0.6339111764216716
momentum_120d,5,2025-10-23,6.070559096931483,1.204290103095277
momentum_120d,5,2025-10-30,-1.4394125997662544,-1.0834894909081072
momentum_120d,5,2025-11-06,-2.8419241092142298,-1.1709631183760192
momentum_120d,5,2025-11-13,-1.7682867338267738,-0.5366317339219069
momentum_120d,5,2025-11-20,2.047235775687513,1.3402250862464196
momentum_120d,5,2025-11-28,1.9368489782518077,0.2192838032277248
momentum_120d,5,2025-12-05,-2.414256035068185,-0.8270481519961015
momentum_120d,5,2025-12-12,1.0250944933550756,0.4519753394066924
momentum_120d,5,2025-12-19,0.31779368541299624,0.36551734648874545
momentum_120d,5,2025-12-29,1.7720889785482807,2.191506578735651
momentum_120d,5,2026-01-06,-1.5055821372602418,-0.08093764008095436
momentum_120d,5,2026-01-13,0.10030060793095145,1.884966373573449
momentum_120d,5,2026-01-21,1.8904687589642402,-0.18586728142780212
momentum_120d,5,2026-01-28,-2.742444423284281,0.7812302920714147
momentum_120d,5,2026-02-04,2.7699717974614457,3.421165281787375
momentum_120d,5,2026-02-11,-0.24629048843930837,0.34308424367283463
momentum_120d,5,2026-02-19,-0.7768039261132084,-0.567584649561174
momentum_120d,5,2026-02-26,-0.899764014301548,-0.19815705402869144
momentum_120d,5,2026-03-05,2.5702252111338586,0.9162428940465706
momentum_120d,5,2026-03-12,2.7348156124974876,2.6239405028896727
momentum_120d,5,2026-03-19,0.7695276759297596,1.5730292079411974
momentum_120d,5,2026-03-26,-0.3320982566977918,-0.9937258671311381
momentum_120d,5,2026-04-02,-0.2707351349952184,-0.09169330747772117
momentum_120d,5,2026-04-10,-3.910726116693912,-3.609238397264732
momentum_120d,5,2026-04-17,6.336032067297566,3.647706129342887
momentum_120d,5,2026-04-24,0.1259346061470638,0.07720817673689448
momentum_120d,5,2026-05-01,2.459003096959722,-0.2747210267014114
momentum_120d,5,2026-05-08,1.1551872726041856,0.5944149337540654
momentum_120d,5,2026-05-15,-1.142880889725021,0.7546783382070303
momentum_120d,5,2026-05-22,2.5047793820206907,0.034842469421684605
momentum_120d,5,2026-06-01,-1.7717637868460958,1.4200435391101016
momentum_120d,5,2026-06-08,0.1702363291432622,0.32705069814745746
momentum_120d,5,2026-06-15,-0.6826204899008056,-0.46856155847681363
momentum_120d,5,2026-06-23,1.2288110061096016,0.2516474145927039
momentum_120d,5,2026-06-30,-3.7710311967299166,-2.579739466487245
momentum_120d,5,2026-07-08,-1.9399769230818578,-0.5530113404254355
momentum_120d,5,2026-07-15,2.63754945426646,1.7800877744360344
momentum_120d,5,2026-07-22,-4.2959962932971925,-1.9008619529434705
momentum_120d,5,2026-07-29,-0.07734246146472445,-2.512724910248983
momentum_120d,5,2026-08-05,1.452741899066982,0.7859495767149135
momentum_120d,5,2026-08-12,-1.3472811717847497,0.12301208046484972
momentum_120d,5,2026-08-19,-1.0242932478776945,-0.7407251895573046
momentum_120d,5,2026-08-26,0.5937736734596448,-0.6402777184636481
momentum_120d,5,2026-09-02,1.4517720159066494,1.0688389223438066
momentum_120d,20,1999-06-16,-3.1332878771030264,-6.181929182151994
momentum_120d,20,1999-07-15,6.506086923940297,7.8346021717499825
momentum_120d,20,1999-08-12,-1.830546137341726,-4.757307276124671
momentum_120d,20,1999-09-10,-5.060700072622074,-2.8773262032912155
momentum_120d,20,1999-10-08,-3.923224299011563,-2.462632148243889
momentum_120d,20,1999-11-05,0.23974956909579664,-0.5773676253996458
momentum_120d,20,1999-12-06,3.671049713698456,6.09433380342117
momentum_120d,20,2000-01-04,-2.7134043515460373,0.24489244215409137
momentum_120d,20,2000-02-02,4.727679067190149,-0.14976356435214555
momentum_120d,20,2000-03-02,-2.417710033287664,0.900632057078532
momentum_120d,20,2000-03-30,-7.198056224525584,-1.9321804785544388
momentum_120d,20,2000-04-28,-7.63728990321965,-1.2733090067847175
momentum_120d,20,2000-05-26,2.702937618757069,-6.096486957261737
momentum_120d,20,2000-06-26,-3.7399244245014542,-1.6494629596148298
momentum_120d,20,2000-07-25,3.9180129974943023,2.3492256676123464
momentum_120d,20,2000-08-22,3.708287432604936,0.81099209418292
momentum_120d,20,2000-09-20,9.66738833288516,7.775729080026843
momentum_120d,20,2000-10-18,-3.4111740265006776,-0.3867453919321676
momentum_120d,20,2000-11-15,5.922549552620671,5.185071830008429
momentum_120d,20,2000-12-14,-3.6688782754884963,-2.4620654948807568
momentum_120d,20,2001-01-16,9.4140103315281,4.899557746710573
momentum_120d,20,2001-02-13,5.4785583553506,3.261864700984233
momentum_120d,20,2001-03-14,4.59304316651763,2.7936215554031847
momentum_120d,20,2001-04-11,-1.9868676396893012,-0.7029616959779217
momentum_120d,20,2001-05-10,-3.3439529923804834,-0.4453577849888868
momentum_120d,20,2001-06-08,-0.8932139036135434,-0.46264561733273535
momentum_120d,20,2001-07-09,-6.3930597594898835,-2.5944313072418512
momentum_120d,20,2001-08-06,2.1929015829986374,2.1876600039142198
momentum_120d,20,2001-09-04,1.3036386563905231,-4.560326998209829
momentum_120d,20,2001-10-08,-10.991693232029915,-2.996207647449241
momentum_120d,20,2001-11-05,-2.9058413112335995,-0.22384694334654695
momentum_120d,20,2001-12-04,-2.9650052549103543,-1.27687026301914
momentum_120d,20,2002-01-03,2.393552252256126,2.6904443015267026
momentum_120d,20,2002-02-01,3.7907518057680964,3.3598821605076954
momentum_120d,20,2002-03-04,-4.30457753106432,-1.4977767447320711
momentum_120d,20,2002-04-02,0.2437565166081142,0.9377361921926878
momentum_120d,20,2002-04-30,3.2289956709290246,2.116679595322217
momentum_120d,20,2002-05-29,9.380300079641732,2.9261604043185714
momentum_120d,20,2002-06-26,2.223898410165178,0.3580060258526788
momentum_120d,20,2002-07-25,-4.673494634080214,-4.1001650110133046
momentum_120d,20,2002-08-22,10.053456245702545,1.4933997973386828
momentum_120d,20,2002-09-20,0.7556626134751943,-2.1671074258570218
momentum_120d,20,2002-10-18,-11.716150657033083,-1.8823033827772877
momentum_120d,20,2002-11-15,-5.093855124198344,-1.5953793693202674
momentum_120d,20,2002-12-16,1.2223991648608397,0.6213019473088721
momentum_120d,20,2003-01-15,0.6415298169272738,0.4778366753364849
momentum_120d,20,2003-02-13,-4.217790778884078,0.6815993506858835
momentum_120d,20,2003-03-14,-5.701374247122496,-4.36450660751796
momentum_120d,20,2003-04-11,7.902079032781439,5.431215743881182
momentum_120d,20,2003-05-12,3.1813369855668037,2.1926049230093225
momentum_120d,20,2003-06-10,2.817161234401692,1.8977065015422623
momentum_120d,20,2003-07-09,-3.853757420074895,0.16634024791842467
momentum_120d,20,2003-08-06,9.543215559110337,7.061122405646758
momentum_120d,20,2003-09-04,-3.9162032216219687,-3.226161486401099
momentum_120d,20,2003-10-02,11.560205893945039,7.7548185094490725
momentum_120d,20,2003-10-30,-0.005705940492639616,1.243403151858117
momentum_120d,20,2003-11-28,-5.333185906971538,-1.872375449531627
momentum_120d,20,2003-12-29,-2.829091127379317,-3.5014040198084593
momentum_120d,20,2004-01-28,-3.201513426725463,-0.9064792132779257
momentum_120d,20,2004-02-26,-0.5136193243167535,-0.38573797084032746
momentum_120d,20,2004-03-25,-3.0705151776393063,-0.11817374486956152
momentum_120d,20,2004-04-23,0.9174994018561367,0.2749562224570604
momentum_120d,20,2004-05-21,1.150300563203214,0.14867093576667045
momentum_120d,20,2004-06-22,6.089469209816781,2.7973905155615597
momentum_120d,20,2004-07-21,0.6099934628209347,-1.7094175139359735
momentum_120d,20,2004-08-18,2.1598204940854364,1.3914079861133613
momentum_120d,20,2004-09-16,2.920077133052335,3.5443092806137186
momentum_120d,20,2004-10-14,-0.8756843706984263,-0.6171690242254317
momentum_120d,20,2004-11-11,-0.7538360726939808,-1.5597904608962598
momentum_120d,20,2004-12-10,0.0308951489209101,0.14969175499363052
momentum_120d,20,2005-01-10,0.6022831924882805,1.9083160352097857
momentum_120d,20,2005-02-08,6.470672802890502,5.362878304979457
momentum_120d,20,2005-03-09,0.7149160173491431,0.9654316774459715
momentum_120d,20,2005-04-07,-1.407307454802964,-1.9317136306081746
momentum_120d,20,2005-05-05,-2.5850776798096593,-0.5451568801007278
momentum_120d,20,2005-06-03,5.412079429141596,3.2194801679081286
momentum_120d,20,2005-07-01,-0.7973919220901259,1.9176701750278708
momentum_120d,20,2005-08-01,2.45260594922561,1.8175688985262117
momentum_120d,20,2005-08-29,3.7903502821441135,3.244980669958142
momentum_120d,20,2005-09-27,-5.4078117260260985,-4.69011279827154
momentum_120d,20,2005-10-25,0.7754322967477318,1.2037797237032244
momentum_120d,20,2005-11-22,-1.1507971703310083,-0.3404903783579124
momentum_120d,20,2005-12-21,3.2630446204299113,3.853773622509545
momentum_120d,20,2006-01-23,-0.5257559282205355,-1.1468196316698265
momentum_120d,20,2006-02-21,1.615938320634732,-1.3892082912565127
momentum_120d,20,2006-03-21,-1.4445733330870478,3.241857414439423
momentum_120d,20,2006-04-19,-5.089372495010961,-1.9261063284119029
momentum_120d,20,2006-05-17,-0.576943468261696,-2.3284009298658552
momentum_120d,20,2006-06-15,6.92069733160546,3.2341894880740427
momentum_120d,20,2006-07-14,-1.6631902959890255,-2.2706550686270144
momentum_120d,20,2006-08-11,-8.88023958322893,-4.49325578543672
momentum_120d,20,2006-09-11,-3.3150293752397344,-2.1570203579102
momentum_120d,20,2006-10-09,-2.3383331708547526,-0.4700800578748036
momentum_120d,20,2006-11-06,-1.5892770504234728,-0.28483888874123087
momentum_120d,20,2006-12-05,-0.8088311362154266,-0.8963658265921529
momentum_120d,20,2007-01-05,-0.7387347237103399,-0.9081043528264813
momentum_120d,20,2007-02-05,1.1649929234421652,1.3989365921889263
momentum_120d,20,2007-03-06,2.9011652296107657,1.5123004082485902
momentum_120d,20,2007-04-03,-3.851613564996718,-0.8243732437809811
momentum_120d,20,2007-05-02,1.8560474361781358,1.0078531793505006
momentum_120d,20,2007-05-31,-1.5901596313519764,-0.40115798616955356
momentum_120d,20,2007-06-28,3.6396960767328497,1.7514451328476954
momentum_120d,20,2007-07-27,-1.7244329366167044,-1.7523469922687163
momentum_120d,20,2007-08-24,5.301754796188163,3.1110369574708807
momentum_120d,20,2007-09-24,0.5972319495539853,-0.5534459183325884
momentum_120d,20,2007-10-22,-0.25941105731618713,-0.4080083238563015
momentum_120d,20,2007-11-19,3.167395432190312,1.0581215213436281
momentum_120d,20,2007-12-18,5.881216847884607,2.151388601242306
momentum_120d,20,2008-01-17,-8.125154110723916,-3.916339918281623
momentum_120d,20,2008-02-15,4.519872811763415,2.8782841925440046
momentum_120d,20,2008-03-17,3.663557034112238,2.820102180601795
momentum_120d,20,2008-04-15,-4.801114150543118,-0.9256317334478034
momentum_120d,20,2008-05-13,2.2861410049441977,2.0502751043256677
momentum_120d,20,2008-06-11,1.6405703903469737,0.6210499707762995
momentum_120d,20,2008-07-10,-10.345922807764026,-4.850411398343802
momentum_120d,20,2008-08-07,-5.48361112814744,-2.642242243908895
momentum_120d,20,2008-09-05,6.142023432804041,2.018576187853978
momentum_120d,20,2008-10-03,0.6249944813433033,1.1929842200541017
momentum_120d,20,2008-10-31,14.440373297266792,8.67467149427279
momentum_120d,20,2008-12-01,-5.49930886386482,-2.666916544568809
momentum_120d,20,2008-12-30,-2.1195332925737977,1.8736997589308357
momentum_120d,20,2009-01-29,-0.8318330688121897,-0.2674225205142341
momentum_120d,20,2009-02-27,-12.785484792009413,-5.880886736068288
momentum_120d,20,2009-03-27,-8.003268494976338,-1.5051653357499881
momentum_120d,20,2009-04-27,-3.6634543391124303,-0.8218794669091478
momentum_120d,20,2009-05-26,-0.6818638772512394,-0.14915778827477116
momentum_120d,20,2009-06-23,6.311272875230012,5.84812419874412
momentum_120d,20,2009-07-22,2.6885166154250775,1.1697025489741941
momentum_120d,20,2009-08-19,1.4934443827288555,0.0005167385217127081
momentum_120d,20,2009-09-17,-0.5031360337864739,-1.3436468978421359
momentum_120d,20,2009-10-15,-4.179075990678113,-3.1932394589348934
momentum_120d,20,2009-11-12,0.45532645397438065,1.432708068322238
momentum_120d,20,2009-12-11,1.8793504671334635,1.0057055320741823
momentum_120d,20,2010-01-12,-2.598580390345199,-2.29123167520809
momentum_120d,20,2010-02-10,0.7130687164895141,0.6750151623816352
momentum_120d,20,2010-03-11,0.6494861775099355,1.1280336160996183
momentum_120d,20,2010-04-09,0.8223225177131144,0.8813165142397938
momentum_120d,20,2010-05-07,1.535513914533674,0.20817643319461046
momentum_120d,20,2010-06-07,-3.6604059429707085,-1.6495453649986391
momentum_120d,20,2010-07-06,-3.201011045283897,-2.015735214880225
momentum_120d,20,2010-08-03,0.5091914242751091,1.851701999331549
momentum_120d,20,2010-08-31,-1.5186126650640934,-2.2929044791955455
momentum_120d,20,2010-09-29,-0.2632363256258744,-0.6351993533476448
momentum_120d,20,2010-10-27,0.36026464637544847,-0.5549335607954713
momentum_120d,20,2010-11-24,1.2904309870131137,0.9604274088429307
momentum_120d,20,2010-12-23,0.0288567785396137,-1.2539973875467494
momentum_120d,20,2011-01-24,3.9401608906793673,2.0437379877337403
momentum_120d,20,2011-02-22,-1.3112901927853637,0.00856700328413229
momentum_120d,20,2011-03-22,-2.484559037817073,-0.2729090124294675
momentum_120d,20,2011-04-19,-3.922277846221356,-1.392301051358861
momentum_120d,20,2011-05-18,0.23740312458969318,-0.9101591153276689
momentum_120d,20,2011-06-16,-2.02791060319402,-0.7149019772426879
momentum_120d,20,2011-07-15,2.9163343332458624,0.7137729858830655
momentum_120d,20,2011-08-12,5.153607894626014,3.6846343824421757
momentum_120d,20,2011-09-12,1.7690721748233051,-0.12369586402335801
momentum_120d,20,2011-10-10,-6.354181910048914,-2.3621728898604255
momentum_120d,20,2011-11-07,1.0231651676583096,0.0734959793016706
momentum_120d,20,2011-12-06,0.21352656445100165,-0.3728091544152434
momentum_120d,20,2012-01-05,-6.096964492825103,-4.2300200214712405
momentum_120d,20,2012-02-03,-0.9945001469845856,-2.0986436076066832
momentum_120d,20,2012-03-05,2.400800770866559,0.7327514400342554
momentum_120d,20,2012-04-02,-2.872709959643993,-1.6754630371644486
momentum_120d,20,2012-05-01,-1.3444895404777704,-1.4922115735568453
momentum_120d,20,2012-05-30,1.252194535879155,0.07544924996019109
momentum_120d,20,2012-06-27,-2.3395888143282897,-1.3636783729168656
momentum_120d,20,2012-07-26,-4.613642565446349,-3.8532797118492557
momentum_120d,20,2012-08-23,1.2656474322584876,-0.44885052584469803
momentum_120d,20,2012-09-21,0.8729443823125349,1.1422483050860723
momentum_120d,20,2012-10-19,-2.734028643149452,-0.9912710097786789
momentum_120d,20,2012-11-20,-1.536582666769696,0.21905326950425094
momentum_120d,20,2012-12-19,2.7095838841392808,1.2444349402947141
momentum_120d,20,2013-01-18,-0.9748425723724992,-1.0599563408907144
momentum_120d,20,2013-02-19,-0.327877115703871,0.3692220697126677
momentum_120d,20,2013-03-19,4.400102817983802,0.6396848706106979
momentum_120d,20,2013-04-17,-0.9077004927068975,1.0936353087125448
momentum_120d,20,2013-05-15,0.0880830186907248,0.08438224997570445
momentum_120d,20,2013-06-13,1.8341549866168907,1.509811232518691
momentum_120d,20,2013-07-12,-0.8282998940214743,-0.07066147245065046
momentum_120d,20,2013-08-09,-2.8101033125263277,-0.4111936042577165
momentum_120d,20,2013-09-09,0.8224376625755814,0.9883327963178626
momentum_120d,20,2013-10-07,-1.4021017742861759,-0.9970604503378869
momentum_120d,20,2013-11-04,1.4489674625318805,0.2243624833378218
momentum_120d,20,2013-12-03,2.762298638023849,0.9704979434236686
momentum_120d,20,2014-01-02,-1.3870605022895537,-0.07681147325610724
momentum_120d,20,2014-01-31,0.9824187785578253,0.5712782154153977
momentum_120d,20,2014-03-03,-3.517031382357416,-1.8397140985888811
momentum_120d,20,2014-03-31,-2.83661682296914,-1.2379500117881213
momentum_120d,20,2014-04-29,-1.1647334586586622,-0.6219433905038023
momentum_120d,20,2014-05-28,2.0820916372041047,1.6313338816508278
momentum_120d,20,2014-06-25,-0.5975536327547253,-1.431891691658945
momentum_120d,20,2014-07-24,-0.9858698331106124,-0.4359681372112216
momentum_120d,20,2014-08-21,-1.647052165268766,-1.2489910156684991
momentum_120d,20,2014-09-19,-2.067916449474616,-1.3618639841060967
momentum_120d,20,2014-10-17,4.35503594835438,2.4389545273332995
momentum_120d,20,2014-11-14,8.65401100284385,3.1598521820446535
momentum_120d,20,2014-12-15,-0.5412057661350814,-0.5129507673088358
momentum_120d,20,2015-01-14,-7.46477385516725,-4.434070672645744
momentum_120d,20,2015-02-12,3.195134153744868,1.054323104113597
momentum_120d,20,2015-03-13,-1.5549775086391253,-0.5156914478609849
momentum_120d,20,2015-04-13,-0.8814135626865024,-0.3757119748197998
momentum_120d,20,2015-05-11,2.9536813068125687,1.0533074280851338
momentum_120d,20,2015-06-09,-2.202766414399604,-0.09347832442708018
momentum_120d,20,2015-07-08,4.3840665806814005,2.0835569276697568
momentum_120d,20,2015-08-05,-2.088640040567584,-0.5753641398402916
momentum_120d,20,2015-09-02,2.9841655607171447,1.291215225161487
momentum_120d,20,2015-10-01,-4.734328930367257,-3.127437928896056
momentum_120d,20,2015-10-29,-1.0606898516314835,-0.2527196731682335
momentum_120d,20,2015-11-27,3.7177369517781313,0.8759274910651685
momentum_120d,20,2015-12-28,1.8624579446637757,0.035828600323029036
momentum_120d,20,2016-01-27,1.4232260218068522,2.1804165800387425
momentum_120d,20,2016-02-25,-0.947297443479389,-0.14485627627430403
momentum_120d,20,2016-03-24,-7.3839706413971085,-3.392505510042132
momentum_120d,20,2016-04-22,1.1769221068769729,0.8549727280657726
momentum_120d,20,2016-05-20,3.803072805743761,2.452277228298609
momentum_120d,20,2016-06-20,-1.6847185881733913,-1.2448049402607797
momentum_120d,20,2016-07-19,0.13852426832335896,1.4072559385843544
momentum_120d,20,2016-08-16,0.7936765622140592,0.0638803630219694
momentum_120d,20,2016-09-14,4.113248451588688,3.0413658682484286
momentum_120d,20,2016-10-12,-1.4617013867284978,-1.16168729364761
momentum_120d,20,2016-11-09,5.991810557450901,2.6845547719525005
momentum_120d,20,2016-12-08,-2.232632458188973,-1.2146349181844616
momentum_120d,20,2017-01-09,-0.5841299699485103,-0.8014299450599949
momentum_120d,20,2017-02-07,0.02006349306252394,-0.08491842329035512
momentum_120d,20,2017-03-08,-2.3448704785706225,-0.8474806229286905
momentum_120d,20,2017-04-05,3.7795620501384444,0.4841679201639841
momentum_120d,20,2017-05-04,2.061177309248334,1.3214285794133827
momentum_120d,20,2017-06-02,-6.4767329472706585,-3.847621614149488
momentum_120d,20,2017-06-30,1.4037688041946605,1.1924187548094358
momentum_120d,20,2017-07-31,2.343957224712408,0.716743976547692
momentum_120d,20,2017-08-28,-3.8358579663311687,-1.5178782353531353
momentum_120d,20,2017-09-26,5.489285148616966,2.3229606771451694
momentum_120d,20,2017-10-24,-0.530924049667203,0.04348905910625718
momentum_120d,20,2017-11-21,0.019364854623364278,-1.5365997158570934
momentum_120d,20,2017-12-20,8.52107011196718,1.1772691357731255
momentum_120d,20,2018-01-22,-2.1259356710419195,-2.318239226786782
momentum_120d,20,2018-02-20,1.4436684968250273,1.5585545195683745
momentum_120d,20,2018-03-20,-2.9452556160416012,-1.7487872469854504
momentum_120d,20,2018-04-18,5.9054527249273026,1.9455442424843798
momentum_120d,20,2018-05-16,0.8936259582760342,0.9571514017665576
momentum_120d,20,2018-06-14,-5.9352209809525345,-1.6676550278672653
momentum_120d,20,2018-07-13,-1.6429103189338583,-0.7840299441634521
momentum_120d,20,2018-08-10,-2.0956669419374907,-1.9402771516219386
momentum_120d,20,2018-09-10,2.496592728056035,-0.3047932942958428
momentum_120d,20,2018-10-08,2.5906861311129363,2.1108761290414684
momentum_120d,20,2018-11-05,4.618771483413409,3.4975131240380395
momentum_120d,20,2018-12-04,-0.4100307380262236,-0.3621822275941581
momentum_120d,20,2019-01-04,-5.716050774300374,-3.3203789600082447
momentum_120d,20,2019-02-04,-0.1729271938917476,-0.1433061630064551
momentum_120d,20,2019-03-05,1.8285704712720359,0.3701408168620931
momentum_120d,20,2019-04-02,0.3212711375130942,-0.31732341380566276
momentum_120d,20,2019-05-01,-3.211001906773699,-2.1786099210471326
momentum_120d,20,2019-05-30,-2.1126681446046307,-0.05498384624190352
momentum_120d,20,2019-06-27,3.754699800992741,1.5878798253151565
momentum_120d,20,2019-07-26,-0.28469525390681544,-1.5497073216630999
momentum_120d,20,2019-08-23,-3.8380242702672187,-2.064112463695052
momentum_120d,20,2019-09-23,3.3606262898613086,0.9395096299500194
momentum_120d,20,2019-10-21,-5.11853781600364,-5.366920529987703
momentum_120d,20,2019-11-18,2.618494911665063,0.7820243304007102
momentum_120d,20,2019-12-17,0.06408916004440415,-0.38879733702069286
momentum_120d,20,2020-01-16,4.742183226050289,0.854759416502641
momentum_120d,20,2020-02-14,0.13710786300540762,-3.1678940897631716
momentum_120d,20,2020-03-16,-0.947130546161549,0.806178958787244
momentum_120d,20,2020-04-14,2.2308055316300535,1.947637798418785
momentum_120d,20,2020-05-12,-7.831980550737468,-1.5241242478477135
momentum_120d,20,2020-06-10,15.884025934357354,5.176710511073179
momentum_120d,20,2020-07-09,-2.377760021116626,-0.36839899577250834
momentum_120d,20,2020-08-06,4.588776793683716,0.7620837961870963
momentum_120d,20,2020-09-03,-2.1818430202602697,1.2473309802123391
momentum_120d,20,2020-10-02,0.38484621540579117,0.7425890885828161
momentum_120d,20,2020-10-30,0.6170546008221687,4.209736472935152
momentum_120d,20,2020-11-30,0.5933639810195457,-1.7508452852249705
momentum_120d,20,2020-12-29,0.1094745635349021,1.2503406083572846
momentum_120d,20,2021-01-28,6.76072054151496,2.915214831019956
momentum_120d,20,2021-02-26,-4.488355423020004,-0.12095405779567099
momentum_120d,20,2021-03-26,-2.509909782904888,-4.415300118064395
momentum_120d,20,2021-04-26,2.7043773400375595,3.762548141535238
momentum_120d,20,2021-05-24,-1.2387555447748129,-3.028763194892836
momentum_120d,20,2021-06-22,-3.712033479097702,-4.196517962373884
momentum_120d,20,2021-07-21,-2.350331451234163,-1.398959583220135
momentum_120d,20,2021-08-18,-6.827973794878983,-2.2941719722410285
momentum_120d,20,2021-09-16,-9.110587736797068,-2.216016546334591
momentum_120d,20,2021-10-14,-1.1915156512520766,-2.028860647318287
momentum_120d,20,2021-11-11,2.394466114367544,0.4990218328151534
momentum_120d,20,2021-12-10,-6.0372509988621825,-2.6825977558936493
momentum_120d,20,2022-01-10,7.382384839250589,4.714312685286007
momentum_120d,20,2022-02-08,2.5185095482739395,2.8884918528346586
momentum_120d,20,2022-03-09,0.7493217957909912,1.7014389449455731
momentum_120d,20,2022-04-06,10.719893921733174,6.49848157140263
momentum_120d,20,2022-05-05,4.85857910537523,4.54628746038919
momentum_120d,20,2022-06-03,-3.284674486457299,-2.7331856804117245
momentum_120d,20,2022-07-05,-4.958282027317414,-0.42354598937974036
momentum_120d,20,2022-08-02,5.7589878157802366,4.291070124455002
momentum_120d,20,2022-08-30,1.2302782061070678,-0.6157559131104866
momentum_120d,20,2022-09-28,7.722172416203761,3.300967812417658
momentum_120d,20,2022-10-26,-2.896699579895038,0.731725092755453
momentum_120d,20,2022-11-23,2.5675903471895745,1.6269029866785727
momentum_120d,20,2022-12-22,-4.818233912204217,0.3901651469287485
momentum_120d,20,2023-01-24,-4.745499394166157,-3.26109769678384
momentum_120d,20,2023-02-22,2.3283312153581,-1.262540880440969
momentum_120d,20,2023-03-22,-3.162878478494513,-2.536493069415076
momentum_120d,20,2023-04-20,8.41836645314424,5.135565671858458
momentum_120d,20,2023-05-18,7.294368358690299,4.255325315384684
momentum_120d,20,2023-06-16,4.236834764585589,1.2045429066198654
momentum_120d,20,2023-07-18,-5.43054220976037,-3.1482150312600563
momentum_120d,20,2023-08-15,0.682473651159395,0.5102670194153447
momentum_120d,20,2023-09-13,3.9540800287589883,0.5142869096449454
momentum_120d,20,2023-10-11,-1.7724208545507973,-0.6489775200160401
momentum_120d,20,2023-11-08,-0.6669154170809118,0.24343985425422746
momentum_120d,20,2023-12-07,0.3424281189304305,0.9259885034811566
momentum_120d,20,2024-01-08,8.810511762641896,3.059996256894941
momentum_120d,20,2024-02-06,3.128348210821308,3.518859072199524
momentum_120d,20,2024-03-06,-5.64298448155299,-1.5385876368825344
momentum_120d,20,2024-04-04,-3.251130768373234,-0.7531911206082875
momentum_120d,20,2024-05-02,4.058985226147679,1.4559833482658955
momentum_120d,20,2024-05-31,1.3742201814778585,-0.2099889332907464
momentum_120d,20,2024-07-01,-11.598977315266684,-5.305679564808807
momentum_120d,20,2024-07-30,1.162851283370392,0.9710084066739233
momentum_120d,20,2024-08-27,0.7721500283488799,1.438930147717684
momentum_120d,20,2024-09-25,-0.5380947978235702,-1.183914040238876
momentum_120d,20,2024-10-23,-1.7784031724167686,-4.331438294390844
momentum_120d,20,2024-11-20,5.885845849219424,1.7345472836695592
momentum_120d,20,2024-12-19,-6.4147814587733665,-0.8258881944116281
momentum_120d,20,2025-01-22,-3.5313523145544665,-0.9040879648961461
momentum_120d,20,2025-02-20,-5.70618688872218,-0.3036606246881698
momentum_120d,20,2025-03-20,0.12054117987080337,-1.4011747403262866
momentum_120d,20,2025-04-17,-3.4538603006215105,-4.991347440528804
momentum_120d,20,2025-05-16,-1.8674626725563304,-1.30838362802305
momentum_120d,20,2025-06-16,5.018012760435631,1.7272570005237557
momentum_120d,20,2025-07-16,2.1980127657901654,0.03519486212741896
momentum_120d,20,2025-08-13,-4.102270933012882,-2.152078723509428
momentum_120d,20,2025-09-11,5.6808932167429145,3.4987943412726263
momentum_120d,20,2025-10-09,0.8515990998668769,0.016419314381569773
momentum_120d,20,2025-11-06,0.6184643491803514,1.1264380023227125
momentum_120d,20,2025-12-05,0.6295842316146031,2.171700199912796
momentum_120d,20,2026-01-06,-6.7114281820649335,-1.048355301982188
momentum_120d,20,2026-02-04,0.2323918339952269,3.7243683056380594
momentum_120d,20,2026-03-05,5.168226524493839,3.5678947452377283
momentum_120d,20,2026-04-02,0.46025824269447424,0.49621821564419893
momentum_120d,20,2026-05-01,5.072576065364897,-0.007979377450536191
momentum_120d,20,2026-06-01,-3.7673168396505106,1.471960696677732
momentum_120d,20,2026-06-30,-8.648854692053845,-5.293017277054882
momentum_120d,20,2026-07-29,1.0807099135604328,-0.09489176863193283
momentum_120d,60,1999-06-16,3.7264182119027893,-2.608357605311862
momentum_120d,60,1999-09-10,0.5617945678877042,-1.3745071591125222
momentum_120d,60,1999-12-06,13.399351053723695,8.007622366488764
momentum_120d,60,2000-03-02,-20.47425049681991,-7.530650968322838
momentum_120d,60,2000-05-26,9.479741513530419,0.776383641632113
momentum_120d,60,2000-08-22,12.084049072940813,9.748925562009632
momentum_120d,60,2000-11-15,4.222712562467337,6.549343157786098
momentum_120d,60,2001-02-13,5.9617046527277315,2.812006799312694
momentum_120d,60,2001-05-10,-2.102735834309344,-0.6539323475934777
momentum_120d,60,2001-08-06,-2.884990442234396,-2.152556276983364
momentum_120d,60,2001-11-05,0.19253031523683503,3.001449440395147
momentum_120d,60,2002-02-01,4.671067217323421,5.203855101694144
momentum_120d,60,2002-04-30,9.045616614878401,5.515013595480999
momentum_120d,60,2002-07-25,12.772533144341036,-0.06838405650178755
momentum_120d,60,2002-10-18,-12.616012153635017,-1.3690554636343464
momentum_120d,60,2003-01-15,2.5475019147170173,1.3885661058085752
momentum_120d,60,2003-04-11,14.611848518169685,10.60489761085895
momentum_120d,60,2003-07-09,0.5593330123359126,3.391109744501475
momentum_120d,60,2003-10-02,8.431695043495523,7.272641396178758
momentum_120d,60,2003-12-29,-6.591122150071913,-4.657109164941961
momentum_120d,60,2004-03-25,-1.5022908027990076,1.432041713771611
momentum_120d,60,2004-06-22,7.210606034695813,1.4433930160314246
momentum_120d,60,2004-09-16,-0.3463383856340041,1.7395720690036736
momentum_120d,60,2004-12-10,10.03601569679174,11.780376349276517
momentum_120d,60,2005-03-09,-3.1362312770313205,-2.013148454047857
momentum_120d,60,2005-06-03,8.207855414777146,7.066506323810258
momentum_120d,60,2005-08-29,-4.460960922167567,-2.923517166564478
momentum_120d,60,2005-11-22,-0.15435823941642263,-0.48355409550539336
momentum_120d,60,2006-02-21,5.141345615260843,2.748590095907577
momentum_120d,60,2006-05-17,3.4371197675707914,-2.4520978863477665
momentum_120d,60,2006-08-11,-11.62292623332997,-6.79085746595423
momentum_120d,60,2006-11-06,-0.23336748986881126,0.5605908262885206
momentum_120d,60,2007-02-05,-1.9612292094246975,0.3721894355811569
momentum_120d,60,2007-05-02,5.197941528164444,1.5593997694486217
momentum_120d,60,2007-07-27,3.5483619891035616,0.33678023418997427
momentum_120d,60,2007-10-22,1.9717954748799598,0.6951522893569411
momentum_120d,60,2008-01-17,-5.120957429712602,-3.7511986465147604
momentum_120d,60,2008-04-15,5.499672014953109,3.9081497253641038
momentum_120d,60,2008-07-10,-19.956206373092378,-12.318577090854948
momentum_120d,60,2008-10-03,6.421492230089261,5.083154941343082
momentum_120d,60,2008-12-30,-9.388414464941741,0.9831342463200499
momentum_120d,60,2009-03-27,-7.12944705013947,-1.4972659716260939
momentum_120d,60,2009-06-23,-0.042970261771705515,4.188846248427399
momentum_120d,60,2009-09-17,-7.9352556833240095,-4.217520210519795
momentum_120d,60,2009-12-11,5.023578477057393,1.9012856630050627
momentum_120d,60,2010-03-11,3.869252330742027,2.3076654828277547
momentum_120d,60,2010-06-07,-6.546415752055578,-0.713261093796606
momentum_120d,60,2010-08-31,-3.3248656322494665,-3.8662600084481857
momentum_120d,60,2010-11-24,6.966853334555874,4.372157630589993
momentum_120d,60,2011-02-22,-9.398238887428782,-1.3699844098562286
momentum_120d,60,2011-05-18,-1.2726089989013292,-2.2961465757608117
momentum_120d,60,2011-08-12,1.3922512325041936,0.9981544155730789
momentum_120d,60,2011-11-07,-6.258232271998028,-3.226131048778861
momentum_120d,60,2012-02-03,1.965740236241786,-1.931070401451877
momentum_120d,60,2012-05-01,-4.221927286048651,-2.8256794582156797
momentum_120d,60,2012-07-26,-0.12693329580090557,-2.7495575280870472
momentum_120d,60,2012-10-19,-7.177053160073313,-2.516512223648071
momentum_120d,60,2013-01-18,-6.0924182710970625,-2.3533824065916793
momentum_120d,60,2013-04-17,0.7688324209622548,2.126735397552097
momentum_120d,60,2013-07-12,-1.0904070789161038,-0.2036252114269869
momentum_120d,60,2013-10-07,3.552321664114951,0.14286134628263003
momentum_120d,60,2014-01-02,-3.23542495268719,-0.4765718260107003
momentum_120d,60,2014-03-31,-1.2032851688075812,0.5427088703090572
momentum_120d,60,2014-06-25,-3.405685848598561,-3.660682004343785
momentum_120d,60,2014-09-19,8.182541301990746,3.9782183295205185
momentum_120d,60,2014-12-15,0.5692374675203633,1.271209413755129
momentum_120d,60,2015-03-13,0.9649290581837685,0.1754525118132862
momentum_120d,60,2015-06-09,-3.4203361690178493,-1.0040889351199658
momentum_120d,60,2015-09-02,0.6081676304363551,1.1780536193179239
momentum_120d,60,2015-11-27,6.032270553990182,2.030789571582159
momentum_120d,60,2016-02-25,-6.576700288671692,-1.878645513583277
momentum_120d,60,2016-05-20,-0.9486463503006896,-1.0615251824045582
momentum_120d,60,2016-08-16,5.853329403460479,2.438072482014371
momentum_120d,60,2016-11-09,7.2918834190097925,4.685796682069129
momentum_120d,60,2017-02-07,-0.47120962418345513,-0.516408631540936
momentum_120d,60,2017-05-04,3.3797304872646245,1.7846455553323908
momentum_120d,60,2017-07-31,4.952159994237881,3.4173009953301006
momentum_120d,60,2017-10-24,-4.850827020047569,-0.992918437704741
momentum_120d,60,2018-01-22,-2.275055973413246,-1.1507295802442363
momentum_120d,60,2018-04-18,2.8234676201080036,3.0244197742862093
momentum_120d,60,2018-07-13,-4.082704200958257,-2.086437534699022
momentum_120d,60,2018-10-08,5.524750078717484,5.123927558226552
momentum_120d,60,2019-01-04,-7.7485103305342005,-5.044742406297234
momentum_120d,60,2019-04-02,1.9744807262121022,-0.4717349428564832
momentum_120d,60,2019-06-27,5.843059521155095,3.620187230426023
momentum_120d,60,2019-09-23,2.228295843798611,0.44636877355612725
momentum_120d,60,2019-12-17,6.397396710913139,-2.545448780264159
momentum_120d,60,2020-03-16,-13.516706026887903,-4.742881534233287
momentum_120d,60,2020-06-10,17.365088824244822,5.392785807299213
momentum_120d,60,2020-09-03,6.8620960376057765,4.797581347651847
momentum_120d,60,2020-11-30,-2.0771245418481525,2.4269528938060185
momentum_120d,60,2021-02-26,-4.645384161237601,-0.9072781107316352
momentum_120d,60,2021-05-24,-7.956668466909223,-9.4171300638664
momentum_120d,60,2021-08-18,-18.534776979375522,-5.5121907763963645
momentum_120d,60,2021-11-11,-2.8823020472872733,-4.899814673946423
momentum_120d,60,2022-02-08,6.673750152018087,4.477498410991813
momentum_120d,60,2022-05-05,1.0082812374441235,0.4748560362197285
momentum_120d,60,2022-08-02,10.812797273648563,6.616854545095363
momentum_120d,60,2022-10-26,-10.076781470886385,-0.03217724711862917
momentum_120d,60,2023-01-24,-6.830237649035402,-7.39439757701295
momentum_120d,60,2023-04-20,14.54404953043216,11.693075924133273
momentum_120d,60,2023-07-18,-2.4899538032546817,-1.8972117928614012
momentum_120d,60,2023-10-11,-1.504290720803003,0.9382573438602012
momentum_120d,60,2024-01-08,14.42642354708942,7.771442289361159
momentum_120d,60,2024-04-04,2.0403049324783837,-1.051111327858297
momentum_120d,60,2024-07-01,-11.390547097585872,-4.968882931346693
momentum_120d,60,2024-09-25,2.027155786872807,-9.532795008091572
momentum_120d,60,2024-12-19,-8.773928031266154,-0.05055503025589806
momentum_120d,60,2025-03-20,-4.535125476564168,-5.150267878362028
momentum_120d,60,2025-06-16,4.440226571874835,-0.16284650944647555
momentum_120d,60,2025-09-11,5.341067538320118,4.830933394013592
momentum_120d,60,2025-12-05,-8.449660835780385,2.7295162738576866
momentum_120d,60,2026-03-05,18.63140810726694,7.138292990610536
momentum_120d,60,2026-06-01,-11.28198786929175,-2.234724723378882
momentum_120d,120,1999-06-16,-3.1993834121453193,-13.825522211093308
momentum_120d,120,1999-12-06,-7.246291029279443,-2.4267996221499817
momentum_120d,120,2000-05-26,13.34360664689803,7.906436410905375
momentum_120d,120,2000-11-15,-0.08119229918038401,7.250781519695286
momentum_120d,120,2001-05-10,-0.25483900760022343,-0.9694087683946417
momentum_120d,120,2001-11-05,7.262737984613487,8.141729898016829
momentum_120d,120,2002-04-30,13.82692062479024,4.951060765686455
momentum_120d,120,2002-10-18,-12.030930629873303,-1.0174712783476814
momentum_120d,120,2003-04-11,21.597632819310597,15.563873494428314
momentum_120d,120,2003-10-02,1.6454605255777837,2.034217826953344
momentum_120d,120,2004-03-25,4.6977843730167415,6.426217825774098
momentum_120d,120,2004-09-16,10.356789127602184,11.295981267744647
momentum_120d,120,2005-03-09,2.9159130900710837,2.674524035143248
momentum_120d,120,2005-08-29,-4.830753174608985,-1.456870753303933
momentum_120d,120,2006-02-21,7.988992500890168,3.1845064591869163
momentum_120d,120,2006-08-11,-11.702627231765923,-7.649419674111731
momentum_120d,120,2007-02-05,-1.741051097390533,2.3729939381687366
momentum_120d,120,2007-07-27,1.220611614673195,-3.3355283615083
momentum_120d,120,2008-01-17,6.876957650865986,2.3929814104404312
momentum_120d,120,2008-07-10,-16.67486781649055,-12.801220415351736
momentum_120d,120,2008-12-30,-10.1660434966653,-1.3451079747732817
momentum_120d,120,2009-06-23,2.3141335120817987,3.7197431668798853
momentum_120d,120,2009-12-11,4.014717778949643,1.7491987670435323
momentum_120d,120,2010-06-07,3.7548331022163963,4.941508229120917
momentum_120d,120,2010-11-24,1.3381443618675661,2.139093990264011
momentum_120d,120,2011-05-18,0.2101972407774877,-2.445898418162795
momentum_120d,120,2011-11-07,-2.432225239510484,-2.415830556668719
momentum_120d,120,2012-05-01,-1.7304128558301028,-1.2361095668176558
momentum_120d,120,2012-10-19,4.131883462334951,4.999942708288082
momentum_120d,120,2013-04-17,-1.7180307162438124,3.640940154804969
momentum_120d,120,2013-10-07,0.680386793967928,1.3985502031080475
momentum_120d,120,2014-03-31,3.6041741751396668,1.8530470225393374
momentum_120d,120,2014-09-19,12.974237579482665,5.450915176894119
momentum_120d,120,2015-03-13,5.105402015092123,-0.45171362849327396
momentum_120d,120,2015-09-02,6.950369608870152,3.234501852159033
momentum_120d,120,2016-02-25,-2.270332657533699,1.3874937695064427
momentum_120d,120,2016-08-16,8.738657077676786,3.569715133521719
momentum_120d,120,2017-02-07,0.9380268574615972,0.7299166478523651
momentum_120d,120,2017-07-31,4.742018578780397,3.4748687409826395
momentum_120d,120,2018-01-22,-5.27282283071756,-3.8188117065525864
momentum_120d,120,2018-07-13,0.2647677576894436,2.0453463527076625
momentum_120d,120,2019-01-04,-3.644302097637094,-4.09296592600048
momentum_120d,120,2019-06-27,7.060878909248018,4.6138401076444815
momentum_120d,120,2019-12-17,9.913373480025415,2.5483330155377364
momentum_120d,120,2020-06-10,17.41562110087377,10.46176608802843
momentum_120d,120,2020-11-30,-4.390889437162866,3.462015456942691
momentum_120d,120,2021-05-24,-1.1951077202143316,-3.958452243656163
momentum_120d,120,2021-11-11,-12.549111443894597,-10.24253350644223
momentum_120d,120,2022-05-05,15.008750023848256,6.69261870381338
momentum_120d,120,2022-10-26,-14.433741912045885,-4.68655167873461
momentum_120d,120,2023-04-20,13.599944405051403,12.684476793074072
momentum_120d,120,2023-10-11,16.15407922364364,9.381288993290005
momentum_120d,120,2024-04-04,-5.418856513230774,-1.7822657933467638
momentum_120d,120,2024-09-25,-1.634883741935448,-2.456571808498098
momentum_120d,120,2025-03-20,-5.7380190256856745,-7.777358817990521
momentum_120d,120,2025-09-11,-4.685067341311858,6.987440549653938
momentum_120d,120,2026-03-05,15.579571067381798,6.294031368167219
momentum_252d,5,1999-12-22,3.9043985723265244,2.039000958248767
momentum_252d,5,1999-12-30,1.9543666274028557,5.58079450309735
momentum_252d,5,2000-01-06,-1.3882234482441371,-4.52410972928429
momentum_252d,5,2000-01-13,-1.2331319736767412,-1.952212438296926
momentum_252d,5,2000-01-21,-3.7463261115965945,-0.15278335277834437
momentum_252d,5,2000-01-28,-1.3391792384251624,-5.344726860686358
momentum_252d,5,2000-02-04,0.534640209597163,-1.066985444064017
momentum_252d,5,2000-02-11,2.7797371825014774,1.2284078804440082
momentum_252d,5,2000-02-18,-0.23628552129626063,-2.7466495374465993
momentum_252d,5,2000-02-28,1.827856468585979,0.23068592707307842
momentum_252d,5,2000-03-06,1.4162178683208904,-0.0028619412701787654
momentum_252d,5,2000-03-13,-9.463874035891504,-3.60271457969323
momentum_252d,5,2000-03-20,4.487010537227327,1.2599043294016767
momentum_252d,5,2000-03-27,-8.622023617505787,-0.9963475061377033
momentum_252d,5,2000-04-03,-2.334636702030183,-1.8421339038669011
momentum_252d,5,2000-04-10,-2.4505293793221528,0.9337596032733653
momentum_252d,5,2000-04-17,-0.6445361913603305,-1.2222068790776364
momentum_252d,5,2000-04-25,2.5208093515916867,3.2357604499068473
momentum_252d,5,2000-05-02,-3.48446742300604,-0.027923455217789456
momentum_252d,5,2000-05-09,2.850144356130705,1.1383740599088568
momentum_252d,5,2000-05-16,-7.234531290929022,-2.1546389250723053
momentum_252d,5,2000-05-23,5.5839432932305675,1.6314351173607466
momentum_252d,5,2000-05-31,4.359450764400958,0.006355106982551077
momentum_252d,5,2000-06-07,-0.4335977327018699,-0.4679421915800582
momentum_252d,5,2000-06-14,3.8504498136358882,0.24922404656352684
momentum_252d,5,2000-06-21,-6.467202052827458,-2.531724072227641
momentum_252d,5,2000-06-28,-0.5711137209242175,-0.6690665273365741
momentum_252d,5,2000-07-06,-2.629572511889511,-0.29000873354536605
momentum_252d,5,2000-07-13,3.5606084227211454,-0.20528838244068628
momentum_252d,5,2000-07-20,-4.325740990828171,-0.4033626510174508
momentum_252d,5,2000-07-27,0.33166983269294537,0.5472629634477033
momentum_252d,5,2000-08-03,1.1179704113333613,0.2348388943722468
momentum_252d,5,2000-08-10,2.687512453650731,0.44394762219726785
momentum_252d,5,2000-08-17,1.5570426140416371,-0.10533196614460616
momentum_252d,5,2000-08-24,2.5025261737183113,1.1928116249430611
momentum_252d,5,2000-08-31,-1.168206785798498,0.6297205242668042
momentum_252d,5,2000-09-08,1.1605386729601912,1.9121276386065755
momentum_252d,5,2000-09-15,-1.3172657860911263,-1.4692951994007517
momentum_252d,5,2000-09-22,-0.863529423701285,1.5275910953049068
momentum_252d,5,2000-09-29,-2.96570270788364,-1.977554570805203
momentum_252d,5,2000-10-06,3.278281858609544,0.8460143121311084
momentum_252d,5,2000-10-13,2.61571033466033,1.1014202432017304
momentum_252d,5,2000-10-20,-6.5678490657264526,-3.6120028628989367
momentum_252d,5,2000-10-27,-3.5498389884971076,0.6340154764015689
momentum_252d,5,2000-11-03,-2.570321773021781,0.5410700650712956
momentum_252d,5,2000-11-10,-1.6244458653341305,-0.590595479939297
momentum_252d,5,2000-11-17,2.667673674630633,1.3310554656857563
momentum_252d,5,2000-11-27,-2.7113944095958096,1.5223891742068396
momentum_252d,5,2000-12-04,-5.688464541639075,-5.722526757450652
momentum_252d,5,2000-12-11,6.371828498361262,4.629111301818819
momentum_252d,5,2000-12-18,2.7545904537843593,3.740834224674542
momentum_252d,5,2000-12-26,-6.994883081551725,-3.5172335165274404
momentum_252d,5,2001-01-03,0.10924011429788169,-0.6878055341664819
momentum_252d,5,2001-01-10,-4.12981736762091,-3.4851720802483923
momentum_252d,5,2001-01-18,3.1798770228511075,2.058783816208698
momentum_252d,5,2001-01-25,-1.5263077409001755,-0.8827484788809533
momentum_252d,5,2001-02-01,5.273552708613209,5.101195237963655
momentum_252d,5,2001-02-08,-0.9441618787687456,-1.030508467929673
momentum_252d,5,2001-02-15,4.2054408948796524,3.9727867135298487
momentum_252d,5,2001-02-23,1.310821028707132,2.031582920838844
momentum_252d,5,2001-03-02,-1.1492149123382145,-0.5913803921682725
momentum_252d,5,2001-03-09,1.6741537864090161,1.181711034356129
momentum_252d,5,2001-03-16,-2.423330942145615,-2.6501659137578666
momentum_252d,5,2001-03-23,4.620008718026081,2.369381271332216
momentum_252d,5,2001-03-30,0.635539518277232,0.3897202217462481
momentum_252d,5,2001-04-06,-0.7886353315223656,-0.47630306595056
momentum_252d,5,2001-04-16,-6.028337371827918,-2.648364451525849
momentum_252d,5,2001-04-23,0.7934941955136887,-1.0491064103769876
momentum_252d,5,2001-04-30,-2.027326503214703,-0.49378727153767493
momentum_252d,5,2001-05-07,0.9586803172255168,0.30011194435283584
momentum_252d,5,2001-05-14,-5.195686958940171,-2.388529775486381
momentum_252d,5,2001-05-21,2.748261393068844,1.3855407127202493
momentum_252d,5,2001-05-29,-1.7989890904930157,-0.9748327136765026
momentum_252d,5,2001-06-05,0.7642907916122174,1.0654209299930217
momentum_252d,5,2001-06-12,5.393539339870856,0.2980064051769168
momentum_252d,5,2001-06-19,-3.133708722833073,-0.22382905588608226
momentum_252d,5,2001-06-26,-2.6498598770662665,-0.0677951788096672
momentum_252d,5,2001-07-03,6.157663668464113,3.271046987134637
momentum_252d,5,2001-07-11,-1.6516775970687014,-0.8276557247554273
momentum_252d,5,2001-07-18,-2.909457174805552,-1.2075954756507579
momentum_252d,5,2001-07-25,-5.777318773481791,-0.7971451358222525
momentum_252d,5,2001-08-01,2.1374310488829726,0.2974477484232222
momentum_252d,5,2001-08-08,1.2057921169888537,0.1353801980922868
momentum_252d,5,2001-08-15,1.0097484005968291,0.19763124926270859
momentum_252d,5,2001-08-22,-0.8993086446111371,0.5123138617382079
momentum_252d,5,2001-08-29,6.976889897015333,3.4736551411510255
momentum_252d,5,2001-09-06,10.336614658029477,2.954747741507731
momentum_252d,5,2001-09-19,2.8451795349970292,-1.3904699577242017
momentum_252d,5,2001-09-26,-2.9199053961425596,-1.1474414176427583
momentum_252d,5,2001-10-03,-7.2151185077370465,-0.03873311580414225
momentum_252d,5,2001-10-10,-1.0142686952359536,-0.05555184313938236
momentum_252d,5,2001-10-17,-2.3092089079628826,0.4154331502222626
momentum_252d,5,2001-10-24,0.0737038403612611,0.2842164798205019
momentum_252d,5,2001-10-31,-6.591757262023804,-0.9805061148622229
momentum_252d,5,2001-11-07,-0.26885803853251194,0.4676013140863781
momentum_252d,5,2001-11-14,4.766080967760238,1.808987358882197
momentum_252d,5,2001-11-21,-2.5717875023489656,-0.5419195729347275
momentum_252d,5,2001-11-29,-3.052352973343327,0.5788054117612667
momentum_252d,5,2001-12-06,-0.46893367814348685,-0.053546626180104674
momentum_252d,5,2001-12-13,0.39868651899650126,-0.6431449833747511
momentum_252d,5,2001-12-20,-1.8224303785816003,0.20398814195086898
momentum_252d,5,2001-12-28,-1.162764585198306,0.590442664195856
momentum_252d,5,2002-01-07,-1.1026187729867445,-1.8945075683784414
momentum_252d,5,2002-01-14,5.063409625814233,0.6905245035159102
momentum_252d,5,2002-01-22,-1.654684307248925,3.0214830984598984
momentum_252d,5,2002-01-29,1.8251999211043999,2.1295815391903212
momentum_252d,5,2002-02-05,0.257178843381108,0.019953614199078963
momentum_252d,5,2002-02-12,1.5791753588109247,1.673151880692092
momentum_252d,5,2002-02-20,-0.6817143349896396,0.8801210386143751
momentum_252d,5,2002-02-27,-8.356093104287325,-3.3365274058916836
momentum_252d,5,2002-03-06,-1.4675874987196322,-1.3264560438280468
momentum_252d,5,2002-03-13,1.5044607647213606,1.7959401602961982
momentum_252d,5,2002-03-20,-0.6757793195496964,-0.4669988563661631
momentum_252d,5,2002-03-27,-1.2959577528810495,-1.1143727683355031
momentum_252d,5,2002-04-04,5.477932193746833,3.8941601226999967
momentum_252d,5,2002-04-11,-0.33405202298761133,0.6621110188885189
momentum_252d,5,2002-04-18,1.6789327416345499,1.0893767285489262
momentum_252d,5,2002-04-25,4.7195583273878805,0.9963004015017299
momentum_252d,5,2002-05-02,0.13318265073383923,0.23738989140407543
momentum_252d,5,2002-05-09,-2.4021795928611533,0.14460317538590822
momentum_252d,5,2002-05-16,-1.2373185186962954,-0.1764871725032628
momentum_252d,5,2002-05-23,4.176263708391241,1.0715278280202578
momentum_252d,5,2002-05-31,3.957032161930777,0.6402849053081898
momentum_252d,5,2002-06-07,-0.22062133078964247,-0.7551999625799222
momentum_252d,5,2002-06-14,5.174430806109891,0.9425576317760384
momentum_252d,5,2002-06-21,-0.1741188931210929,1.407071123435355
momentum_252d,5,2002-06-28,-0.2423868744452995,-1.025287402302181
momentum_252d,5,2002-07-08,-7.558156191507015,-2.577627109383969
momentum_252d,5,2002-07-15,0.6903049590814078,0.9122347854697196
momentum_252d,5,2002-07-22,10.625329878072028,2.1053744593714745
momentum_252d,5,2002-07-29,2.230524769359321,1.0202606084024977
momentum_252d,5,2002-08-05,-1.0890199271864187,-0.016766346649443875
momentum_252d,5,2002-08-12,-6.560201805662347,-4.320425302214229
momentum_252d,5,2002-08-19,1.0683911995595854,0.9857721831271093
momentum_252d,5,2002-08-26,4.6242580685956955,1.4009650571558674
momentum_252d,5,2002-09-03,1.6321060349265726,-0.25107170980348903
momentum_252d,5,2002-09-10,4.431411403557995,1.1222439636210688
momentum_252d,5,2002-09-17,1.876809114889429,0.26600911002433447
momentum_252d,5,2002-09-24,-2.6892877931887176,-0.9989690108720195
momentum_252d,5,2002-10-01,6.365839524671399,1.6725570447178262
momentum_252d,5,2002-10-08,-5.669332788558619,-2.1698701388678616
momentum_252d,5,2002-10-15,0.42764840472487115,0.07801761761171791
momentum_252d,5,2002-10-22,-5.201887357028183,-0.48338411896070205
momentum_252d,5,2002-10-29,-7.054342039366583,-1.8125317342224074
momentum_252d,5,2002-11-05,4.588892463250745,1.242519238356802
momentum_252d,5,2002-11-12,-3.1839264576205117,-0.6238351477390935
momentum_252d,5,2002-11-19,-6.032345789215432,-0.7417973389573247
momentum_252d,5,2002-11-26,4.231694633077188,0.31920572291010973
momentum_252d,5,2002-12-04,0.9086414499602494,1.0206630526857108
momentum_252d,5,2002-12-11,1.5554787429998753,0.4632976307298975
momentum_252d,5,2002-12-18,-0.36126805867983114,-0.2727209151572355
momentum_252d,5,2002-12-26,-0.05803399178354596,0.2998416751808971
momentum_252d,5,2003-01-03,-5.219289754089966,-2.3747870936472126
momentum_252d,5,2003-01-10,5.060838411339549,0.899000055285637
momentum_252d,5,2003-01-17,-1.648783374793709,-0.36641022879814933
momentum_252d,5,2003-01-27,1.385772766357137,0.24833472350785554
momentum_252d,5,2003-02-03,1.6736834556035733,1.4081960110149803
momentum_252d,5,2003-02-10,-4.4283876486041995,-1.6850236214390635
momentum_252d,5,2003-02-18,0.2699262278478682,1.2047539222142891
momentum_252d,5,2003-02-25,0.7324018299740497,1.3572611591799157
momentum_252d,5,2003-03-04,-0.10385897404440554,0.5760582972976509
momentum_252d,5,2003-03-11,-7.451146892969877,-2.637674572772693
momentum_252d,5,2003-03-18,0.4965650455309019,-0.13536008206996852
momentum_252d,5,2003-03-25,2.8199978517120488,0.7871463709111293
momentum_252d,5,2003-04-01,0.7798890388428514,-0.0006607402705120318
momentum_252d,5,2003-04-08,-0.6709004234308091,-0.4001736483386494
momentum_252d,5,2003-04-15,-4.441285054128219,-0.012990553771530244
momentum_252d,5,2003-04-23,1.2342315693994317,0.48097300974651036
momentum_252d,5,2003-04-30,-0.5316503651151809,-0.6741388112171398
momentum_252d,5,2003-05-07,-0.3218065714633678,-0.13913281213460876
momentum_252d,5,2003-05-14,-1.9756491065814417,-0.5520203895183373
momentum_252d,5,2003-05-21,-4.421107359717347,-1.5402009140043083
momentum_252d,5,2003-05-29,1.3390016725199607,0.2569846457287639
momentum_252d,5,2003-06-05,1.5312837785239362,-0.3088106906533975
momentum_252d,5,2003-06-12,0.17143590043942059,0.5346703178332857
momentum_252d,5,2003-06-19,0.9395638671884421,0.4738183281381721
momentum_252d,5,2003-06-26,-0.6181424327072619,0.2656404548000202
momentum_252d,5,2003-07-03,2.65364320102552,0.6409868569916839
momentum_252d,5,2003-07-11,-1.1499809559864071,0.0007929077437592488
momentum_252d,5,2003-07-18,-2.0374195993597244,-0.04169546203991088
momentum_252d,5,2003-07-25,-0.1497630980227335,0.6292981105519864
momentum_252d,5,2003-08-01,-4.118723589774042,-3.6260973633003033
momentum_252d,5,2003-08-08,2.500936961320736,2.9150870593138256
momentum_252d,5,2003-08-15,6.626454614291788,5.268000208675283
momentum_252d,5,2003-08-22,0.9911398123194045,0.7563969823287147
momentum_252d,5,2003-08-29,0.3319628425788738,0.38686749564667744
momentum_252d,5,2003-09-08,-3.250249723686127,-1.7174398593818307
momentum_252d,5,2003-09-15,0.5709165436341405,-0.8472720990477541
momentum_252d,5,2003-09-22,-1.2726380335701135,-0.5267003574893441
momentum_252d,5,2003-09-29,1.5099643558762845,0.9303812567669582
momentum_252d,5,2003-10-06,2.7078678310380244,2.0052187998154043
momentum_252d,5,2003-10-13,0.7805649163041236,0.06537392227730457
momentum_252d,5,2003-10-20,0.0639805500914766,0.3623909412347026
momentum_252d,5,2003-10-27,4.538055388912743,3.0299003634671378
momentum_252d,5,2003-11-03,-0.005490888475549277,0.04130813337184236
momentum_252d,5,2003-11-10,-3.5065191745262125,-1.441283543886096
momentum_252d,5,2003-11-17,1.742877149036115,0.9975724016866749
momentum_252d,5,2003-11-24,1.7085882844958746,1.2748283077537539
momentum_252d,5,2003-12-02,-5.056471441849119,-3.247862046123092
momentum_252d,5,2003-12-09,-0.8164244721446648,-0.8012772551606077
momentum_252d,5,2003-12-16,1.8438815801554633,1.3584547151897977
momentum_252d,5,2003-12-23,-0.44004833864163356,-0.03623521101054905
momentum_252d,5,2003-12-31,4.031183940057551,2.5900009866813027
momentum_252d,5,2004-01-08,-0.6576732072138529,-1.126131427267437
momentum_252d,5,2004-01-15,-2.6454035910604095,-2.004619541333093
momentum_252d,5,2004-01-23,-2.6914632161077923,-1.5246042493247423
momentum_252d,5,2004-01-30,-0.8608081479426082,-0.26077819650476286
momentum_252d,5,2004-02-06,-1.6312891864673662,-1.1240751611475197
momentum_252d,5,2004-02-13,-2.5112849500524135,-1.3116116068612924
momentum_252d,5,2004-02-23,0.9359151714343131,1.2616398117488417
momentum_252d,5,2004-03-01,-3.745046589058461,-2.7287497781489605
momentum_252d,5,2004-03-08,-0.3440892302975433,-0.8130348858986003
momentum_252d,5,2004-03-15,0.24619757209656626,-0.10814262209146719
momentum_252d,5,2004-03-22,-0.581060692009124,-0.8055662298105245
momentum_252d,5,2004-03-29,0.9600248456823686,0.8063971333104029
momentum_252d,5,2004-04-05,-2.1829551247926444,-0.5719375584273045
momentum_252d,5,2004-04-13,-4.128748478098805,-2.32762530538132
momentum_252d,5,2004-04-20,-0.49552837072475153,-0.8559901434425236
momentum_252d,5,2004-04-27,-2.8145375400729997,-1.2196598791979616
momentum_252d,5,2004-05-04,2.767798545071417,1.4073991276350228
momentum_252d,5,2004-05-11,-1.8770446162582757,-1.3826446939199357
momentum_252d,5,2004-05-18,1.9532481264019852,0.9663219692575739
momentum_252d,5,2004-05-25,-1.8368561461640602,-1.0770236907709396
momentum_252d,5,2004-06-02,0.39640430944466465,-0.4094842175554188
momentum_252d,5,2004-06-09,-1.1657108379638736,-0.8521288915256794
momentum_252d,5,2004-06-17,1.761401126924959,1.6260699709490438
momentum_252d,5,2004-06-24,0.8724227545363986,0.5482887254527464
momentum_252d,5,2004-07-01,0.2471369377516278,1.0643173518582274
momentum_252d,5,2004-07-09,3.0056499682312534,2.040364641818955
momentum_252d,5,2004-07-16,-1.5752501117543636,-1.1198492780158684
momentum_252d,5,2004-07-23,0.17102143153020502,0.29379090634285754
momentum_252d,5,2004-07-30,1.3903924487900046,0.9803187376631476
momentum_252d,5,2004-08-06,2.027466696254317,0.09903884297013388
momentum_252d,5,2004-08-13,-2.6314247593108115,-1.3722631328689636
momentum_252d,5,2004-08-20,-0.19294393202083554,-0.20676552797246708
momentum_252d,5,2004-08-27,4.452988738797236,1.559960999235225
momentum_252d,5,2004-09-03,-4.783699290561683,-1.1161980390053041
momentum_252d,5,2004-09-13,0.33205310518515196,1.2967389222902526
momentum_252d,5,2004-09-20,3.6832228480327704,1.7723205930755233
momentum_252d,5,2004-09-27,-1.1953321582611975,0.3307007956872443
momentum_252d,5,2004-10-04,2.668794285688221,0.6879068389553618
momentum_252d,5,2004-10-11,-1.390769597578434,-0.9945588447240398
momentum_252d,5,2004-10-18,1.8270169478188567,3.047169995583014
momentum_252d,5,2004-10-25,-2.744445424492074,-2.517019033790306
momentum_252d,5,2004-11-01,-0.3934362862455446,-0.7435036469193523
momentum_252d,5,2004-11-08,-0.4775963686657632,-0.40099034094365954
momentum_252d,5,2004-11-15,1.9881630775543466,2.3182100933367074
momentum_252d,5,2004-11-22,2.0451198120712464,0.4855747023235213
momentum_252d,5,2004-11-30,-5.231125115022621,-3.5168544589630923
momentum_252d,5,2004-12-07,0.7980461984026946,0.12734909018630908
momentum_252d,5,2004-12-14,2.310709334850769,1.263710166714945
momentum_252d,5,2004-12-21,-1.6144626265421198,-1.0996728119576749
momentum_252d,5,2004-12-29,-0.928762722101865,-1.1244274131632093
momentum_252d,5,2005-01-05,0.8889258287136196,1.0416993480196535
momentum_252d,5,2005-01-12,2.705680277808871,1.2403112133102225
momentum_252d,5,2005-01-20,1.37177691329499,1.6163740157614126
momentum_252d,5,2005-01-27,2.5942957614981146,1.5684779514544278
momentum_252d,5,2005-02-03,-0.10797280352440683,0.9697665571554456
momentum_252d,5,2005-02-10,0.24080796579194857,0.8552198907413988
momentum_252d,5,2005-02-17,1.5245758740763653,2.6450356816260774
momentum_252d,5,2005-02-25,1.8005562814249993,0.6461741647090753
momentum_252d,5,2005-03-04,-1.180227151184136,-0.7767719500435792
momentum_252d,5,2005-03-11,2.8343713381137468,1.6732953568602198
momentum_252d,5,2005-03-18,-2.12881979236228,-1.5133902262752206
momentum_252d,5,2005-03-28,2.265928642202608,1.329897257882188
momentum_252d,5,2005-04-04,-1.0550279326864587,-0.3154304359843282
momentum_252d,5,2005-04-11,-0.7920944674881578,-1.8131085387646368
momentum_252d,5,2005-04-18,2.2350579919921474,1.8026464225713894
momentum_252d,5,2005-04-25,-1.3990463222488905,-1.061762779634956
momentum_252d,5,2005-05-02,-1.8118096506071695,-0.42091399748003616
momentum_252d,5,2005-05-09,-5.635307312636117,-4.183670995109731
momentum_252d,5,2005-05-16,1.2947767438352242,0.3552923929390106
momentum_252d,5,2005-05-23,1.1802250273345063,1.445117332596113
momentum_252d,5,2005-05-31,1.2014648035933475,0.6679237331630523
momentum_252d,5,2005-06-07,1.389487075602806,0.946272735646266
momentum_252d,5,2005-06-14,0.7008279798441505,0.29045484887371875
momentum_252d,5,2005-06-21,1.1932893499114825,0.9181955264724503
momentum_252d,5,2005-06-28,0.03130622446033682,0.450415000459962
momentum_252d,5,2005-07-06,-1.6718775837861966,-0.16917590439970248
momentum_252d,5,2005-07-13,-1.046155726253343,-0.27139637172720976
momentum_252d,5,2005-07-20,0.819797566707429,0.470141217655895
momentum_252d,5,2005-07-27,1.6522530363852688,0.9608756329408941
momentum_252d,5,2005-08-03,0.012575815533266699,-0.24180785282074124
momentum_252d,5,2005-08-10,-1.701918274342292,-1.0937007568638655
momentum_252d,5,2005-08-17,2.7980583144044906,2.180778102120573
momentum_252d,5,2005-08-24,2.099963598823673,1.270216499617375
momentum_252d,5,2005-08-31,0.8512831440127193,0.8958147418379155
momentum_252d,5,2005-09-08,0.1967200209554209,0.49135656885094986
momentum_252d,5,2005-09-15,1.5046458112037495,0.5967444404039179
momentum_252d,5,2005-09-22,1.2761066965736831,0.9626498652555234
momentum_252d,5,2005-09-29,-3.885347847360724,-3.47651031478781
momentum_252d,5,2005-10-06,-1.5275645589481357,-1.1230789122513554
momentum_252d,5,2005-10-13,-3.2642262312422177,-2.6375528512937634
momentum_252d,5,2005-10-20,0.7720685752465354,0.5543902894034021
momentum_252d,5,2005-10-27,-0.37591533751723344,0.6432727630784878
momentum_252d,5,2005-11-03,-2.929183300135544,-2.462681217194414
momentum_252d,5,2005-11-10,-0.1253497604600584,0.6002613638047032
momentum_252d,5,2005-11-17,0.07667854594716564,0.042871654066785794
momentum_252d,5,2005-11-25,0.7635358353909865,1.4504633939933362
momentum_252d,5,2005-12-02,0.4009945033271937,0.43973425861469906
momentum_252d,5,2005-12-09,-1.1298892664241185,-0.23969157170396307
momentum_252d,5,2005-12-16,-1.2152542810703326,-0.876742694653739
momentum_252d,5,2005-12-23,1.8230794244547432,1.2460583498093314
momentum_252d,5,2006-01-03,1.31291922939419,0.7570737242353982
momentum_252d,5,2006-01-10,0.7761143976882323,0.6537930534487479
momentum_252d,5,2006-01-18,0.15921991432796084,0.3352271889232372
momentum_252d,5,2006-01-25,0.1123578441389661,-0.28955383563722403
momentum_252d,5,2006-02-01,-0.8220885810724591,-0.2621318028838212
momentum_252d,5,2006-02-08,-3.927493390733172,-3.0217802442411124
momentum_252d,5,2006-02-15,0.2006669961698996,-0.04576274625757899
momentum_252d,5,2006-02-23,0.8633511102585071,0.3077235917888369
momentum_252d,5,2006-03-02,-4.220816321257167,-3.5326072521639773
momentum_252d,5,2006-03-09,1.1506131496574832,1.2162017314987748
momentum_252d,5,2006-03-16,-1.05008042189223,-1.0227297479102413
momentum_252d,5,2006-03-23,0.03670488177283846,0.40627974252672727
momentum_252d,5,2006-03-30,2.0310002205374933,0.8466742014641001
momentum_252d,5,2006-04-06,0.30847033338284496,0.3655459184890112
momentum_252d,5,2006-04-13,3.9265330132435126,2.480024191951739
momentum_252d,5,2006-04-21,-2.2949399814393368,-1.72148117169999
momentum_252d,5,2006-04-28,1.3229229306402097,1.5353824177507005
momentum_252d,5,2006-05-05,-1.255704934175176,-0.24412480339913722
momentum_252d,5,2006-05-12,-3.594134494279285,-2.310597700342369
momentum_252d,5,2006-05-19,0.13417624473217962,0.07771698112510883
momentum_252d,5,2006-05-26,-0.24593266904251085,-0.21037643723929023
momentum_252d,5,2006-06-05,-1.2732837870128764,-1.5814596882901915
momentum_252d,5,2006-06-12,-2.1463076769602982,-0.9325157268761819
momentum_252d,5,2006-06-19,2.775332082857107,1.4546456175322056
momentum_252d,5,2006-06-26,2.746624847961539,2.0032633993185627
momentum_252d,5,2006-07-03,0.7347074488496365,-0.49916165868900314
momentum_252d,5,2006-07-11,-0.5133446667969036,-1.2003145934796269
momentum_252d,5,2006-07-18,0.3604882991560513,-0.9199076565751548
momentum_252d,5,2006-07-25,0.8542175860063747,0.36252245184607756
momentum_252d,5,2006-08-01,-1.1246211669800221,-0.7987955621328627
momentum_252d,5,2006-08-08,-2.5669438515563177,-0.8698646105127605
momentum_252d,5,2006-08-15,-0.05327925444398307,0.09875849251905766
momentum_252d,5,2006-08-22,-2.7088318204781117,-1.2321399563319049
momentum_252d,5,2006-08-29,0.3072724857058229,-0.4256132237690983
momentum_252d,5,2006-09-06,-3.925686541394761,-1.1397618293852698
momentum_252d,5,2006-09-13,0.41379890900421856,0.2475318042318412
momentum_252d,5,2006-09-20,-1.879282034307243,-0.5330448335193767
momentum_252d,5,2006-09-27,0.4853655508533118,-0.7314777252163969
momentum_252d,5,2006-10-04,0.27857899343070036,0.7508148221428275
momentum_252d,5,2006-10-11,-0.180254009765272,-0.161385961292293
momentum_252d,5,2006-10-18,0.21416157504405478,-0.5815866776007095
momentum_252d,5,2006-10-25,1.3783683718942195,0.798535630596516
momentum_252d,5,2006-11-01,-1.0011283755064992,-0.9392741096320082
momentum_252d,5,2006-11-08,-1.3312558522742637,0.06025387663703974
momentum_252d,5,2006-11-15,0.06827509394990994,0.07595642964629187
momentum_252d,5,2006-11-22,1.380559801275083,0.36989932707990336
momentum_252d,5,2006-11-30,0.9729940499735523,0.023179204924813256
momentum_252d,5,2006-12-07,0.6568802268177353,-0.192727395317364
momentum_252d,5,2006-12-14,-0.8930940466197246,-1.4574506600792811
momentum_252d,5,2006-12-21,0.3182814644905922,0.19918160200664836
momentum_252d,5,2006-12-29,-4.074856618011406,-2.0878300050870546
momentum_252d,5,2007-01-09,-0.5185879089213714,-0.32104608482851715
momentum_252d,5,2007-01-17,1.0278461005991095,0.5561156287432405
momentum_252d,5,2007-01-24,-0.49430198342214443,-0.1808691145881854
momentum_252d,5,2007-01-31,0.44339908963746033,0.3542078713561677
momentum_252d,5,2007-02-07,0.22393648988683715,0.24846244597798162
momentum_252d,5,2007-02-14,-1.1673423446403355,0.003014254444344555
momentum_252d,5,2007-02-22,0.9254413021015373,1.4346340769887056
momentum_252d,5,2007-03-01,-0.1901859473777486,-0.5654435159519022
momentum_252d,5,2007-03-08,0.39255387877489645,1.2683518307719335
momentum_252d,5,2007-03-15,0.5948239487714762,-0.4476881790017447
momentum_252d,5,2007-03-22,2.662992182056497,1.8207383791621345
momentum_252d,5,2007-03-29,-0.8120541280786469,-0.04778265555562822
momentum_252d,5,2007-04-05,-0.1248301594557836,-0.36833350800524745
momentum_252d,5,2007-04-13,-1.469585900782655,-0.7760176556962224
momentum_252d,5,2007-04-20,-2.238032184100336,-0.4761138525358051
momentum_252d,5,2007-04-27,-0.04215630491834301,-0.2230298313781113
momentum_252d,5,2007-05-04,-0.8564806808459428,0.06498617630154024
momentum_252d,5,2007-05-11,0.5406598733939227,0.037218846488447824
momentum_252d,5,2007-05-18,-0.5937952010877212,-0.7678803842869824
momentum_252d,5,2007-05-25,0.2911626554294259,0.5715820257791011
momentum_252d,5,2007-06-04,-1.735122508084704,-1.1988803692252525
momentum_252d,5,2007-06-11,1.174949601416634,1.3173867728398347
momentum_252d,5,2007-06-18,-0.5290123706768217,-0.4651260304565863
momentum_252d,5,2007-06-25,0.9699094378696168,0.9820367790726111
momentum_252d,5,2007-07-02,0.4715151923912512,0.6801841037313776
momentum_252d,5,2007-07-10,1.1928287209887367,0.4705035886078586
momentum_252d,5,2007-07-17,-0.21598134496669816,-0.8985198968952742
momentum_252d,5,2007-07-24,-0.5020425703389526,-0.9565266764475148
momentum_252d,5,2007-07-31,-2.573922440371327,-0.8090191312561797
momentum_252d,5,2007-08-07,-0.5446362801325525,-0.35190327859857906
momentum_252d,5,2007-08-14,-1.9970313546154639,-0.898514300339944
momentum_252d,5,2007-08-21,1.2095086864207016,0.7275930927514735
momentum_252d,5,2007-08-28,2.265135520086714,0.856195434622801
momentum_252d,5,2007-09-05,0.025135742370615187,0.10404742426528928
momentum_252d,5,2007-09-12,1.5890433570065587,1.0945724537266464
momentum_252d,5,2007-09-19,0.6171599690579158,0.27590515759476164
momentum_252d,5,2007-09-26,-1.939815293715197,-0.8175097133234425
momentum_252d,5,2007-10-03,2.2509466267315092,1.6133811865568874
momentum_252d,5,2007-10-10,2.5848956018751075,0.8673911265429046
momentum_252d,5,2007-10-17,2.9949537943145366,0.7623142102321661
momentum_252d,5,2007-10-24,1.5987001968436942,0.7554028111509181
momentum_252d,5,2007-10-31,2.8778153882868307,0.9926091580947816
momentum_252d,5,2007-11-07,-3.7933180000607156,-3.1428740549787912
momentum_252d,5,2007-11-14,4.219569763710234,2.3104731006271457
momentum_252d,5,2007-11-21,-1.5388947780630675,-0.9985738733527741
momentum_252d,5,2007-11-29,0.9565354973867087,1.2690643438282154
momentum_252d,5,2007-12-06,3.5116015861524867,1.8060723763242599
momentum_252d,5,2007-12-13,0.5094550859926827,0.00047997267041595865
momentum_252d,5,2007-12-20,1.9585596634100346,1.047610554431877
momentum_252d,5,2007-12-28,1.867582076314045,-0.8892762426287374
momentum_252d,5,2008-01-07,1.2609436946427874,1.0052059550557102
momentum_252d,5,2008-01-14,-6.895412902619491,-4.1003282868867
momentum_252d,5,2008-01-22,-1.7227631316528345,0.44786128464976055
momentum_252d,5,2008-01-29,0.34113219225487085,0.435512711356482
momentum_252d,5,2008-02-05,2.869660085434974,2.5722328563845416
momentum_252d,5,2008-02-12,2.1066095782433014,1.7629892879604296
momentum_252d,5,2008-02-20,-1.572631736805008,-0.9012867273582562
momentum_252d,5,2008-02-27,4.46113734266339,1.971315833398335
momentum_252d,5,2008-03-05,-0.9130700168718383,-0.19869189158106723
momentum_252d,5,2008-03-12,-2.931412862710836,-2.6659919566790964
momentum_252d,5,2008-03-19,2.081612443699761,1.6624810086483495
momentum_252d,5,2008-03-27,-1.82218470650591,0.03553508716636067
momentum_252d,5,2008-04-03,2.940662567106722,1.4795820556148107
momentum_252d,5,2008-04-10,2.022915624854682,1.1824341039199826
momentum_252d,5,2008-04-17,-3.5156059885965223,-2.2447565004396224
momentum_252d,5,2008-04-24,-4.575134887416576,-3.1942155446068043
momentum_252d,5,2008-05-01,6.061345295563084,4.862096692011186
momentum_252d,5,2008-05-08,-1.4629597982666647,-0.4543521240356248
momentum_252d,5,2008-05-15,2.1492322348788284,1.1483661700301941
momentum_252d,5,2008-05-22,-0.4370685008389107,-0.9373992142639046
momentum_252d,5,2008-05-30,2.7941118583810356,1.9926777709426597
momentum_252d,5,2008-06-06,1.152811783626765,1.223415166679024
momentum_252d,5,2008-06-13,2.661362215685492,1.6866398074666205
momentum_252d,5,2008-06-20,3.8855250005359645,1.723789204895217
momentum_252d,5,2008-06-27,1.2067494053521846,-1.323675834484698
momentum_252d,5,2008-07-07,4.757553032078325,1.8456878598391697
momentum_252d,5,2008-07-14,-11.639355459754142,-5.011917597076546
momentum_252d,5,2008-07-21,1.1115548554719894,-1.3812615735422917
momentum_252d,5,2008-07-28,-6.040632877733476,-2.6244812025902413
momentum_252d,5,2008-08-04,-5.506674838313316,-2.749470983163442
momentum_252d,5,2008-08-11,3.747496341220613,1.920942243214363
momentum_252d,5,2008-08-18,4.166510663357164,2.0305990595864394
momentum_252d,5,2008-08-25,-4.789368425597,-2.014963283659403
momentum_252d,5,2008-09-02,-1.794409802092034,-1.7386772067848815
momentum_252d,5,2008-09-09,1.8905951571878392,1.1304942825053677
momentum_252d,5,2008-09-16,1.9692741666625637,1.6790149255136073
momentum_252d,5,2008-09-23,-2.880387159139852,-2.6571506862037353
momentum_252d,5,2008-09-30,8.278740399473241,4.961736989768517
momentum_252d,5,2008-10-07,-5.384611771841863,-1.9882574105598905
momentum_252d,5,2008-10-14,5.544283891794114,2.8975496387183624
momentum_252d,5,2008-10-21,-2.6476870276531113,0.6544438818349467
momentum_252d,5,2008-10-28,-6.987653949484115,-3.4710631914024312
momentum_252d,5,2008-11-04,10.319622432036745,5.898908644433742
momentum_252d,5,2008-11-11,7.739235406569945,1.813003754118725
momentum_252d,5,2008-11-18,0.06146708248176633,1.836798163959256
momentum_252d,5,2008-11-25,-1.7993599881495772,-1.5766496052618446
momentum_252d,5,2008-12-03,-7.65013084395092,-3.500038237833092
momentum_252d,5,2008-12-10,-1.1487967650145148,0.0931748223894413
momentum_252d,5,2008-12-17,6.106390564927692,3.857771532397821
momentum_252d,5,2008-12-24,-3.1455644927286253,-2.3314784855954063
momentum_252d,5,2009-01-02,1.2517011216617822,0.633668161171445
momentum_252d,5,2009-01-09,4.869915715581581,3.001156039276816
momentum_252d,5,2009-01-16,5.114278196269402,1.7516260207994645
momentum_252d,5,2009-01-26,0.27782694037941835,0.45695143359626805
momentum_252d,5,2009-02-02,-5.250541036126299,-3.1197144999375688
momentum_252d,5,2009-02-09,6.931318381672738,3.1935133886139258
momentum_252d,5,2009-02-17,0.9921752294078952,0.47110414965183534
momentum_252d,5,2009-02-24,1.1868777081299742,-0.9634412869651277
momentum_252d,5,2009-03-03,-4.010545283796456,-2.7074844278401273
momentum_252d,5,2009-03-10,-4.7969888262036156,-1.050728261486733
momentum_252d,5,2009-03-17,-4.541241082184237,-2.285586736095953
momentum_252d,5,2009-03-24,0.5247709459083483,0.8131642237939607
momentum_252d,5,2009-03-31,-3.0630936843074275,-2.2209753603768383
momentum_252d,5,2009-04-07,-8.467636746266798,-2.3590204739184646
momentum_252d,5,2009-04-15,1.2820713228918237,0.2864563367642773
momentum_252d,5,2009-04-22,-3.2527034379819484,-1.0069429931382303
momentum_252d,5,2009-04-29,-6.963944660893739,-2.5018507856746126
momentum_252d,5,2009-05-06,4.732230146399622,2.4212240572100656
momentum_252d,5,2009-05-13,-1.3639337330088854,-0.4075447388484088
momentum_252d,5,2009-05-20,-1.0597725550006487,-0.9761191479632133
momentum_252d,5,2009-05-28,-0.929117411865521,-0.16148818694240824
momentum_252d,5,2009-06-04,-2.1131253749519963,-1.4999116188949446
momentum_252d,5,2009-06-11,5.034180194395805,2.0993221374925763
momentum_252d,5,2009-06-18,2.145700670766715,0.4719395536230612
momentum_252d,5,2009-06-25,1.1310267443074506,0.16751194463434277
momentum_252d,5,2009-07-02,2.8380125171212542,1.6333494262076125
momentum_252d,5,2009-07-10,-3.423946171121317,-1.8241281311590862
momentum_252d,5,2009-07-17,0.07988112750304902,0.09281143879671383
momentum_252d,5,2009-07-24,-1.7293131107482391,-0.6126229656989317
momentum_252d,5,2009-07-31,-4.4337503166523735,-1.550133999322826
momentum_252d,5,2009-08-07,0.02764393903053426,-0.41892374615913514
momentum_252d,5,2009-08-14,-0.6456583512575979,-0.2366307204999233
momentum_252d,5,2009-08-21,0.019754975079155912,-0.002100218397142288
momentum_252d,5,2009-08-28,1.6675974336167891,0.9542031174518018
momentum_252d,5,2009-09-04,-2.8632960328110064,-1.1588570507761409
momentum_252d,5,2009-09-14,-1.27908373249885,-1.0527279785394104
momentum_252d,5,2009-09-21,0.6336324523953496,0.533397948097251
momentum_252d,5,2009-09-28,-0.6196029054010658,-1.0040484215416958
momentum_252d,5,2009-10-05,-0.13509270879855287,0.965426556524962
momentum_252d,5,2009-10-12,0.3912090004754565,-0.023516909031751076
momentum_252d,5,2009-10-19,0.8269315778056082,0.18414682174085667
momentum_252d,5,2009-10-26,-1.9448564217722193,-1.7958942123281418
momentum_252d,5,2009-11-02,0.8858320420424745,1.2562855516906022
momentum_252d,5,2009-11-09,2.357602310716274,1.5348766681600714
momentum_252d,5,2009-11-16,-2.2219503708960713,-1.7516092900765945
momentum_252d,5,2009-11-23,-0.5463867177287973,-0.015345284293662628
momentum_252d,5,2009-12-01,1.2087432537227585,1.1003899697697919
momentum_252d,5,2009-12-08,-0.41685210826319563,-0.6294957292994563
momentum_252d,5,2009-12-15,1.7659919903692014,1.0973339537200402
momentum_252d,5,2009-12-22,1.6260633751281617,1.3683934138355816
momentum_252d,5,2009-12-30,-0.4213532486843752,-0.7226362243613764
momentum_252d,5,2010-01-07,-1.0051203122008765,-1.0574121579458327
momentum_252d,5,2010-01-14,-3.5858219849191464,-1.5484304615177948
momentum_252d,5,2010-01-22,-1.3774166189060764,-0.5492819197480681
momentum_252d,5,2010-01-29,0.5499136160533398,0.10218066636464851
momentum_252d,5,2010-02-05,0.3698148644816879,-0.17791021409912694
momentum_252d,5,2010-02-12,1.5448488137550436,0.7741799714657531
momentum_252d,5,2010-02-22,1.0012898736638056,0.6980690510962839
momentum_252d,5,2010-03-01,1.1463839682845256,0.6246623953912289
momentum_252d,5,2010-03-08,1.1691119719284455,0.5632235852251661
momentum_252d,5,2010-03-15,0.8937312010790806,0.5555247969372197
momentum_252d,5,2010-03-22,1.1775217810934935,0.7860504465841004
momentum_252d,5,2010-03-29,-0.599290203976625,0.08752219802865557
momentum_252d,5,2010-04-06,1.5316344471378491,0.620969619839536
momentum_252d,5,2010-04-13,1.3491065185834428,0.5701165248662932
momentum_252d,5,2010-04-20,0.8718754703690916,0.4794048513413844
momentum_252d,5,2010-04-27,-1.1104183516886503,0.29858931130370603
momentum_252d,5,2010-05-04,0.37382092834380803,-0.18809976406076362
momentum_252d,5,2010-05-11,-1.1900239217569182,-0.4725523856336067
momentum_252d,5,2010-05-18,0.8511719007986418,0.9572333193409924
momentum_252d,5,2010-05-25,1.1786284760774812,0.5450291229018929
momentum_252d,5,2010-06-02,-3.024666611392786,-1.7039320448665258
momentum_252d,5,2010-06-09,-0.24518673287383663,0.8646965843813007
momentum_252d,5,2010-06-16,0.006106084770155819,-0.7762849317888953
momentum_252d,5,2010-06-23,-2.7610109158181255,-1.3399305356582882
momentum_252d,5,2010-06-30,-0.682772653791693,-0.22948083918272003
momentum_252d,5,2010-07-08,1.746487395864264,0.9903903820610127
momentum_252d,5,2010-07-15,0.9972138555476777,0.8191488266476273
momentum_252d,5,2010-07-22,1.165032913855716,0.7841044908321493
momentum_252d,5,2010-07-29,-0.8416091940062136,0.13689979407340108
momentum_252d,5,2010-08-05,-0.6621410914760724,-0.42110853066579984
momentum_252d,5,2010-08-12,0.6326890553151536,0.22842052365186216
momentum_252d,5,2010-08-19,-0.10487144508675898,-0.6080562642551708
momentum_252d,5,2010-08-26,-0.11624127985834969,0.2887534083314547
momentum_252d,5,2010-09-02,1.0396724587942867,0.4623276006483638
momentum_252d,5,2010-09-10,0.10169966621452389,0.7125052027485184
momentum_252d,5,2010-09-17,0.9377312743799715,0.8590894981188221
momentum_252d,5,2010-09-24,-1.705016349816757,-0.6385412627713156
momentum_252d,5,2010-10-01,0.6822993493700302,0.6736795556425257
momentum_252d,5,2010-10-08,1.4329375220032192,0.5410882167125115
momentum_252d,5,2010-10-15,-0.12125697798221295,0.04346235012547457
momentum_252d,5,2010-10-22,0.5158142588949495,0.208439010627152
momentum_252d,5,2010-10-29,-0.9337352955997839,-0.14160117418440255
momentum_252d,5,2010-11-05,-0.6105751792658376,-0.14053808707354953
momentum_252d,5,2010-11-12,0.5344626518036022,0.47262883321060506
momentum_252d,5,2010-11-19,2.1862518963851123,1.5074853982879555
momentum_252d,5,2010-11-29,0.865671174817669,0.058922722209205546
momentum_252d,5,2010-12-06,-1.2691049527135032,-0.8669590018765402
momentum_252d,5,2010-12-13,0.37684782775711334,0.32122527153708447
momentum_252d,5,2010-12-20,-1.0145306701203651,-0.7255751903816072
momentum_252d,5,2010-12-28,-0.27152949501356716,-0.1692987877942957
momentum_252d,5,2011-01-04,0.9163927614528888,0.5518058951050546
momentum_252d,5,2011-01-11,0.2730869688524318,-0.11539543881521341
momentum_252d,5,2011-01-19,0.6740948447398143,0.1367897042739023
momentum_252d,5,2011-01-26,1.3157199487883555,-0.033432472779171274
momentum_252d,5,2011-02-02,-0.46214268693076654,-0.8916460735524545
momentum_252d,5,2011-02-09,1.5759175222456696,0.4610039851251339
momentum_252d,5,2011-02-16,-0.9399687869870629,0.3844825297736776
momentum_252d,5,2011-02-24,0.8686162499151958,1.0453393760159635
momentum_252d,5,2011-03-03,-5.394283532216,-3.083455941482734
momentum_252d,5,2011-03-10,1.4776854344859907,0.9431330698624415
momentum_252d,5,2011-03-17,1.383696799692576,0.8786402001782415
momentum_252d,5,2011-03-24,0.4471221464458071,0.14051996550529616
momentum_252d,5,2011-03-31,-0.8009213483217221,-0.2046184151349606
momentum_252d,5,2011-04-07,-1.749740744983208,-1.445524052465097
momentum_252d,5,2011-04-14,1.6950208464594572,1.084654242772983
momentum_252d,5,2011-04-21,-0.6579126283927724,-0.14432152250731062
momentum_252d,5,2011-04-29,-3.555707187920269,-2.0940499854878154
momentum_252d,5,2011-05-06,-1.7254243090908616,-0.9785081807907418
momentum_252d,5,2011-05-13,-0.5998534221279753,0.04948774569520179
momentum_252d,5,2011-05-20,1.8333245173556203,1.0364865119156463
momentum_252d,5,2011-05-27,-0.7332931730590058,-0.4806048047078774
momentum_252d,5,2011-06-06,-1.583656587213959,-0.45988329299294267
momentum_252d,5,2011-06-13,-0.33588016625521655,-0.018660586759489117
momentum_252d,5,2011-06-20,-0.4822525672238768,-0.15777305258703284
momentum_252d,5,2011-06-27,2.960465596416665,1.7389797753783798
momentum_252d,5,2011-07-05,-0.5859682492191893,-0.06401979909308464
momentum_252d,5,2011-07-12,2.4749308792997304,1.0312426085250812
momentum_252d,5,2011-07-19,-1.3814443543663606,-0.17303386084132805
momentum_252d,5,2011-07-26,-0.8720386761107868,-0.32146191590090023
momentum_252d,5,2011-08-02,-1.155228860886237,-1.500105790586189
momentum_252d,5,2011-08-09,0.8946631798835258,0.7959660208470979
momentum_252d,5,2011-08-16,-0.5716501288817547,-0.4486632351796545
momentum_252d,5,2011-08-23,-0.37816095771547137,0.27902024806047976
momentum_252d,5,2011-08-30,0.927050323478873,0.4190586217226529
momentum_252d,5,2011-09-07,1.2496162447873733,0.34649516538349057
momentum_252d,5,2011-09-14,2.62657844259806,-0.12447902149503494
momentum_252d,5,2011-09-21,-0.47989669528275175,-1.2538741752429639
momentum_252d,5,2011-09-28,-2.366045367027403,-1.3525026178686783
momentum_252d,5,2011-10-05,-2.6063440357195393,-1.3011465970827731
momentum_252d,5,2011-10-12,1.3076669590454097,-0.07765283684453653
momentum_252d,5,2011-10-19,-2.260855822669853,-0.3357947655238632
momentum_252d,5,2011-10-26,-0.6746449819081013,0.22524646429884868
momentum_252d,5,2011-11-02,0.979193046429668,0.2641383955537221
momentum_252d,5,2011-11-09,-0.45176399765129993,-0.24570722627248096
momentum_252d,5,2011-11-16,3.616826693074915,1.1198601632726901
momentum_252d,5,2011-11-23,-2.6142575827714434,-1.4104044210489977
momentum_252d,5,2011-12-01,-0.5619155068431987,-0.47334707685723343
momentum_252d,5,2011-12-08,4.237153172150491,2.3981508448458073
momentum_252d,5,2011-12-15,-1.5185013487429253,-0.3725657934874338
momentum_252d,5,2011-12-22,0.8873090014654786,0.46123746647440306
momentum_252d,5,2011-12-30,-4.60140641736102,-2.657829144142772
momentum_252d,5,2012-01-09,-1.6082929436257776,-0.7432087373077212
momentum_252d,5,2012-01-17,-4.042565631814705,-2.0376521209023184
momentum_252d,5,2012-01-24,0.10042677869288955,0.23731447032270628
momentum_252d,5,2012-01-31,-2.783184720039089,-1.5975130963122937
momentum_252d,5,2012-02-07,1.3088654312741013,-0.026883719559763392
momentum_252d,5,2012-02-14,-1.065335192540029,-0.7199756510794446
momentum_252d,5,2012-02-22,0.7044327120114973,-0.1516247929903976
momentum_252d,5,2012-02-29,1.5260077002269574,0.7178846415374436
momentum_252d,5,2012-03-07,-0.7128654297317905,-0.315542572633265
momentum_252d,5,2012-03-14,-0.256334772094761,0.08198288978572923
momentum_252d,5,2012-03-21,1.849864332791166,0.6011928652923659
momentum_252d,5,2012-03-28,0.5210588431288632,0.12914966551001622
momentum_252d,5,2012-04-04,-0.11082123369083137,-0.19709588542629794
momentum_252d,5,2012-04-12,0.3076008020951056,0.24935137535779064
momentum_252d,5,2012-04-19,-0.21370733457888313,-0.40861377682310795
momentum_252d,5,2012-04-26,1.4812898133085506,0.7945004806561388
momentum_252d,5,2012-05-03,0.9279904723112169,-0.058634356764801034
momentum_252d,5,2012-05-10,3.003834624320467,1.5090678922651182
momentum_252d,5,2012-05-17,-0.7421962785453706,-0.6266140340274691
momentum_252d,5,2012-05-24,1.8061240759778219,1.1728275992434942
momentum_252d,5,2012-06-01,-1.234940663144779,-0.5499084584167886
momentum_252d,5,2012-06-08,-0.5689714093549311,-0.6268589415129016
momentum_252d,5,2012-06-15,0.8224502335221946,0.008210308503279567
momentum_252d,5,2012-06-22,-1.477094430573615,-0.5190602940665794
momentum_252d,5,2012-06-29,1.4665157926589512,0.38140491243635244
momentum_252d,5,2012-07-09,1.259584384745719,0.2755535080173047
momentum_252d,5,2012-07-16,-1.9326099003497577,-0.3975104434544889
momentum_252d,5,2012-07-23,-0.5833995218560428,-0.19651878609136345
momentum_252d,5,2012-07-30,-1.7580843901325305,-1.2470062664632464
momentum_252d,5,2012-08-06,-1.2569380717302994,-0.16939642507770952
momentum_252d,5,2012-08-13,0.8276435337375321,0.10968525384249157
momentum_252d,5,2012-08-20,0.6383908604538673,0.042375689276733894
momentum_252d,5,2012-08-27,1.406469836405914,0.43255982846351165
momentum_252d,5,2012-09-04,-0.8826408659245926,0.18468995199078336
momentum_252d,5,2012-09-11,1.4078259679335254,0.23519744450849847
momentum_252d,5,2012-09-18,0.24407440397916647,-0.4380877456593583
momentum_252d,5,2012-09-25,-0.2976155669737376,0.01723797270329156
momentum_252d,5,2012-10-02,0.4523421157330879,0.13981609133466577
momentum_252d,5,2012-10-09,-0.13305520725976902,0.19306957274988584
momentum_252d,5,2012-10-16,-0.4042802139028375,0.5560320276992048
momentum_252d,5,2012-10-23,-0.9114706568227696,0.1654096944975869
momentum_252d,5,2012-11-01,-0.007973540418504399,0.3096122719640141
momentum_252d,5,2012-11-08,0.5189347751141253,0.13563793101691496
momentum_252d,5,2012-11-15,1.8151918028379936,0.16954544102333696
momentum_252d,5,2012-11-23,-1.3064024705927713,-0.28952728882361
momentum_252d,5,2012-11-30,-0.06929363943741773,0.5098218880364769
momentum_252d,5,2012-12-07,-0.16834430192781413,-0.22066888419468578
momentum_252d,5,2012-12-14,0.03932122643337901,0.30276665320304597
momentum_252d,5,2012-12-21,0.40503395399300224,0.08499711669613941
momentum_252d,5,2012-12-31,1.0174374986124501,0.389475994856873
momentum_252d,5,2013-01-08,0.3603862963196998,0.4798054027957151
momentum_252d,5,2013-01-15,-1.0186032513732994,-0.40969435413468575
momentum_252d,5,2013-01-23,-0.4579091487369791,0.5735584292545948
momentum_252d,5,2013-01-30,-0.02930910627193898,-0.10336305862322555
momentum_252d,5,2013-02-06,-0.23514708064236908,-0.06334808925216132
momentum_252d,5,2013-02-13,1.8818004437734293,0.02469075779480227
momentum_252d,5,2013-02-21,-1.0804378481674037,-0.421222025332435
momentum_252d,5,2013-02-28,1.1036576685111266,0.5670225818893277
momentum_252d,5,2013-03-07,0.4237950242879022,0.1998577021431099
momentum_252d,5,2013-03-14,1.0282842058486619,-0.19056035081701506
momentum_252d,5,2013-03-21,0.5012120214071233,0.8848172045264965
momentum_252d,5,2013-03-28,2.4799172371970046,0.9474011030418857
momentum_252d,5,2013-04-05,0.6412764856414807,0.7818140682293325
momentum_252d,5,2013-04-12,0.4897023282046553,0.44057628546252764
momentum_252d,5,2013-04-19,-2.964386914922098,-1.7101072000824151
momentum_252d,5,2013-04-26,-2.1392224762286487,-0.8296233595963246
momentum_252d,5,2013-05-03,-1.0239383903753378,-0.25681986144502345
momentum_252d,5,2013-05-10,0.7591568633048624,0.1463630357970998
momentum_252d,5,2013-05-17,1.5735706456860177,0.18800169801499456
momentum_252d,5,2013-05-24,-0.19850627957058348,0.03903195759536644
momentum_252d,5,2013-06-03,0.42889923878168074,0.2429096356192595
momentum_252d,5,2013-06-10,-0.30860309482038845,-0.1329616970200842
momentum_252d,5,2013-06-17,0.3559457668888655,0.2844979488649221
momentum_252d,5,2013-06-24,1.3858277808520187,0.5372279963620958
momentum_252d,5,2013-07-01,0.7608092885232676,0.38858298148428305
momentum_252d,5,2013-07-09,-1.0260679897101073,0.013351831202975303
momentum_252d,5,2013-07-16,-1.2381308952021497,-0.9606693507010192
momentum_252d,5,2013-07-23,-1.1617640571727796,-0.15354180646219112
momentum_252d,5,2013-07-30,0.9861139607995877,0.24162135326584178
momentum_252d,5,2013-08-06,-1.2286086764363935,-0.4482995927285109
momentum_252d,5,2013-08-13,-0.09313731932789615,-0.11403295326855023
momentum_252d,5,2013-08-20,-1.6483457272988646,-0.4318263130765221
momentum_252d,5,2013-08-27,0.35876658862252403,0.47810228823068623
momentum_252d,5,2013-09-04,1.1803244331664908,0.2548148819098003
momentum_252d,5,2013-09-11,-1.1231726656974066,-0.1795969945480665
momentum_252d,5,2013-09-18,-1.0022375432672852,-0.3741083689165703
momentum_252d,5,2013-09-25,-0.16520544499886158,0.03139844041352147
momentum_252d,5,2013-10-02,-1.6067889434335902,-0.5168025635689115
momentum_252d,5,2013-10-09,0.6834135271098477,-0.3905236969160638
momentum_252d,5,2013-10-16,-1.810080044373652,-1.4670114072998786
momentum_252d,5,2013-10-23,0.751984185172246,0.6589174708249008
momentum_252d,5,2013-10-30,-0.18018562036694236,0.10338044712631851
momentum_252d,5,2013-11-06,1.3136127815101355,0.38182573593890845
momentum_252d,5,2013-11-13,0.28648646364502667,0.08274766751505216
momentum_252d,5,2013-11-20,2.6169342257424324,0.7093419789804118
momentum_252d,5,2013-11-27,-0.9172387481183468,-0.46100456953498403
momentum_252d,5,2013-12-05,0.1506675628533127,-0.11227209721287694
momentum_252d,5,2013-12-12,1.2516490105846174,0.47966637941314616
momentum_252d,5,2013-12-19,0.28256785212495605,-0.19297034701356203
momentum_252d,5,2013-12-27,0.5189142879960935,0.02489358532741237
momentum_252d,5,2014-01-06,0.8643895626817518,0.6139999008294983
momentum_252d,5,2014-01-13,-1.0461191242895203,-0.35609895252171064
momentum_252d,5,2014-01-21,-1.3242415778080794,-0.04531045433319909
momentum_252d,5,2014-01-28,-0.7433723552006815,0.4360456418888455
momentum_252d,5,2014-02-04,1.3649298421960352,0.48716006116271693
momentum_252d,5,2014-02-11,-0.3340754128966358,0.3064591710841539
momentum_252d,5,2014-02-19,0.859510566344109,0.44230473130317066
momentum_252d,5,2014-02-26,1.0356929127221672,-0.11908815416421525
momentum_252d,5,2014-03-05,-1.0304135028061379,-0.45212378972748396
momentum_252d,5,2014-03-12,-0.4436695759428769,-0.21167498212472102
momentum_252d,5,2014-03-19,-2.420848975615312,-1.006604218043087
momentum_252d,5,2014-03-26,0.6590336057262409,0.2525941416975819
momentum_252d,5,2014-04-02,-1.9843938701117003,-0.11062587705448212
momentum_252d,5,2014-04-09,-3.380150764781309,-1.2088992985628635
momentum_252d,5,2014-04-16,1.1456126608540933,0.5977169129083304
momentum_252d,5,2014-04-24,-2.0787920928724652,-1.4298548601128003
momentum_252d,5,2014-05-01,-0.22640881266290008,-0.5020752266757984
momentum_252d,5,2014-05-08,1.576635133092345,0.7134785064842701
momentum_252d,5,2014-05-15,0.799399972295541,0.34273643493999784
momentum_252d,5,2014-05-22,-0.05108933508285822,0.1311915596133713
momentum_252d,5,2014-05-30,0.36614395361798113,0.13327878854615022
momentum_252d,5,2014-06-06,1.1639725238904701,0.7326486064218967
momentum_252d,5,2014-06-13,-1.0156696052617153,-0.3508019173625495
momentum_252d,5,2014-06-20,-0.07851036621000136,-0.18421290792834943
momentum_252d,5,2014-06-27,0.645961544785704,0.8590875813109244
momentum_252d,5,2014-07-07,0.1579229721333471,0.10990514784413226
momentum_252d,5,2014-07-14,0.17327676201164635,0.30188396650422755
momentum_252d,5,2014-07-21,-0.4964979067557588,-0.7176084971104852
momentum_252d,5,2014-07-28,1.7751039537848439,0.8880639668874276
momentum_252d,5,2014-08-04,-0.6912703674234281,-0.12827299413301257
momentum_252d,5,2014-08-11,1.038749403050828,0.7545154383769015
momentum_252d,5,2014-08-18,-0.20858825086584137,-0.000640994427521709
momentum_252d,5,2014-08-25,0.5111308430024868,0.653498600154238
momentum_252d,5,2014-09-02,0.28606575375076376,0.5671236503104489
momentum_252d,5,2014-09-09,-0.3982299824208983,-0.48375690124914383
momentum_252d,5,2014-09-16,1.3985108401505388,0.3276569650908612
momentum_252d,5,2014-09-23,0.41978348417368583,0.359081942297094
momentum_252d,5,2014-09-30,-0.8129064375124062,-0.677557355225189
momentum_252d,5,2014-10-07,0.028075359160658134,-1.5371352284213935
momentum_252d,5,2014-10-14,-2.897680957347008,-0.25139851156916004
momentum_252d,5,2014-10-21,2.0546800508752607,1.024592549889284
momentum_252d,5,2014-10-28,2.818567982531006,0.8318335170006019
momentum_252d,5,2014-11-04,-2.0012195791869596,-0.8633959002836736
momentum_252d,5,2014-11-11,0.8158476344907813,0.7060128068885045
momentum_252d,5,2014-11-18,0.027474270834981773,0.5304164334492361
momentum_252d,5,2014-11-25,3.3021334270712854,1.7287486966775993
momentum_252d,5,2014-12-03,3.106805591473531,0.9812515935522015
momentum_252d,5,2014-12-10,-0.7081586439315446,0.19824415647277846
momentum_252d,5,2014-12-17,-1.3062356361495553,-0.8489658899547633
momentum_252d,5,2014-12-24,-0.2891575952572945,0.21151332953144678
momentum_252d,5,2015-01-02,2.330972756504353,1.061104351771506
momentum_252d,5,2015-01-09,2.1044812512479956,1.9414932555632685
momentum_252d,5,2015-01-16,-0.648680888194623,-0.1872698524412038
momentum_252d,5,2015-01-26,-2.0409054014537484,-0.8316277221653956
momentum_252d,5,2015-02-02,-4.21188927331438,-3.072063833368606
momentum_252d,5,2015-02-09,-0.30414415892488683,-0.17503010523318707
momentum_252d,5,2015-02-17,1.179867835069274,0.5174232120817985
momentum_252d,5,2015-02-24,0.9574090732800763,0.25571529698821627
momentum_252d,5,2015-03-03,0.8930103009656946,0.13574719076517489
momentum_252d,5,2015-03-10,1.7088994587347768,0.4670264696903385
momentum_252d,5,2015-03-17,0.02858319151381279,0.30031475484396297
momentum_252d,5,2015-03-24,-2.323963139175674,-1.0972215910416825
momentum_252d,5,2015-03-31,-0.3960445395152501,-0.21766491035785465
momentum_252d,5,2015-04-08,-1.2188769621270579,0.30387089558852054
momentum_252d,5,2015-04-15,1.6562554764482984,0.8411083489212157
momentum_252d,5,2015-04-22,-2.5402068396877087,-1.176178179397417
momentum_252d,5,2015-04-29,0.41653109045958947,-0.20320931209143098
momentum_252d,5,2015-05-06,1.443081824906504,0.4439833370624961
momentum_252d,5,2015-05-13,1.2833685469840241,0.9203523651629242
momentum_252d,5,2015-05-20,2.1611331964770315,1.5110610081213949
momentum_252d,5,2015-05-28,-0.3903048308840769,-0.6503021142583572
momentum_252d,5,2015-06-04,0.14547258273207944,-0.35968672133131674
momentum_252d,5,2015-06-11,1.0093935018358424,0.33163661209358875
momentum_252d,5,2015-06-18,2.1047068847051653,0.7280803546558763
momentum_252d,5,2015-06-25,-1.8656025225743869,-1.387657769997578
momentum_252d,5,2015-07-02,0.7438952346913275,0.22425931858753115
momentum_252d,5,2015-07-10,3.265460210478947,0.8128814515528271
momentum_252d,5,2015-07-17,2.603564130707725,0.33329164428660774
momentum_252d,5,2015-07-24,0.19635583852662958,0.4071599901153948
momentum_252d,5,2015-07-31,0.5262057405964119,-0.2468266181573512
momentum_252d,5,2015-08-07,-1.8850878389478667,-0.6463169562606508
momentum_252d,5,2015-08-14,2.2353243643745357,0.5773612275349893
momentum_252d,5,2015-08-21,-4.434798072844245,-1.554370568479594
momentum_252d,5,2015-08-28,0.08752551608775709,0.3705923164808259
momentum_252d,5,2015-09-04,1.4405894525269303,-0.05478649884272565
momentum_252d,5,2015-09-14,0.4793590120463727,0.36876120176966654
momentum_252d,5,2015-09-21,1.000637025865599,-0.5009992695240422
momentum_252d,5,2015-09-28,-3.8519545939835975,-1.0896889093276498
momentum_252d,5,2015-10-05,-1.6750464301650576,-0.0202063992260193
momentum_252d,5,2015-10-12,1.5249094409365247,0.9083641803339167
momentum_252d,5,2015-10-19,1.38973020608922,0.859663710760746
momentum_252d,5,2015-10-26,-1.0283202832165403,-0.9425681042644926
momentum_252d,5,2015-11-02,0.12297240253990775,-0.5142117553928387
momentum_252d,5,2015-11-09,-1.8860955904292191,-0.4812186190696159
momentum_252d,5,2015-11-16,1.8449015281513401,0.7765724316727951
momentum_252d,5,2015-11-23,-0.2710627459740008,0.010791904827534005
momentum_252d,5,2015-12-01,4.287164549654965,0.8659103669228285
momentum_252d,5,2015-12-08,-1.261381613668918,-0.575952509416892
momentum_252d,5,2015-12-15,0.7555412055322286,0.40201266974057387
momentum_252d,5,2015-12-22,-0.035205067934892156,-0.13249371991506848
momentum_252d,5,2015-12-30,-0.650694143214999,0.29646807731257274
momentum_252d,5,2016-01-07,1.007685335515137,-0.016078683435597853
momentum_252d,5,2016-01-14,1.3851845764356903,0.9295276196894556
momentum_252d,5,2016-01-22,-1.1538082216473233,-0.20607654557547317
momentum_252d,5,2016-01-29,-4.757997320408547,-1.4640808155095386
momentum_252d,5,2016-02-05,1.07193743916838,0.09914793130283057
momentum_252d,5,2016-02-12,-1.9491303794477128,-0.7420757816953467
momentum_252d,5,2016-02-22,0.7942683101021678,0.33195014785749966
momentum_252d,5,2016-02-29,-4.843119696046642,-1.4646946421249827
momentum_252d,5,2016-03-07,1.4702454834618555,0.6136464833066106
momentum_252d,5,2016-03-14,-1.5645693660642612,-0.3768088093876335
momentum_252d,5,2016-03-21,1.8312490398525783,0.8121471325840993
momentum_252d,5,2016-03-29,0.5057671848818297,-0.12295622638202423
momentum_252d,5,2016-04-05,-2.7600677291914693,-0.5720971496462779
momentum_252d,5,2016-04-12,-3.001327736859527,-1.1464577128097306
momentum_252d,5,2016-04-19,-2.9670885556983753,-1.427298127772958
momentum_252d,5,2016-04-26,4.044030196221109,2.575443142413329
momentum_252d,5,2016-05-03,1.6421992002564518,0.3492006571559717
momentum_252d,5,2016-05-10,-2.758926672367268,-0.7525705627573338
momentum_252d,5,2016-05-17,-2.7248023195982776,-1.3044594707428283
momentum_252d,5,2016-05-24,0.5868274017584126,0.19492383650009754
momentum_252d,5,2016-06-01,-1.4529743782511224,0.22747534355447296
momentum_252d,5,2016-06-08,2.8622092302505417,1.6132665504002608
momentum_252d,5,2016-06-15,-0.916421382268188,-0.11644889025702969
momentum_252d,5,2016-06-22,0.5446545912554631,0.9071793734648503
momentum_252d,5,2016-06-29,1.6836561206730196,0.00025591852175950913
momentum_252d,5,2016-07-07,-2.5445697591607974,-0.8518900060032605
momentum_252d,5,2016-07-14,1.1208498982509345,0.7654757044300113
momentum_252d,5,2016-07-21,0.8779051072975941,0.2768272916768325
momentum_252d,5,2016-07-28,-0.2879817548910905,-0.17187888315797206
momentum_252d,5,2016-08-04,-0.8065403394852658,-0.6795461431152505
momentum_252d,5,2016-08-11,-0.5511253713355073,0.5412476399117312
momentum_252d,5,2016-08-18,0.21796559706631266,-0.013464466721957447
momentum_252d,5,2016-08-25,-0.7025471046735196,-0.3196495814361988
momentum_252d,5,2016-09-01,-2.5372225937752937,-1.0275646842791475
momentum_252d,5,2016-09-09,2.416961325960232,2.014652648411497
momentum_252d,5,2016-09-16,0.4105515915305539,0.4715458245230823
momentum_252d,5,2016-09-23,0.7067426760839306,0.1244757015502973
momentum_252d,5,2016-09-30,-1.3343248923530449,-0.4349824447105706
momentum_252d,5,2016-10-07,0.1913879724026272,0.006744000198440532
momentum_252d,5,2016-10-14,-0.3523544563687235,-0.23075337179606636
momentum_252d,5,2016-10-21,1.5434912633639792,0.6421612212482126
momentum_252d,5,2016-10-28,0.5344009877015294,0.568649382527997
momentum_252d,5,2016-11-04,-5.180452622017514,-4.813325653783995
momentum_252d,5,2016-11-11,1.3477191000236515,0.7896896493189217
momentum_252d,5,2016-11-18,0.46461424273377033,0.18044167645943449
momentum_252d,5,2016-11-28,-1.1165071114921636,-1.7826757126152448
momentum_252d,5,2016-12-05,-0.3652028442566809,-0.27927956002072507
momentum_252d,5,2016-12-12,0.14326157367196374,0.24036640507689352
momentum_252d,5,2016-12-19,1.3711456938010753,0.8026145835497248
momentum_252d,5,2016-12-27,-2.0870771628564024,-1.0319715018473654
momentum_252d,5,2017-01-04,0.6699161653594188,-0.24634347716530428
momentum_252d,5,2017-01-11,-1.3553450791823463,-0.6603650831942549
momentum_252d,5,2017-01-19,2.6504862806344898,1.2064886310009313
momentum_252d,5,2017-01-26,-1.9005774161626854,-0.4693876405903685
momentum_252d,5,2017-02-02,-0.6268797853997032,-0.8226566265092439
momentum_252d,5,2017-02-09,-0.039859548421072845,-0.210706886090987
momentum_252d,5,2017-02-16,-2.636131140724455,-0.8940920659539257
momentum_252d,5,2017-02-24,0.6327691304996885,0.24814935274721042
momentum_252d,5,2017-03-03,1.14606110104671,0.2842884100467624
momentum_252d,5,2017-03-10,-0.9240485196819045,0.1113408153368393
momentum_252d,5,2017-03-17,-1.9859200711057585,-0.1209046824103129
momentum_252d,5,2017-03-24,1.139800201572124,0.15602456734251646
momentum_252d,5,2017-03-31,-1.0087489116050765,-0.4158758125793212
momentum_252d,5,2017-04-07,-2.5982117737697914,-1.0271521588499533
momentum_252d,5,2017-04-17,2.5847882728818106,1.2693021456944065
momentum_252d,5,2017-04-24,0.9474639272478973,0.44465287430716466
momentum_252d,5,2017-05-01,0.45567018970483764,-0.029048219961806215
momentum_252d,5,2017-05-08,1.3689785010432645,1.2221942120966056
momentum_252d,5,2017-05-15,-0.6869917233949251,0.1620106275295778
momentum_252d,5,2017-05-22,1.7662876295177488,0.398624887090356
momentum_252d,5,2017-05-30,-0.05504611870360184,0.014239645716918048
momentum_252d,5,2017-06-06,-1.0668373239625697,-0.17968529123932137
momentum_252d,5,2017-06-13,0.2624638990326167,-0.5133339259876764
momentum_252d,5,2017-06-20,-0.4302093688623147,-0.5453516736902975
momentum_252d,5,2017-06-27,1.2673696089922637,0.3898309809781897
momentum_252d,5,2017-07-05,2.0201399577508035,1.419748286006802
momentum_252d,5,2017-07-12,-0.34856003111753964,0.16388317424292548
momentum_252d,5,2017-07-19,0.20525520881110593,0.38834649618371875
momentum_252d,5,2017-07-26,-0.764079060116396,-0.6777859186934558
momentum_252d,5,2017-08-02,1.116566352186162,0.4770791799857288
momentum_252d,5,2017-08-09,0.6417712719077058,0.06876118088191552
momentum_252d,5,2017-08-16,-0.7961500695058595,-0.13871228108099193
momentum_252d,5,2017-08-23,1.1929784579840765,0.3180648538318046
momentum_252d,5,2017-08-30,-2.77258510224054,-0.9891494181224295
momentum_252d,5,2017-09-07,1.0306296044231205,0.5201735581927824
momentum_252d,5,2017-09-14,1.917958580256677,1.117310270522498
momentum_252d,5,2017-09-21,0.33034105827935234,0.5461545468069318
momentum_252d,5,2017-09-28,1.4683348044102429,0.30755242085919543
momentum_252d,5,2017-10-05,0.28074050317112487,0.585396314551138
momentum_252d,5,2017-10-12,1.4043090062405155,0.26760601418298247
momentum_252d,5,2017-10-19,2.0558465848733403,0.9745554477871768
momentum_252d,5,2017-10-26,-0.11600167868527353,0.10316130471415368
momentum_252d,5,2017-11-02,-2.5546183323630345,-0.5699971940285338
momentum_252d,5,2017-11-09,1.7771070759733276,0.8957298074856753
momentum_252d,5,2017-11-16,0.2778468379178426,-0.20551390866679528
momentum_252d,5,2017-11-24,-4.520801356328023,-3.64998054978252
momentum_252d,5,2017-12-01,-0.4742071228645968,-1.1336525776322603
momentum_252d,5,2017-12-08,0.7481179450518811,0.5865456648942964
momentum_252d,5,2017-12-15,-0.6605361652034292,-0.2385296018016144
momentum_252d,5,2017-12-22,0.36447782655302613,0.7530205357681046
momentum_252d,5,2018-01-02,2.827729047044658,0.27906500017209623
momentum_252d,5,2018-01-09,2.645993994469409,0.4637889228953955
momentum_252d,5,2018-01-17,0.6297294649841079,0.11175335400449941
momentum_252d,5,2018-01-24,0.4644209353041995,0.40762687156954786
momentum_252d,5,2018-01-31,1.0496370597914528,-0.5389121690991667
momentum_252d,5,2018-02-07,1.3629844853094892,0.662711627569575
momentum_252d,5,2018-02-14,1.2656487167760317,0.6869971699254924
momentum_252d,5,2018-02-22,0.8313653119599455,0.9389589846008609
momentum_252d,5,2018-03-01,1.9158572332303705,0.8205226405761638
momentum_252d,5,2018-03-08,0.9341678764461422,0.809426603400687
momentum_252d,5,2018-03-15,-2.8939664950719424,-0.04508244858058379
momentum_252d,5,2018-03-22,-3.227088523120236,-1.6685266898398738
momentum_252d,5,2018-03-29,-2.517667406010282,-1.4495190406861238
momentum_252d,5,2018-04-06,1.1448424602111742,0.755176679085956
momentum_252d,5,2018-04-13,0.465302541612315,-1.424233829364193
momentum_252d,5,2018-04-20,-2.5453665545288975,-0.5359672352668283
momentum_252d,5,2018-04-27,1.4906968959622402,1.1777375126361824
momentum_252d,5,2018-05-04,2.998231130937612,-0.16689868954571363
momentum_252d,5,2018-05-11,1.23080280655092,-0.1572580868397881
momentum_252d,5,2018-05-18,-0.4139930898163594,1.227164406809008
momentum_252d,5,2018-05-25,0.6121242570828134,0.16022598647529307
momentum_252d,5,2018-06-04,0.6818573551875873,-0.649193499453371
momentum_252d,5,2018-06-11,-0.02049984594401453,0.9401010411251964
momentum_252d,5,2018-06-18,-6.579387044192335,-1.7635761709751858
momentum_252d,5,2018-06-25,0.08267118194891232,0.1194367545368058
momentum_252d,5,2018-07-02,1.6139821186673307,0.3696570001108679
momentum_252d,5,2018-07-10,0.6940798464208364,0.06337147929046383
momentum_252d,5,2018-07-17,0.08663789289166476,-1.02376547089262
momentum_252d,5,2018-07-24,-2.4302805021552283,-0.5411194277286018
momentum_252d,5,2018-07-31,1.588678199961661,1.0015394918584462
momentum_252d,5,2018-08-07,-0.41700803642799417,-0.4812058632018501
momentum_252d,5,2018-08-14,-1.83613563577358,-0.9921842765499863
momentum_252d,5,2018-08-21,3.131699817531778,1.3557005745627495
momentum_252d,5,2018-08-28,-0.9663987591116493,0.14555566532324926
momentum_252d,5,2018-09-05,-1.4056842815776016,-1.3020034826113247
momentum_252d,5,2018-09-12,1.8302342864553494,-0.12327035946615439
momentum_252d,5,2018-09-19,1.958385658152691,0.10051820124959605
momentum_252d,5,2018-09-26,-0.04071612495970176,-0.3234793981981787
momentum_252d,5,2018-10-03,-6.187527754375511,-0.9273680954553165
momentum_252d,5,2018-10-10,0.4550786266002434,-0.6119009450447892
momentum_252d,5,2018-10-17,-5.24736556252459,-0.8289659330168675
momentum_252d,5,2018-10-24,-2.4863367513339396,0.012995496685608288
momentum_252d,5,2018-10-31,-0.5230240569020699,0.9234421730686929
momentum_252d,5,2018-11-07,-1.7702749101779973,-0.5150966803402695
momentum_252d,5,2018-11-14,-2.225036080910729,-0.7496361419363569
momentum_252d,5,2018-11-21,2.276914866756341,1.4319120330787527
momentum_252d,5,2018-11-29,1.6944000361180787,0.057399482574930584
momentum_252d,5,2018-12-07,-0.3412694072039183,-0.278191051050806
momentum_252d,5,2018-12-14,-0.8271189131408674,0.6684006733426211
momentum_252d,5,2018-12-21,-2.513410839218107,-2.783870448202652
momentum_252d,5,2018-12-31,-1.8916627493864209,-0.7151765669010028
momentum_252d,5,2019-01-08,-0.6380338650867104,-0.8858448838303038
momentum_252d,5,2019-01-15,0.5326198514677232,0.3678888811911696
momentum_252d,5,2019-01-23,-3.175255403189192,-0.26957649776947845
momentum_252d,5,2019-01-30,0.784141023236647,-0.7754186828826966
momentum_252d,5,2019-02-06,0.4954159145745448,0.27883655522132533
momentum_252d,5,2019-02-13,-0.6714492393134152,0.13340047903262303
momentum_252d,5,2019-02-21,0.42957840341349235,-0.456213716392088
momentum_252d,5,2019-02-28,1.2114731056803496,0.8433556534103234
momentum_252d,5,2019-03-07,0.30406650690855874,0.22028132805450204
momentum_252d,5,2019-03-14,-1.334217939668066,-1.0571942559129002
momentum_252d,5,2019-03-21,0.8317620003223077,0.9400062466539572
momentum_252d,5,2019-03-28,-2.89022575155166,-2.1798889649761843
momentum_252d,5,2019-04-04,0.3403563718894831,0.28962504049746907
momentum_252d,5,2019-04-11,-1.8199211765773031,-1.411559570266426
momentum_252d,5,2019-04-18,1.7687853574600305,0.12518415999214955
momentum_252d,5,2019-04-26,1.6774359946215271,0.6861363434163288
momentum_252d,5,2019-05-03,-0.5683043277832608,-0.2558639664029102
momentum_252d,5,2019-05-10,2.396886334664572,2.001206462269345
momentum_252d,5,2019-05-17,2.225832740709055,1.6333032078724201
momentum_252d,5,2019-05-24,-0.19436658011103472,1.5179674001266594
momentum_252d,5,2019-06-03,-3.4869007662314973,-2.766501240361478
momentum_252d,5,2019-06-10,3.0341127949985225,1.3099525076569676
momentum_252d,5,2019-06-17,-2.8906121511064344,-1.4926748636433653
momentum_252d,5,2019-06-24,-3.359601495743229,-2.559213537357434
momentum_252d,5,2019-07-01,2.9684336148888137,1.8815335219335427
momentum_252d,5,2019-07-09,-1.1449017177800704,-0.9638474855620786
momentum_252d,5,2019-07-16,-0.5531705472219188,-0.8535827772619705
momentum_252d,5,2019-07-23,0.20648042148828655,0.503850344818461
momentum_252d,5,2019-07-30,4.205604101791053,3.0348249540968597
momentum_252d,5,2019-08-06,1.3016954247803727,0.38780326780494256
momentum_252d,5,2019-08-13,2.8927909268737673,1.8620252064167508
momentum_252d,5,2019-08-20,2.6511862000882513,1.550177919107787
momentum_252d,5,2019-08-27,-0.5745256310625946,0.17630374598394855
momentum_252d,5,2019-09-04,-5.483125510902926,-3.71487187811258
momentum_252d,5,2019-09-11,-0.022603054566235504,0.5259390142112519
momentum_252d,5,2019-09-18,1.3078618531120467,0.9672663944707857
momentum_252d,5,2019-09-25,3.076431633272751,1.9701927808564872
momentum_252d,5,2019-10-02,0.6395458892965851,-0.006403144614908207
momentum_252d,5,2019-10-09,-1.7341474361509162,-1.5341388148647717
momentum_252d,5,2019-10-16,-1.0521980265793505,0.31609657488380627
momentum_252d,5,2019-10-23,0.7345542508583992,-0.43665929265871056
momentum_252d,5,2019-10-30,-2.2741547808749227,-1.507747393263422
momentum_252d,5,2019-11-06,-0.7743561865820815,-0.863399942179773
momentum_252d,5,2019-11-13,0.13221240281100127,0.17947937947240994
momentum_252d,5,2019-11-20,0.13974006715296028,0.13342798874257006
momentum_252d,5,2019-11-27,-0.9844867575294606,-0.1961486008167516
momentum_252d,5,2019-12-05,0.4330997194941899,1.226406324076068
momentum_252d,5,2019-12-12,-0.6549361542497523,-0.09752038471347127
momentum_252d,5,2019-12-19,0.24652157305475875,0.0708449010903204
momentum_252d,5,2019-12-27,0.42871425662383744,-0.32506704688164045
momentum_252d,5,2020-01-06,1.935520831645136,0.7196841768279654
momentum_252d,5,2020-01-13,0.6940213352934894,-0.5389495814413243
momentum_252d,5,2020-01-21,3.1698195195461394,1.390108189742989
momentum_252d,5,2020-01-28,1.7433034295775214,-0.038823933236290895
momentum_252d,5,2020-02-04,0.1542445957900762,0.21220110065032216
momentum_252d,5,2020-02-11,1.7232182430774214,1.085310111040664
momentum_252d,5,2020-02-19,1.6110458061961799,0.06626230159110236
momentum_252d,5,2020-02-26,2.2017954049536734,1.2807368644232118
momentum_252d,5,2020-03-04,7.982351750705556,0.7876310758422359
momentum_252d,5,2020-03-11,9.909708483702344,2.696040382052789
momentum_252d,5,2020-03-18,-16.063662074539398,-7.149475695883363
momentum_252d,5,2020-03-25,4.106276721492189,0.9521332323810953
momentum_252d,5,2020-04-01,-5.4681090636570895,-0.8201661833602788
momentum_252d,5,2020-04-08,10.201707344085767,2.4551743638126693
momentum_252d,5,2020-04-16,-5.619222094283676,-0.7317061360051242
momentum_252d,5,2020-04-23,-4.43283319306916,-1.3549820720611208
momentum_252d,5,2020-04-30,3.628368129518985,1.0099272240396786
momentum_252d,5,2020-05-07,3.3424178790044925,1.4254049723747517
momentum_252d,5,2020-05-14,-4.166085590897021,-1.6225346896016253
momentum_252d,5,2020-05-21,-1.4757952967337098,-0.5341564397550513
momentum_252d,5,2020-05-29,-9.038414128716399,-1.2083824404517607
momentum_252d,5,2020-06-05,6.609510570617087,1.8933296140891527
momentum_252d,5,2020-06-12,2.96933732990603,1.2657378661249905
momentum_252d,5,2020-06-19,2.3153603009271424,-0.1769943838279664
momentum_252d,5,2020-06-26,3.186281009436735,1.534291228484741
momentum_252d,5,2020-07-06,2.6283388151865448,0.8694833946633876
momentum_252d,5,2020-07-13,1.3206802901771935,0.7754902845538814
momentum_252d,5,2020-07-20,-2.9773982670132386,-0.48050319945654635
momentum_252d,5,2020-07-27,3.3207188513266575,0.3542608597175848
momentum_252d,5,2020-08-03,-5.536045456363226,-2.0345913452493884
momentum_252d,5,2020-08-10,3.001797217080674,1.4071693536522232
momentum_252d,5,2020-08-17,2.4129519856056714,0.05946736241183581
momentum_252d,5,2020-08-24,3.5777425524520643,0.9865556379614097
momentum_252d,5,2020-08-31,-3.755662318316899,-2.044987653821832
momentum_252d,5,2020-09-08,3.7303281993517143,1.8077433956206128
momentum_252d,5,2020-09-15,0.9012171855593368,0.12617594182844732
momentum_252d,5,2020-09-22,3.0789853377029774,1.0242847152240588
momentum_252d,5,2020-09-29,-0.9568517002328969,0.09091648514646389
momentum_252d,5,2020-10-06,4.713968603914864,1.8373461570192928
momentum_252d,5,2020-10-13,-1.0150912166248676,-0.5530650414518095
momentum_252d,5,2020-10-20,1.0206992675295974,-0.30792449212771655
momentum_252d,5,2020-10-27,-3.7848828747314136,-0.8235619297834081
momentum_252d,5,2020-11-03,-5.696778672320968,-1.625161887569604
momentum_252d,5,2020-11-10,-0.15659724020364135,1.7267927723820204
momentum_252d,5,2020-11-17,-2.344274805318003,0.8710460486892316
momentum_252d,5,2020-11-24,4.629247836141097,1.5888074333529938
momentum_252d,5,2020-12-02,-2.1335524057332114,-0.2166484545140642
momentum_252d,5,2020-12-09,1.9252542799793455,1.0740778936878006
momentum_252d,5,2020-12-16,0.304650523879313,-0.7232501801574271
momentum_252d,5,2020-12-23,0.9674386495341951,0.4800203828780584
momentum_252d,5,2020-12-31,0.13830469768041365,2.0679376325884125
momentum_252d,5,2021-01-08,-2.7589424404515945,0.7583196814479758
momentum_252d,5,2021-01-15,3.274158699939548,1.4259868308190335
momentum_252d,5,2021-01-25,-0.2429238897694567,-0.21635191479483598
momentum_252d,5,2021-02-01,-1.0896831178200208,-0.16707965608897535
momentum_252d,5,2021-02-08,0.8727812756400407,0.8285204812747712
momentum_252d,5,2021-02-16,-5.917211480107854,-2.8910122907620033
momentum_252d,5,2021-02-23,0.9261301898380148,-0.2496524737634657
momentum_252d,5,2021-03-02,-3.737440025399326,-2.034027452786502
momentum_252d,5,2021-03-09,-1.8153017715307345,-0.373005519158646
momentum_252d,5,2021-03-16,-3.521301263176172,-2.174194709169386
momentum_252d,5,2021-03-23,1.0672787864794013,1.6035972745421123
momentum_252d,5,2021-03-30,0.5256037400094244,-0.8487994629095404
momentum_252d,5,2021-04-07,-0.097612272112572,-0.2433409365674266
momentum_252d,5,2021-04-14,-1.6825639867261009,-0.1884005319597315
momentum_252d,5,2021-04-21,2.131662085498324,0.005636140511596407
momentum_252d,5,2021-04-28,0.28553992833747854,1.2491504138830822
momentum_252d,5,2021-05-05,-1.6980186161730952,-0.13360058736534935
momentum_252d,5,2021-05-12,-0.12609517927160138,-0.2884607133556797
momentum_252d,5,2021-05-19,1.607405153758997,0.05180747756718951
momentum_252d,5,2021-05-26,1.5463094431161413,1.3636606246610485
momentum_252d,5,2021-06-03,-2.1089995688845105,-2.1742081053590656
momentum_252d,5,2021-06-10,-1.6171369652241343,-1.7818504574408995
momentum_252d,5,2021-06-17,1.9253701801497622,-0.2587357745207427
momentum_252d,5,2021-06-24,-0.3348345112631342,-0.4513077383975513
momentum_252d,5,2021-07-01,-2.5833097746762275,-2.794679370794277
momentum_252d,5,2021-07-09,-5.743574307699628,-3.5224918226085977
momentum_252d,5,2021-07-16,1.4692710757059912,0.10391392791597731
momentum_252d,5,2021-07-23,0.2020166605208021,0.8802125567027345
momentum_252d,5,2021-07-30,1.2876044918044949,1.0613260711967851
momentum_252d,5,2021-08-06,-1.1892730423653686,-0.4307934214145844
momentum_252d,5,2021-08-13,-3.894384834936919,-1.995294661185502
momentum_252d,5,2021-08-20,4.387121547244554,2.5039400759642323
momentum_252d,5,2021-08-27,-2.3756128547549533,-1.7366807650304554
momentum_252d,5,2021-09-03,1.3830427022894425,1.8779255985666914
momentum_252d,5,2021-09-13,-0.9797401913776871,-0.7630801203242887
momentum_252d,5,2021-09-20,6.456837647264497,4.76063847615115
momentum_252d,5,2021-09-27,-0.45840834579731204,0.9883890479495597
momentum_252d,5,2021-10-04,1.5528633381170536,0.7578403482696154
momentum_252d,5,2021-10-11,1.7876327868729724,-0.007044806137734838
momentum_252d,5,2021-10-18,-0.41907433369952063,0.33321443986138455
momentum_252d,5,2021-10-25,-0.01781940553937287,-0.38997697931301145
momentum_252d,5,2021-11-01,3.154163228473176,1.2527187295672335
momentum_252d,5,2021-11-08,-1.4890884122761592,-0.32249442357848623
momentum_252d,5,2021-11-15,-0.7780443614505916,-1.1316512566264314
momentum_252d,5,2021-11-22,0.4232958373341959,0.3025465205157526
momentum_252d,5,2021-11-30,-0.41482404163607123,1.0759439531031978
momentum_252d,5,2021-12-07,-4.278970437499071,-2.170108437175848
momentum_252d,5,2021-12-14,-0.557500314551181,-0.12894300199217668
momentum_252d,5,2021-12-21,0.9432959116072299,0.1306654127124644
momentum_252d,5,2021-12-29,0.6103958061995038,1.6142296118093775
momentum_252d,5,2022-01-05,2.785772403242537,1.7761698338223386
momentum_252d,5,2022-01-12,-0.5654904657930026,1.9600358307136652
momentum_252d,5,2022-01-20,5.257462092212391,2.769707247922626
momentum_252d,5,2022-01-27,1.0709473317216316,0.009137907688957132
momentum_252d,5,2022-02-03,-1.1684142332651581,-0.17566752737276187
momentum_252d,5,2022-02-10,0.8844649086245198,0.7179106073329093
momentum_252d,5,2022-02-17,0.2170235849520326,0.6591127267086105
momentum_252d,5,2022-02-25,4.74470790929259,3.342215342853357
momentum_252d,5,2022-03-04,3.081263374991494,2.729943554826501
momentum_252d,5,2022-03-11,-6.817649699174089,-6.269254636955024
momentum_252d,5,2022-03-18,1.315338370486437,0.7473454540541786
momentum_252d,5,2022-03-25,1.3475236743914931,1.1947680172151829
momentum_252d,5,2022-04-01,5.732728640851814,3.158064567710739
momentum_252d,5,2022-04-08,0.10723488905794624,0.7432805857295517
momentum_252d,5,2022-04-18,-0.5979435173601628,-1.3717073128399648
momentum_252d,5,2022-04-25,-0.354691409060759,0.6944375292133838
momentum_252d,5,2022-05-02,3.0668406955802086,1.8928035712202955
momentum_252d,5,2022-05-09,3.406524979165389,2.775659193504239
momentum_252d,5,2022-05-16,-0.5609315109220765,-0.5721087074653093
momentum_252d,5,2022-05-23,-3.0667552728384693,-1.607015240255986
momentum_252d,5,2022-05-31,1.1436363600959343,1.3672265868541942
momentum_252d,5,2022-06-07,1.2603400456035474,0.5454976110659926
momentum_252d,5,2022-06-14,-4.623412477208015,-3.796092942452974
momentum_252d,5,2022-06-22,1.510317351622159,0.7852984546434238
momentum_252d,5,2022-06-29,-3.265826695460753,-2.4713209507864224
momentum_252d,5,2022-07-07,0.29190139770897866,0.858947431641377
momentum_252d,5,2022-07-14,-6.367292013923831,-3.9626140450631433
momentum_252d,5,2022-07-21,5.47191919170495,3.191449653800671
momentum_252d,5,2022-07-28,-5.778538506912061,-3.1259498323096233
momentum_252d,5,2022-08-04,3.8812134274734955,1.9533036396562602
momentum_252d,5,2022-08-11,1.6564684173443773,0.8214622328694002
momentum_252d,5,2022-08-18,3.75566569797966,3.0598986956480667
momentum_252d,5,2022-08-25,3.1117347523025494,1.523402736939957
momentum_252d,5,2022-09-01,-0.4518659315103054,-0.6056529574287743
momentum_252d,5,2022-09-09,2.664106046581871,1.4442437362769214
momentum_252d,5,2022-09-16,0.5393415721509828,-0.18450643801499372
momentum_252d,5,2022-09-23,-0.3655635125877188,-0.5210198524404741
momentum_252d,5,2022-09-30,2.080406143287472,1.9505540123863037
momentum_252d,5,2022-10-07,3.1660707859908377,0.30916641972137027
momentum_252d,5,2022-10-14,-1.7728310497591233,-0.5058366150431166
momentum_252d,5,2022-10-21,3.507411205344435,0.6796344521270499
momentum_252d,5,2022-10-28,4.255220106048644,3.3077670901388023
momentum_252d,5,2022-11-04,-8.20506023762507,-3.9979865681767666
momentum_252d,5,2022-11-11,1.998027474736197,0.9883508813725647
momentum_252d,5,2022-11-18,0.838112903820402,0.4306657027873917
momentum_252d,5,2022-11-28,-2.2880436864318954,-1.257677638565983
momentum_252d,5,2022-12-05,0.8970197131125419,0.1671727530372369
momentum_252d,5,2022-12-12,3.5801780183875733,2.259776031546608
momentum_252d,5,2022-12-19,4.581553131245871,2.822285480030118
momentum_252d,5,2022-12-27,-5.28254254876855,-2.5131083204250464
momentum_252d,5,2023-01-04,-3.7714173557495587,-0.9549749584953618
momentum_252d,5,2023-01-11,-0.4978395192818471,0.2775951335129053
momentum_252d,5,2023-01-19,-5.1327584952771454,-2.6690554973435976
momentum_252d,5,2023-01-26,-9.906734666481087,-5.408415043957785
momentum_252d,5,2023-02-02,2.7895434142676296,0.5178949885683497
momentum_252d,5,2023-02-09,0.2359033776304161,0.2146066419104161
momentum_252d,5,2023-02-16,1.6920419825033006,0.5637943061950941
momentum_252d,5,2023-02-24,-0.45354536505399407,-0.010244821984717323
momentum_252d,5,2023-03-03,-1.192304695902017,-1.2771352912524847
momentum_252d,5,2023-03-10,-5.230477573180259,-4.041938518631294
momentum_252d,5,2023-03-17,1.6252120907964684,0.05303134126782479
momentum_252d,5,2023-03-24,-0.8462977904815687,0.58425240747834
momentum_252d,5,2023-03-31,1.0866218236985377,0.54498785542569
momentum_252d,5,2023-04-10,-0.4085470537101214,-0.7468161435713754
momentum_252d,5,2023-04-17,0.617882340948243,-0.22346000823709003
momentum_252d,5,2023-04-24,-0.6426160512394382,-1.3281879021112961
momentum_252d,5,2023-05-01,-1.2796454524198566,-1.2207088937239097
momentum_252d,5,2023-05-08,0.8306453994999741,0.46978427803114525
momentum_252d,5,2023-05-15,3.4683330258670138,1.8453058046553172
momentum_252d,5,2023-05-22,6.923710658474451,4.085764274801207
momentum_252d,5,2023-05-30,-2.1581841961924177,-1.1123787830979706
momentum_252d,5,2023-06-06,1.6282501775116254,0.905193278498991
momentum_252d,5,2023-06-13,-0.29873601584887727,-0.6163562067829347
momentum_252d,5,2023-06-21,1.4350300541676815,0.26640212141203856
momentum_252d,5,2023-06-28,-1.1421101412654178,-0.5751154637037903
momentum_252d,5,2023-07-06,2.9258343969607137,1.8248293298623948
momentum_252d,5,2023-07-13,-2.142723405292542,-1.5480996577966901
momentum_252d,5,2023-07-20,1.3110426183367663,0.7187890825883965
momentum_252d,5,2023-07-27,1.1202315325749705,-0.2546196112051461
momentum_252d,5,2023-08-03,-1.3940028484655698,-0.6240835075147537
momentum_252d,5,2023-08-10,0.3094474038161654,-0.043409453250127975
momentum_252d,5,2023-08-17,0.03988983311940345,0.09837344381190549
momentum_252d,5,2023-08-24,3.583540075642618,1.3592870835765845
momentum_252d,5,2023-08-31,-1.3728347344154215,-1.0296355318825703
momentum_252d,5,2023-09-08,-1.9219119063941692,-0.5443618319626808
momentum_252d,5,2023-09-15,-0.05749020297878642,-0.14578972357417824
momentum_252d,5,2023-09-22,4.127727675817128,1.4002873906212465
momentum_252d,5,2023-09-29,2.223495098629909,-0.7443380215814626
momentum_252d,5,2023-10-06,-1.8938924000123276,-0.3168450554835056
momentum_252d,5,2023-10-13,-0.6359871463488636,-0.2693915736728133
momentum_252d,5,2023-10-20,-3.1341650551432045,-0.985790000508698
momentum_252d,5,2023-10-27,1.446993875827296,1.3768320306866144
momentum_252d,5,2023-11-03,4.175732710970285,1.7876043394638257
momentum_252d,5,2023-11-10,0.4511310966760644,0.2635380615240379
momentum_252d,5,2023-11-17,-0.29158934577976364,-0.5208226382602359
momentum_252d,5,2023-11-27,-2.111324609612867,-1.9434227241458786
momentum_252d,5,2023-12-04,2.361409656883051,1.5803838342482335
momentum_252d,5,2023-12-11,2.6491640836976416,1.0043604273887472
momentum_252d,5,2023-12-18,1.0031811973406746,0.5232820962165041
momentum_252d,5,2023-12-26,-5.1913974371149125,-1.815610866160729
momentum_252d,5,2024-01-03,4.611838106449081,1.3130338447439716
momentum_252d,5,2024-01-10,4.49824565398544,1.937415514995966
momentum_252d,5,2024-01-18,3.3885919599956495,2.5112937642861892
momentum_252d,5,2024-01-25,-2.7339965229247456,-1.7524315824599197
momentum_252d,5,2024-02-01,5.332641857429805,2.157661553696462
momentum_252d,5,2024-02-08,-0.3425035592032148,0.3972704511721936
momentum_252d,5,2024-02-15,0.49625631680548044,-0.2015996045578413
momentum_252d,5,2024-02-23,2.269704421734927,1.719326076469822
momentum_252d,5,2024-03-01,-1.8032045173219065,0.22085133382864588
momentum_252d,5,2024-03-08,-2.8662377899387006,-1.5123852214636302
momentum_252d,5,2024-03-15,3.011320081163952,1.4266488917599705
momentum_252d,5,2024-03-22,-0.8352760526927313,-0.05361266703016362
momentum_252d,5,2024-04-01,-0.3311409548116447,-0.2834981737938206
momentum_252d,5,2024-04-08,0.8695496668990426,0.27676186138120284
momentum_252d,5,2024-04-15,-5.2741901012763766,-2.506834765893558
momentum_252d,5,2024-04-22,1.9812060901397384,1.3938811673311715
momentum_252d,5,2024-04-29,1.1110633019677372,0.8486877199826844
momentum_252d,5,2024-05-06,-2.2167667166703264,-0.39818073500166307
momentum_252d,5,2024-05-13,2.0398865723325983,1.380297254100101
momentum_252d,5,2024-05-20,4.6192082621076995,2.5968083068190166
momentum_252d,5,2024-05-28,-3.254829443903621,-0.7527272232681164
momentum_252d,5,2024-06-04,3.1640015334548557,1.492714518426371
momentum_252d,5,2024-06-11,3.8025274287806963,1.5606134238820366
momentum_252d,5,2024-06-18,-1.1343751257216241,-1.1108290581243185
momentum_252d,5,2024-06-26,2.0744400129073304,0.8128586638796564
momentum_252d,5,2024-07-03,-2.33553336499408,-0.48319379408203744
momentum_252d,5,2024-07-11,-4.10328609565489,-2.483870069599044
momentum_252d,5,2024-07-18,-1.9429591651929035,-1.6192540960311457
momentum_252d,5,2024-07-25,-1.3807855136101312,0.2746815507399821
momentum_252d,5,2024-08-01,-0.18350044450798908,0.06178099817627514
momentum_252d,5,2024-08-08,1.835942557957848,0.5223493298958621
momentum_252d,5,2024-08-15,-0.4452772630452554,-0.7287785643990314
momentum_252d,5,2024-08-22,-1.067019141650638,-0.1071573966415107
momentum_252d,5,2024-08-29,-1.7392579283970533,-1.8796436115596598
momentum_252d,5,2024-09-06,1.999705638451003,0.7107510436612803
momentum_252d,5,2024-09-13,-0.6804666243658053,0.3590248703704946
momentum_252d,5,2024-09-20,1.0252151438404375,1.0779588111961336
momentum_252d,5,2024-09-27,-0.6652231113616903,0.43759429124926214
momentum_252d,5,2024-10-04,0.5447469603561017,-0.17534327789844317
momentum_252d,5,2024-10-11,1.8134075872214495,0.39408253135857124
momentum_252d,5,2024-10-18,0.5374545149466707,-0.19000648125808706
momentum_252d,5,2024-10-25,-0.3947061150142946,-0.22409848840764615
momentum_252d,5,2024-11-01,2.1780827389543305,0.4186878932124882
momentum_252d,5,2024-11-08,-0.5310265316960845,-0.30878433329588983
momentum_252d,5,2024-11-15,-0.6355001848703523,0.163380658046397
momentum_252d,5,2024-11-22,1.3381029167111556,-0.05328591594178089
momentum_252d,5,2024-12-02,1.7171021914733964,-1.2949526503793032
momentum_252d,5,2024-12-09,5.476149949228349,1.3098445683087676
momentum_252d,5,2024-12-16,-0.4952811653745838,-0.9207637991463477
momentum_252d,5,2024-12-23,-1.529302551954792,-0.04228389167264164
momentum_252d,5,2024-12-31,1.37529048154336,1.0681597177828608
momentum_252d,5,2025-01-08,-1.7004286138305698,0.3072597544678405
momentum_252d,5,2025-01-16,1.6542300483399035,0.48933032362591017
momentum_252d,5,2025-01-24,-3.5262420170190545,-1.539871610113345
momentum_252d,5,2025-01-31,-0.664624570576137,-0.4278053538098736
momentum_252d,5,2025-02-07,0.4442152598361412,-0.25595385983167385
momentum_252d,5,2025-02-14,-1.1485439860031146,1.177404958767895
momentum_252d,5,2025-02-24,0.6345177151247569,1.8052836644967596
momentum_252d,5,2025-03-03,-3.2432746089470075,0.022823942872163272
momentum_252d,5,2025-03-10,-1.4360698862436885,-0.1543526297033841
momentum_252d,5,2025-03-17,0.8126021238601325,-0.2962045966602175
momentum_252d,5,2025-03-24,-0.4340617996455576,1.866276499326099
momentum_252d,5,2025-03-31,1.166504760644179,0.552891302010942
momentum_252d,5,2025-04-07,0.4854503756196227,-0.8925043693930176
momentum_252d,5,2025-04-14,1.0597200795539055,2.5539204229451924
momentum_252d,5,2025-04-22,-2.4032704269719485,-2.942309029301053
momentum_252d,5,2025-04-29,1.5824903505504286,0.8158140654827154
momentum_252d,5,2025-05-06,-0.7099096167957345,-3.2089780069074445
momentum_252d,5,2025-05-13,0.5046978669225544,-0.25247928962757926
momentum_252d,5,2025-05-20,1.3865086328251195,0.2549856585541965
momentum_252d,5,2025-05-28,-1.0988413096598002,-1.1143343713466
momentum_252d,5,2025-06-04,-1.5309566806706956,-0.07300798700510627
momentum_252d,5,2025-06-11,-1.1831815967998947,-0.8461571711228041
momentum_252d,5,2025-06-18,0.30766225039428424,0.31596317506038163
momentum_252d,5,2025-06-26,-0.4982588589556469,-0.5210004331368385
momentum_252d,5,2025-07-03,-1.8805727322574979,-0.8227344208607749
momentum_252d,5,2025-07-11,2.732616755566701,0.413054466311058
momentum_252d,5,2025-07-18,-1.083222462065736,-0.19060714841123705
momentum_252d,5,2025-07-25,1.057280022277196,-0.4520894173496844
momentum_252d,5,2025-08-01,1.6236216911809618,-0.7401121925303695
momentum_252d,5,2025-08-08,-0.8355154879328511,0.6125059042927816
momentum_252d,5,2025-08-15,-1.985944731146335,0.022811622878811853
momentum_252d,5,2025-08-22,-0.6177259910121932,0.13110718713246944
momentum_252d,5,2025-08-29,1.406544434432011,0.5127467426366716
momentum_252d,5,2025-09-08,3.459976516314441,1.2098697869289263
momentum_252d,5,2025-09-15,2.1593047173117794,0.4356225153411534
momentum_252d,5,2025-09-22,-0.26783289681153366,0.3240622298636161
momentum_252d,5,2025-09-29,0.10382376835843905,0.8720445254186434
momentum_252d,5,2025-10-06,-0.5150520173696216,-0.15287724223245575
momentum_252d,5,2025-10-13,0.835133909124323,0.717530303711696
momentum_252d,5,2025-10-20,1.8042989398481035,0.31047756190399534
momentum_252d,5,2025-10-27,3.1282181582746835,0.043793791724885026
momentum_252d,5,2025-11-03,-2.471665138594518,-0.9452115365672512
momentum_252d,5,2025-11-10,-3.0729992531069303,-1.068236958180898
momentum_252d,5,2025-11-17,-0.9320488201831364,-0.6450366995907324
momentum_252d,5,2025-11-24,2.478964238230611,1.6646547889463144
momentum_252d,5,2025-12-02,2.7148265686420445,1.16496331966612
momentum_252d,5,2025-12-09,-4.005263112176383,-1.565410857108059
momentum_252d,5,2025-12-16,1.7102433780827468,0.45950772625583297
momentum_252d,5,2025-12-23,-0.06342870202930748,0.2756159081154156
momentum_252d,5,2025-12-31,0.630740525624592,0.8980020711724657
momentum_252d,5,2026-01-08,-0.3087595175262615,1.944289456396912
momentum_252d,5,2026-01-15,-0.9188578456213532,0.48099463332570797
momentum_252d,5,2026-01-23,1.570354703767507,1.0200560456033791
momentum_252d,5,2026-01-30,0.6676865295005108,0.9500122305637978
momentum_252d,5,2026-02-06,2.2989251694751927,2.6672416078713583
momentum_252d,5,2026-02-13,1.8896875555631836,0.9449370081964744
momentum_252d,5,2026-02-23,0.6582522639669853,0.8096597301893013
momentum_252d,5,2026-03-02,-0.6482922367394559,-1.7082530073199893
momentum_252d,5,2026-03-09,1.64016492477466,1.307788687733228
momentum_252d,5,2026-03-16,2.9071021812048126,2.2641472156044062
momentum_252d,5,2026-03-23,-1.2987888968096515,1.1023426889486507
momentum_252d,5,2026-03-30,-0.21509297936300015,-1.590167469432439
momentum_252d,5,2026-04-07,1.8840759620992888,-1.4952859832063257
momentum_252d,5,2026-04-14,0.684307877924691,-0.8665564266281511
momentum_252d,5,2026-04-21,3.5574340634361676,2.605483233484507
momentum_252d,5,2026-04-28,3.7965390273472086,2.6635507418005355
momentum_252d,5,2026-05-05,2.387966185647883,0.667414306447478
momentum_252d,5,2026-05-12,0.995302968678428,1.460739640123939
momentum_252d,5,2026-05-19,0.6328913201716246,-0.13379609834058837
momentum_252d,5,2026-05-27,6.20064091436014,3.550170360989058
momentum_252d,5,2026-06-03,-9.400545917508104,-2.2047839572332624
momentum_252d,5,2026-06-10,1.390980522100227,0.2933959052988544
momentum_252d,5,2026-06-17,0.2467469429008477,0.9709190039295786
momentum_252d,5,2026-06-25,-6.776931805424851,-4.473018101590698
momentum_252d,5,2026-07-02,2.490374800578162,1.4580343028202325
momentum_252d,5,2026-07-10,-2.4028998227111686,-1.2417866229384864
momentum_252d,5,2026-07-17,4.334475776180657,1.4546922262755446
momentum_252d,5,2026-07-24,-4.091127477666615,-2.1792990098289238
momentum_252d,5,2026-07-31,0.6416222518095852,-1.4163452750555785
momentum_252d,5,2026-08-07,1.7651623666413263,2.7911083322039136
momentum_252d,5,2026-08-14,2.488296008554003,2.18956569239324
momentum_252d,5,2026-08-21,-1.8139135519904537,-2.0721652336875103
momentum_252d,5,2026-08-28,2.292321969802088,1.5188634274326893
momentum_252d,5,2026-09-04,-1.3064883982608892,-0.7656787500686695
momentum_252d,20,1999-12-22,4.351551621394563,2.4397222396806155
momentum_252d,20,2000-01-21,-0.3248915165712095,-3.5122375073784906
momentum_252d,20,2000-02-18,-0.3423043612815129,-2.5816468163661384
momentum_252d,20,2000-03-20,-7.446775096148118,-0.6807228300514796
momentum_252d,20,2000-04-17,1.964230918749577,3.888480610914987
momentum_252d,20,2000-05-16,-0.5090175557615375,-1.8296165018073112
momentum_252d,20,2000-06-14,-1.0753174897032536,-1.5235132085752445
momentum_252d,20,2000-07-13,1.815402389021059,0.45740968368256363
momentum_252d,20,2000-08-10,1.8906597587736682,0.9222328380554257
momentum_252d,20,2000-09-08,-3.6697620616916766,-0.08220793853033945
momentum_252d,20,2000-10-06,-3.2214868408582746,-1.096951030975346
momentum_252d,20,2000-11-03,-12.097664266587053,-0.8385708836793682
momentum_252d,20,2000-12-04,-4.749633210409325,-2.845770558754923
momentum_252d,20,2001-01-03,-4.0440147910404844,-3.856504632963953
momentum_252d,20,2001-02-01,8.444919518016196,9.342886690539592
momentum_252d,20,2001-03-02,4.0770598655415995,1.7535003253090393
momentum_252d,20,2001-03-30,-6.505190250530239,-5.082467167580829
momentum_252d,20,2001-04-30,-2.389272462521582,-0.46300628240164937
momentum_252d,20,2001-05-29,-0.45988588011018905,-0.37874786501154534
momentum_252d,20,2001-06-26,3.640631743677362,1.1814809127230799
momentum_252d,20,2001-07-25,1.0554324782006095,0.9384396521280536
momentum_252d,20,2001-08-22,16.815396488070515,5.165680464087638
momentum_252d,20,2001-09-26,-16.13145815926954,-3.1510747608857193
momentum_252d,20,2001-10-24,1.3181680622968353,1.707750412609088
momentum_252d,20,2001-11-21,0.051371760150575874,-0.31690764978154295
momentum_252d,20,2001-12-20,0.3053288290319367,-0.1740985068508209
momentum_252d,20,2002-01-22,4.311454634085468,6.98075136420407
momentum_252d,20,2002-02-20,-4.444343695992803,-0.37717587077585135
momentum_252d,20,2002-03-20,1.7698163041279285,1.497159740536099
momentum_252d,20,2002-04-18,4.503859259004909,2.7648177495404753
momentum_252d,20,2002-05-16,2.5937058487670437,1.2748436266888006
momentum_252d,20,2002-06-14,-2.6670764539244107,-1.0334488268874211
momentum_252d,20,2002-07-15,10.13489766847779,2.354748463582586
momentum_252d,20,2002-08-12,0.7805222838895031,-2.8564746477428904
momentum_252d,20,2002-09-10,9.338333975196866,2.0473510278822453
momentum_252d,20,2002-10-08,-19.48350453794676,-4.66129271187945
momentum_252d,20,2002-11-05,0.966697351837927,0.9925806858181859
momentum_252d,20,2002-12-04,1.3756045721212509,0.9897091590637267
momentum_252d,20,2003-01-03,2.093336560460109,0.7297169745175098
momentum_252d,20,2003-02-03,-2.157083724281217,1.7088650672372085
momentum_252d,20,2003-03-04,-0.056174889508960504,-0.011862354382263796
momentum_252d,20,2003-04-01,-2.9397031565684477,-0.11184937974255682
momentum_252d,20,2003-04-30,-6.412281132836732,-1.990867226033551
momentum_252d,20,2003-05-29,4.181429819913241,0.9980543943213757
momentum_252d,20,2003-06-26,-4.078609269535331,0.9086011103895989
momentum_252d,20,2003-07-25,1.7082314282882423,3.9069393240103647
momentum_252d,20,2003-08-22,-2.0522931078290063,-1.5111934830712825
momentum_252d,20,2003-09-22,3.820101833339111,2.5771392781341147
momentum_252d,20,2003-10-20,0.6459883492259306,1.5272640790352545
momentum_252d,20,2003-11-17,-2.5686491858283795,-1.885499278727835
momentum_252d,20,2003-12-16,5.381647848603377,2.9340383350273074
momentum_252d,20,2004-01-15,-6.598196313385948,-4.702766453265736
momentum_252d,20,2004-02-13,-4.105491387368958,-2.0919845051419306
momentum_252d,20,2004-03-15,0.7407152416015307,1.321536301140632
momentum_252d,20,2004-04-13,-5.257182647233504,-3.0173929968203894
momentum_252d,20,2004-05-11,-1.706252470232128,-2.0456598739730865
momentum_252d,20,2004-06-09,0.8314895156182075,1.0244357810686187
momentum_252d,20,2004-07-09,2.5772881292806082,0.4168882934628286
momentum_252d,20,2004-08-06,3.887609661008388,0.08210409010278585
momentum_252d,20,2004-09-03,-3.130138240990717,2.3682511304642313
momentum_252d,20,2004-10-04,-0.043406501383832105,-0.6601262403571173
momentum_252d,20,2004-11-01,3.8620251427592587,1.4860060188511235
momentum_252d,20,2004-11-30,-3.147499084800043,-2.654154597424348
momentum_252d,20,2004-12-29,2.4818839475489836,3.0290065195772526
momentum_252d,20,2005-01-27,5.344730492342467,7.216525410662163
momentum_252d,20,2005-02-25,1.2199168610811977,-0.03747407431201981
momentum_252d,20,2005-03-28,1.0074231789520347,0.6973879316299558
momentum_252d,20,2005-04-25,-7.622779409675165,-4.02458660095674
momentum_252d,20,2005-05-23,4.827369798421321,3.5774315297712764
momentum_252d,20,2005-06-21,-1.8848593843630614,1.0987182598174585
momentum_252d,20,2005-07-20,0.171285579955834,0.02142488533434239
momentum_252d,20,2005-08-17,6.106219846095728,4.990236962072658
momentum_252d,20,2005-09-15,-2.7784694741843343,-3.1606476711712275
momentum_252d,20,2005-10-13,-6.2482216968349285,-3.6010300463711933
momentum_252d,20,2005-11-10,2.264815941982016,3.729191916097929
momentum_252d,20,2005-12-09,1.787755914394499,0.8678201017214097
momentum_252d,20,2006-01-10,0.14048174489061557,0.35599542410773566
momentum_252d,20,2006-02-08,-6.306726656711237,-4.822575981722011
momentum_252d,20,2006-03-09,0.4762687728855389,1.0055433846406872
momentum_252d,20,2006-04-06,1.9930002098825117,1.0047179710656864
momentum_252d,20,2006-05-05,-4.827998845211246,-2.8998917423189203
momentum_252d,20,2006-06-05,3.037977787099518,1.8533696648023106
momentum_252d,20,2006-07-03,-0.9027345885440075,-2.834505669492182
momentum_252d,20,2006-08-01,-6.713630969256698,-2.921621283909104
momentum_252d,20,2006-08-29,-4.6224868865275255,-3.047543540808273
momentum_252d,20,2006-09-27,-0.5529574529133089,-0.6197625315498574
momentum_252d,20,2006-10-25,-0.2596179723314866,0.624081302067651
momentum_252d,20,2006-11-22,3.9058467213488637,0.5724921629813566
momentum_252d,20,2006-12-21,-0.03237137270410233,0.061879070777851965
momentum_252d,20,2007-01-24,-0.5504986449810308,1.100069346014839
momentum_252d,20,2007-02-22,0.662958394915362,1.7388594748593185
momentum_252d,20,2007-03-22,-0.4393227306353905,0.46821449003084936
momentum_252d,20,2007-04-20,-1.587405036337164,-1.175952801956237
momentum_252d,20,2007-05-18,-1.3897710709524613,-0.07535669951702628
momentum_252d,20,2007-06-18,0.32396120641470977,0.9959716162955434
momentum_252d,20,2007-07-17,-2.759679901926944,-2.0275930647438933
momentum_252d,20,2007-08-14,0.8879758150308467,0.1189360670798741
momentum_252d,20,2007-09-12,3.802869198449077,3.0861047705833906
momentum_252d,20,2007-10-10,9.59424069635525,3.274606079234695
momentum_252d,20,2007-11-07,-0.6514618499293691,-1.2610451102091544
momentum_252d,20,2007-12-06,10.00025990857413,4.414551588613805
momentum_252d,20,2008-01-07,-7.198776929484234,-2.4960615601271345
momentum_252d,20,2008-02-05,8.524834010236997,6.047801171227729
momentum_252d,20,2008-03-05,-3.820950698799541,-1.3662873535594033
momentum_252d,20,2008-04-03,-1.7548566372707814,-1.4922743562551632
momentum_252d,20,2008-05-01,8.124372654592651,5.449833784951777
momentum_252d,20,2008-05-30,6.738478424818088,4.5578889692718585
momentum_252d,20,2008-06-27,-3.988148835155836,-6.007715137110706
momentum_252d,20,2008-07-28,-3.3588533785561965,-1.4955858768729846
momentum_252d,20,2008-08-25,-0.3755127494057745,1.0096657178231236
momentum_252d,20,2008-09-23,0.10510699679278854,-3.574408290174639
momentum_252d,20,2008-10-21,12.664638188013273,5.2446367562372975
momentum_252d,20,2008-11-18,-12.223749245387827,-3.2535056665708106
momentum_252d,20,2008-12-17,10.800507684482866,6.469622897400713
momentum_252d,20,2009-01-16,5.6378003593348724,2.53286943725964
momentum_252d,20,2009-02-17,-5.921937029830097,-4.208217680303813
momentum_252d,20,2009-03-17,-15.2817354515572,-5.055368999701204
momentum_252d,20,2009-04-15,-3.0240359343746137,-0.566461608614155
momentum_252d,20,2009-05-13,-5.6957505114209495,-3.1861913261337436
momentum_252d,20,2009-06-11,10.348761429511228,4.251140268519097
momentum_252d,20,2009-07-10,-10.187149822659691,-3.8045083002363236
momentum_252d,20,2009-08-07,0.8830321223769071,0.06865940002154977
momentum_252d,20,2009-09-04,-4.214651128775556,-2.809196967304521
momentum_252d,20,2009-10-05,-0.294201953320805,-0.8819127980378242
momentum_252d,20,2009-11-02,2.15237743349345,2.0678968580788286
momentum_252d,20,2009-12-01,3.0899048849058293,3.0428804644737557
momentum_252d,20,2009-12-30,-6.459683528773811,-5.193754651230468
momentum_252d,20,2010-01-29,3.06746990178152,1.529770919341248
momentum_252d,20,2010-03-01,5.789962790728601,2.653856128134291
momentum_252d,20,2010-03-29,1.6083743868804956,1.7823908321998354
momentum_252d,20,2010-04-27,-3.7461344494134776,-0.6063569907566402
momentum_252d,20,2010-05-25,-1.527263739185325,-0.3281705660816536
momentum_252d,20,2010-06-23,-0.6278702809841885,0.267778514097435
momentum_252d,20,2010-07-22,-1.6189590093485937,-0.26835034671062186
momentum_252d,20,2010-08-19,2.056488941055886,1.4108202906911136
momentum_252d,20,2010-09-17,1.1116341504605312,1.4557259549419
momentum_252d,20,2010-10-15,-1.1400407892438422,-0.02915536194641651
momentum_252d,20,2010-11-12,1.7233747204777514,0.8444539866922692
momentum_252d,20,2010-12-13,0.02723284139640736,-0.021067611600396795
momentum_252d,20,2011-01-11,2.176767001698613,0.36881870480497037
momentum_252d,20,2011-02-09,-4.009577864673512,-1.2769056229340583
momentum_252d,20,2011-03-10,2.1921130604405814,1.421607024876903
momentum_252d,20,2011-04-07,-2.6319102095406666,-0.8677309523580442
momentum_252d,20,2011-05-06,-1.2315188859381099,-0.38584592648747507
momentum_252d,20,2011-06-06,2.4789379041202526,1.2026525813677655
momentum_252d,20,2011-07-05,-1.581424225430713,0.005375215043342449
momentum_252d,20,2011-08-02,-1.2951989006629492,-1.0007990827178848
momentum_252d,20,2011-08-30,0.1995423179731966,-0.24105657376770617
momentum_252d,20,2011-09-28,-5.747574592119016,-2.7868008434753344
momentum_252d,20,2011-10-26,2.0298258185830904,0.547196697163314
momentum_252d,20,2011-11-23,-0.21748009788858566,0.25653287977308226
momentum_252d,20,2011-12-22,-9.577741559127766,-5.047198879082778
momentum_252d,20,2012-01-24,-1.236200916026157,-2.130088804250681
momentum_252d,20,2012-02-22,-1.982607631640006,-1.8098946085714236
momentum_252d,20,2012-03-21,3.139673579494536,1.3925195993505537
momentum_252d,20,2012-04-19,4.417138313423408,0.8802774858249504
momentum_252d,20,2012-05-17,0.2547817119642989,0.2993359857036193
momentum_252d,20,2012-06-15,1.4099807723420048,-0.5599435443297514
momentum_252d,20,2012-07-16,-6.707669617519407,-2.996245171290024
momentum_252d,20,2012-08-13,2.085529286904249,0.7097922553067255
momentum_252d,20,2012-09-11,1.4391092642266048,-0.3315792966595158
momentum_252d,20,2012-10-09,-0.5916801627867379,1.1952857229664438
momentum_252d,20,2012-11-08,1.112832426775734,0.5303926810859598
momentum_252d,20,2012-12-07,1.5716964303386167,0.8253946229153541
momentum_252d,20,2013-01-08,-1.4037052615025598,0.5567320924368218
momentum_252d,20,2013-02-06,2.36050759396456,0.7285782453087346
momentum_252d,20,2013-03-07,3.9093579620931815,1.1731147059511318
momentum_252d,20,2013-04-05,-2.6521849745480814,0.09202863018749063
momentum_252d,20,2013-05-03,-0.2975284315231752,-0.16950386435160186
momentum_252d,20,2013-06-03,1.8085015260032624,0.9150839957413318
momentum_252d,20,2013-07-01,-0.4717779548790563,0.7852317833506225
momentum_252d,20,2013-07-30,-1.6584136122494468,-0.7396321393628076
momentum_252d,20,2013-08-27,-1.2689447947562031,0.1689977234262156
momentum_252d,20,2013-09-25,-0.17801800178199506,-0.18798372482295989
momentum_252d,20,2013-10-23,1.0791538941330927,-0.21358933281725445
momentum_252d,20,2013-11-20,3.154295198433373,0.6792741013819621
momentum_252d,20,2013-12-19,1.2558312691256512,0.1087684971262733
momentum_252d,20,2014-01-21,-0.484364535159835,0.9853855949284562
momentum_252d,20,2014-02-19,0.40437202286285334,-0.3552511201552274
momentum_252d,20,2014-03-19,-8.067007052767531,-2.881766482063845
momentum_252d,20,2014-04-16,0.9867350401596883,-0.2503215450624411
momentum_252d,20,2014-05-15,1.597473172342334,0.28701871322651673
momentum_252d,20,2014-06-13,1.345749970255176,0.4087467346626387
momentum_252d,20,2014-07-14,0.7788742471982173,0.33747092265606904
momentum_252d,20,2014-08-11,0.6900798036601227,1.0611156656848308
momentum_252d,20,2014-09-09,0.55154665831737,-0.46288503923330726
momentum_252d,20,2014-10-07,3.5926362982788578,1.7484161841517354
momentum_252d,20,2014-11-04,2.96215503711457,2.174598888358048
momentum_252d,20,2014-12-03,0.9742156133521881,0.5940163738069753
momentum_252d,20,2015-01-02,1.7837602668419015,1.9593025480167652
momentum_252d,20,2015-02-02,-2.6237266631681613,-3.0523768273641965
momentum_252d,20,2015-03-03,0.8973892108624648,-0.20460148131544362
momentum_252d,20,2015-03-31,-2.116018653267552,-0.269988206535284
momentum_252d,20,2015-04-29,5.37297765354503,2.7047888376972917
momentum_252d,20,2015-05-28,1.6316916671120008,0.055239180480718776
momentum_252d,20,2015-06-25,1.2626657589835277,-3.0206652248310206
momentum_252d,20,2015-07-24,-0.7242109384476707,-1.0217670535046373
momentum_252d,20,2015-08-21,-3.3078007910537095,-1.2571211087062495
momentum_252d,20,2015-09-21,-1.9411092251757265,-0.7662067160304487
momentum_252d,20,2015-10-19,-1.5726342809758969,-0.6085172501596052
momentum_252d,20,2015-11-16,5.692448872940858,1.2331899420910841
momentum_252d,20,2015-12-15,-0.4201906565960682,0.5507390391709628
momentum_252d,20,2016-01-14,-3.174001201540625,0.037155993194504244
momentum_252d,20,2016-02-12,-5.172285199833068,-1.274704118538724
momentum_252d,20,2016-03-14,-0.5848419290344815,-0.2667750080881529
momentum_252d,20,2016-04-12,-1.4215572342484752,0.3332729380162677
momentum_252d,20,2016-05-10,-6.640452981207245,-1.6611558691634258
momentum_252d,20,2016-06-08,6.522817386743762,3.2470004253223808
momentum_252d,20,2016-07-07,-0.240273991877397,0.15649304237733325
momentum_252d,20,2016-08-04,-0.7442759026757506,-0.35616290479064305
momentum_252d,20,2016-09-01,0.6397506918080017,1.0846132738614864
momentum_252d,20,2016-09-30,-0.22624899263835227,-0.510650944913571
momentum_252d,20,2016-10-28,2.579309086715968,0.8589399582052293
momentum_252d,20,2016-11-28,0.9818581322016184,-0.529690340265665
momentum_252d,20,2016-12-27,-0.6856446900573447,-1.3159231496801613
momentum_252d,20,2017-01-26,-4.218886016333019,-1.8158677753313552
momentum_252d,20,2017-02-24,-0.6043150427356961,0.35650100112626004
momentum_252d,20,2017-03-24,0.1002712043006356,-0.055192566181790546
momentum_252d,20,2017-04-24,2.7447090741403093,1.8378755406993037
momentum_252d,20,2017-05-22,1.5148549193713743,-0.32408317937357245
momentum_252d,20,2017-06-20,3.087573737913918,1.386147606314562
momentum_252d,20,2017-07-19,1.1702838114566885,0.2392198387669168
momentum_252d,20,2017-08-16,-1.4080779651181559,-0.32627999111011585
momentum_252d,20,2017-09-14,4.092451066538172,2.634400029657143
momentum_252d,20,2017-10-12,0.12280071671015118,0.07891980012852962
momentum_252d,20,2017-11-09,-0.7547308809811101,-1.6584224001937597
momentum_252d,20,2017-12-08,2.3214428922425903,1.2522493863747153
momentum_252d,20,2018-01-09,4.08602855048045,-0.17677683521100107
momentum_252d,20,2018-02-07,5.193401813110917,3.266656373692619
momentum_252d,20,2018-03-08,-7.282859534103796,-1.9823463089575648
momentum_252d,20,2018-04-06,0.12370888562529916,-0.10030373823275429
momentum_252d,20,2018-05-04,6.319657582203448,2.8922838173250627
momentum_252d,20,2018-06-04,-6.523173491399881,-2.0161818193610848
momentum_252d,20,2018-07-02,-0.0683919167753972,-1.192989092332445
momentum_252d,20,2018-07-31,2.4668348548931185,0.8484734287448262
momentum_252d,20,2018-08-28,1.3895350397510369,-1.1997545835821355
momentum_252d,20,2018-09-26,-15.262916429692922,-3.9421174399478267
momentum_252d,20,2018-10-24,-4.86685015865013,-0.40152276877625237
momentum_252d,20,2018-11-21,1.0546944644689824,0.8652739514713866
momentum_252d,20,2018-12-21,-5.745759879349666,-4.881257472309949
momentum_252d,20,2019-01-23,-3.8820584360565125,-0.3992158177658374
momentum_252d,20,2019-02-21,1.458756799849418,-0.4504763278084504
momentum_252d,20,2019-03-21,-7.519122638220373,-5.017468091271682
momentum_252d,20,2019-04-18,5.064204939925869,2.4105276606354793
momentum_252d,20,2019-05-17,2.474498004707937,1.8506453914340175
momentum_252d,20,2019-06-17,-5.164171216588405,-3.242535525406287
momentum_252d,20,2019-07-16,4.420325380782419,3.102619746290765
momentum_252d,20,2019-08-13,-0.4069325158120381,-0.12280366511228842
momentum_252d,20,2019-09-11,4.792955413584266,3.0641832379805707
momentum_252d,20,2019-10-09,-4.917888855404485,-3.1771091836669187
momentum_252d,20,2019-11-06,-0.6569382962373674,-1.1282341674070642
momentum_252d,20,2019-12-05,2.461610303083406,2.140983505906517
momentum_252d,20,2020-01-06,6.614437054580427,0.8042030651384979
momentum_252d,20,2020-02-04,3.7910211982944793,2.4864314294009633
momentum_252d,20,2020-03-04,9.955888996176366,1.0127511531909827
momentum_252d,20,2020-04-01,-6.370453123825952,-1.678829788065624
momentum_252d,20,2020-04-30,1.746490095199138,0.35163079965035615
momentum_252d,20,2020-05-29,4.080978972117203,1.9321410988431837
momentum_252d,20,2020-06-26,3.731440603951593,2.1823604068000506
momentum_252d,20,2020-07-27,1.1711035795745135,-1.6295306042554802
momentum_252d,20,2020-08-24,3.4923424572356976,0.20725372793409433
momentum_252d,20,2020-09-22,5.79396344307647,2.4073543785474065
momentum_252d,20,2020-10-20,-8.970300623229601,-1.0663846901582583
momentum_252d,20,2020-11-17,2.300978678782798,3.410951666724641
momentum_252d,20,2020-12-16,-1.4411563760261388,2.606215642281547
momentum_252d,20,2021-01-15,3.0337926467914853,1.9054669373369304
momentum_252d,20,2021-02-16,-10.425634268745538,-5.162114373792529
momentum_252d,20,2021-03-16,-2.5197474675496307,-2.5000061615328084
momentum_252d,20,2021-04-14,-1.1984515025445657,0.21983779212060664
momentum_252d,20,2021-05-12,-1.1815155179661398,-3.2080823693277174
momentum_252d,20,2021-06-10,-0.9496025126758734,-3.6672067104841832
momentum_252d,20,2021-07-09,-2.503163889802429,-1.1621030646401818
momentum_252d,20,2021-08-06,-1.7678812175652665,-1.2845071785613595
momentum_252d,20,2021-09-03,6.085427401534849,6.789567878232354
momentum_252d,20,2021-10-04,0.8414362708727345,0.7196793326526822
momentum_252d,20,2021-11-01,1.424986958310559,0.23385931465700707
momentum_252d,20,2021-11-30,-4.621614377719434,-1.7050887820188636
momentum_252d,20,2021-12-29,2.2294505835615577,5.735212053419106
momentum_252d,20,2022-01-27,2.740332785068585,1.2092762312087593
momentum_252d,20,2022-02-25,3.5867068964800186,3.0159932296768943
momentum_252d,20,2022-03-25,5.082117744597351,4.201135140568302
momentum_252d,20,2022-04-25,3.9242463137105847,4.664656324864195
momentum_252d,20,2022-05-23,-3.6830494116418406,-2.8091878588448678
momentum_252d,20,2022-06-22,-7.785608950339695,-4.8948155528489075
momentum_252d,20,2022-07-21,4.090539512359196,2.836338371662861
momentum_252d,20,2022-08-18,8.606501453272264,5.165715415521502
momentum_252d,20,2022-09-16,5.119078794191245,1.5012691857374119
momentum_252d,20,2022-10-14,-3.294869488042355,-0.6554081388280657
momentum_252d,20,2022-11-11,2.23534862281806,0.502884220845053
momentum_252d,20,2022-12-12,1.118314185289774,1.6451672900416676
momentum_252d,20,2023-01-11,-12.363534354439423,-7.052586255110082
momentum_252d,20,2023-02-09,1.7912696064980138,0.9992035526781406
momentum_252d,20,2023-03-10,-3.7357832206530954,-2.7795819348884603
momentum_252d,20,2023-04-10,-3.19357517991821,-3.502595784407614
momentum_252d,20,2023-05-08,6.215689185723402,5.481194294279046
momentum_252d,20,2023-06-06,1.2399216692000317,-0.09783953742626601
momentum_252d,20,2023-07-06,3.1179674961242894,0.5930460667285569
momentum_252d,20,2023-08-03,2.2614187950220814,0.7198789059197648
momentum_252d,20,2023-08-31,0.8142600787798567,-0.3307179616572009
momentum_252d,20,2023-09-29,-2.0422024363584312,-0.9883899323725465
momentum_252d,20,2023-10-27,5.317079595451379,3.1216820937677374
momentum_252d,20,2023-11-27,4.186258826139677,1.1593831448577507
momentum_252d,20,2023-12-26,6.427971257007458,3.915497089419843
momentum_252d,20,2024-01-25,1.4224068170550406,0.5558214729331823
momentum_252d,20,2024-02-23,2.7094912012550174,1.837759153404761
momentum_252d,20,2024-03-22,-5.377837584108507,-2.452601773847829
momentum_252d,20,2024-04-22,3.084449640984755,3.421345260383809
momentum_252d,20,2024-05-20,9.999676884897376,5.141412546029253
momentum_252d,20,2024-06-18,-5.565582912516049,-3.3128695793645226
momentum_252d,20,2024-07-18,-1.5881394125579429,-0.9483028221930664
momentum_252d,20,2024-08-15,-2.340763912701268,-2.4944875068868706
momentum_252d,20,2024-09-13,0.6831784172501187,2.435907959708887
momentum_252d,20,2024-10-11,-0.4423485935899475,-0.9755255087458189
momentum_252d,20,2024-11-08,1.1983902064719516,-1.537090184813561
momentum_252d,20,2024-12-09,4.131787780847854,2.0628453490555603
momentum_252d,20,2025-01-08,-1.3591948343751992,1.2982534659797706
momentum_252d,20,2025-02-07,-3.2835964031583953,2.6394036099222045
momentum_252d,20,2025-03-10,3.0613080505198327,1.8632005564335568
momentum_252d,20,2025-04-07,1.4236365082083293,0.20490788467812937
momentum_252d,20,2025-05-06,0.7897442750372476,-3.776399367905688
momentum_252d,20,2025-06-04,0.22691764296116634,-0.5245646635935186
momentum_252d,20,2025-07-03,1.6802150964385274,-1.0638518126195171
momentum_252d,20,2025-08-01,-3.7833379670590714,-1.9278581495040952
momentum_252d,20,2025-08-29,4.945672357868203,0.6479010093853728
momentum_252d,20,2025-09-29,2.1318015974944093,1.8465063896751583
momentum_252d,20,2025-10-27,-4.498269964304631,-1.9163618318734588
momentum_252d,20,2025-11-24,2.8126033698324227,1.676267283354201
momentum_252d,20,2025-12-23,-0.17160836004030192,3.1156772704860503
momentum_252d,20,2026-01-23,4.52952594101882,3.7556134453056313
momentum_252d,20,2026-02-23,3.2644502757264195,2.743077531294487
momentum_252d,20,2026-03-23,0.9487065699732529,-1.5742489113096874
momentum_252d,20,2026-04-21,9.708941583691452,7.67043072298436
momentum_252d,20,2026-05-19,1.1749278255001976,1.3140473531620032
momentum_252d,20,2026-06-17,-5.50095823916283,-3.3054436582685733
momentum_252d,20,2026-07-17,4.189992407801543,1.5855130052344772
momentum_252d,20,2026-08-14,1.6159390911042941,0.8510743822495725
momentum_252d,60,1999-12-22,2.1184558840980583,-5.342866379086509
momentum_252d,60,2000-03-20,-11.285943914483806,1.3558837419957817
momentum_252d,60,2000-06-14,7.7937158374925435,4.892599100427838
momentum_252d,60,2000-09-08,-20.976584225565432,-3.3100105238360045
momentum_252d,60,2000-12-04,4.190508795323662,5.738007210317501
momentum_252d,60,2001-03-02,-1.8737851486480772,-1.4820683108333732
momentum_252d,60,2001-05-29,1.7797148504096232,1.6032543729425235
momentum_252d,60,2001-08-22,4.040795432689444,1.045371388293507
momentum_252d,60,2001-11-21,4.908927168623396,6.254701553957516
momentum_252d,60,2002-02-20,0.4449803631877969,2.1568096256908253
momentum_252d,60,2002-05-16,6.32079878374916,2.067676656009772
momentum_252d,60,2002-08-12,-4.939126287087308,-5.373119584308702
momentum_252d,60,2002-11-05,2.8398604211205027,0.9934880511862124
momentum_252d,60,2003-02-03,-10.054655602453296,-2.704871719966266
momentum_252d,60,2003-04-30,-1.9881205142584957,0.15901160551649401
momentum_252d,60,2003-07-25,6.825164629098879,6.652693469324977
momentum_252d,60,2003-10-20,2.4937008901166458,1.6093965168908486
momentum_252d,60,2004-01-15,-6.561161519788832,-4.399364338101893
momentum_252d,60,2004-04-13,-5.565907084311739,-4.0779148466076585
momentum_252d,60,2004-07-09,5.591349300819718,4.657563173616519
momentum_252d,60,2004-10-04,2.0907865730876996,-0.5673406380856709
momentum_252d,60,2004-12-29,7.050456896003496,8.84307592109204
momentum_252d,60,2005-03-28,-2.4787960119831234,-0.5244151762470912
momentum_252d,60,2005-06-21,3.987389548641762,5.919074414014983
momentum_252d,60,2005-09-15,-6.360732979388432,-3.3391933987436673
momentum_252d,60,2005-12-09,-4.5281260368952445,-3.7289428708862906
momentum_252d,60,2006-03-09,2.5039556540276453,3.7711272002709664
momentum_252d,60,2006-06-05,-0.1523986579439196,-0.7796763196945851
momentum_252d,60,2006-08-29,-4.901081501237736,-1.0430186992086274
momentum_252d,60,2006-11-22,5.371149343495647,3.2712996032605357
momentum_252d,60,2007-02-22,-3.298189488762985,0.8606905681940669
momentum_252d,60,2007-05-18,-0.3327944716740584,0.7597492597773499
momentum_252d,60,2007-08-14,9.32659866568718,6.221679958209267
momentum_252d,60,2007-11-07,-0.13006675417290453,-1.823617067151484
momentum_252d,60,2008-02-05,3.380708769719276,3.4442731499824206
momentum_252d,60,2008-05-01,13.089661377102688,5.951069269748391
momentum_252d,60,2008-07-28,1.31441688590093,0.10072123244328306
momentum_252d,60,2008-10-21,15.45798296555201,8.503030929443007
momentum_252d,60,2009-01-16,-18.230535808894142,-8.011801937575518
momentum_252d,60,2009-04-15,5.154499774655744,2.9308471703850607
momentum_252d,60,2009-07-10,-11.088895941198885,-3.8550803521418375
momentum_252d,60,2009-10-05,6.966418832972695,4.0429362095754175
momentum_252d,60,2009-12-30,-2.112713993203408,-2.7461263490066723
momentum_252d,60,2010-03-29,-2.397703152195156,-0.31721202388934977
momentum_252d,60,2010-06-23,-2.3613978814307752,-1.6727854597190321
momentum_252d,60,2010-09-17,-4.689415701681879,2.404594880620052
momentum_252d,60,2010-12-13,-0.16333725023827125,-0.28470654717724175
momentum_252d,60,2011-03-10,-1.2844238515829942,0.43493491931756817
momentum_252d,60,2011-06-06,-4.6877238230547125,-2.3581001368953025
momentum_252d,60,2011-08-30,1.1370539277657077,0.386773333435686
momentum_252d,60,2011-11-23,-12.218166896429034,-7.688126882199427
momentum_252d,60,2012-02-22,10.906443671334253,5.884823127223756
momentum_252d,60,2012-05-17,-2.4051632278552892,-0.7837203056172711
momentum_252d,60,2012-08-13,3.033359499990869,1.0249654031794009
momentum_252d,60,2012-11-08,-0.5427511906635963,2.042931011765063
momentum_252d,60,2013-02-06,5.7099282593717025,2.3010174054071575
momentum_252d,60,2013-05-03,2.5740781611796937,0.8472307673197917
momentum_252d,60,2013-07-30,-1.8221222221753597,-0.37546966473626464
momentum_252d,60,2013-10-23,5.9577230608269724,0.9019198275932894
momentum_252d,60,2014-01-21,-7.915012336989142,-1.886315869351111
momentum_252d,60,2014-04-16,4.113572470116304,1.1053643757047795
momentum_252d,60,2014-07-14,-2.60248564804552,-0.2872622669353545
momentum_252d,60,2014-10-07,5.562568199231902,2.726945955313405
momentum_252d,60,2015-01-02,-0.8635086113046604,-0.33088685002260476
momentum_252d,60,2015-03-31,4.773811718406813,2.468756034503568
momentum_252d,60,2015-06-25,1.0172193425629399,-2.23031070115937
momentum_252d,60,2015-09-21,2.1977758555467353,-0.40634992705816203
momentum_252d,60,2015-12-15,-6.088358821191024,0.3229569897959639
momentum_252d,60,2016-03-14,-5.87357634556885,-1.6636304952453533
momentum_252d,60,2016-06-08,-0.8821872534955774,-2.3300192579496892
momentum_252d,60,2016-09-01,-4.014602375315206,-1.6107901256763906
momentum_252d,60,2016-11-28,-0.1570910757502597,-0.3611538486320157
momentum_252d,60,2017-02-24,0.6888267828891033,0.6674961649764666
momentum_252d,60,2017-05-22,5.813469047184147,1.3210299232471265
momentum_252d,60,2017-08-16,4.824155066865254,4.514947995291293
momentum_252d,60,2017-11-09,2.4404773478660324,-0.22717930754364937
momentum_252d,60,2018-02-07,-5.033796876232133,1.7832339899058562
momentum_252d,60,2018-05-04,0.3502624475090865,0.2876731135399657
momentum_252d,60,2018-07-31,-11.670767118783262,-4.357165210767774
momentum_252d,60,2018-10-24,-2.1732377569413264,1.3311166680453437
momentum_252d,60,2019-01-23,-12.753259004245942,-6.20222002532416
momentum_252d,60,2019-04-18,5.902815640280827,2.0431155745720337
momentum_252d,60,2019-07-16,10.776405135667577,7.052883293392808
momentum_252d,60,2019-10-09,-6.538586341762631,-4.959785618956899
momentum_252d,60,2020-01-06,9.696021009334743,0.9454356776016323
momentum_252d,60,2020-04-01,1.3800163810132084,1.6170707650700056
momentum_252d,60,2020-06-26,10.364415624593477,3.19324881484222
momentum_252d,60,2020-09-22,-0.2893291930214703,5.367901667153441
momentum_252d,60,2020-12-16,-10.909833331804473,-1.060687363140659
momentum_252d,60,2021-03-16,-1.548272850622586,0.8296320823875473
momentum_252d,60,2021-06-10,-2.5607645905690495,-3.507181422965725
momentum_252d,60,2021-09-03,7.102970499576207,7.581241849160787
momentum_252d,60,2021-11-30,3.1514751671094854,10.403042256212347
momentum_252d,60,2022-02-25,17.607411364402886,10.501459458202135
momentum_252d,60,2022-05-23,-9.352677275816463,-6.475967398832072
momentum_252d,60,2022-08-18,12.705631941703057,7.324037751114116
momentum_252d,60,2022-11-11,-9.431383138436109,-5.443723363610883
momentum_252d,60,2023-02-09,-6.415842370833258,-3.939597820370977
momentum_252d,60,2023-05-08,8.024212575022474,7.246939659066183
momentum_252d,60,2023-08-03,1.5582798733478973,0.27172166528175445
momentum_252d,60,2023-10-27,16.034386177829635,9.595501742369532
momentum_252d,60,2024-01-25,-8.56999515836598,-0.3952241023007101
momentum_252d,60,2024-04-22,7.66087751859809,5.131869045014881
momentum_252d,60,2024-07-18,-0.7173659488358464,-0.40019982990855407
momentum_252d,60,2024-10-11,-0.28864111399094333,-2.0168177932629745
momentum_252d,60,2025-01-08,-9.425069181907041,-0.9398368495229606
momentum_252d,60,2025-04-07,-9.34377208071593,-5.239236511224924
momentum_252d,60,2025-07-03,3.8674826807087337,-1.403505118774806
momentum_252d,60,2025-09-29,-0.4696001085540618,1.4629851369867386
momentum_252d,60,2025-12-23,0.4347850596608249,4.049265481169359
momentum_252d,60,2026-03-23,13.072248203447364,7.364798053962867
momentum_252d,60,2026-06-17,-0.7424818797729013,-1.642063629721091
momentum_252d,120,1999-12-22,-10.480097898725592,-6.132035802762145
momentum_252d,120,2000-06-14,-11.881992925573163,1.0886892393510226
momentum_252d,120,2000-12-04,-0.2635461821135131,3.5501953075218453
momentum_252d,120,2001-05-29,0.21342252573749815,0.9418702227828221
momentum_252d,120,2001-11-21,5.386638843219538,8.561306951815595
momentum_252d,120,2002-05-16,7.064225658933096,1.0708548120765382
momentum_252d,120,2002-11-05,-2.1919581562799566,2.1914450633231093
momentum_252d,120,2003-04-30,-12.052124576022857,-3.326774796769113
momentum_252d,120,2003-10-20,-7.756041634583233,-3.2055537396269798
momentum_252d,120,2004-04-13,-6.549139158814938,-6.416757258376022
momentum_252d,120,2004-10-04,8.407609691417013,7.712435683112195
momentum_252d,120,2005-03-28,2.6550018158079634,5.978413096970633
momentum_252d,120,2005-09-15,-10.315835642887357,-7.151291062528027
momentum_252d,120,2006-03-09,5.672578632549023,5.975843757571853
momentum_252d,120,2006-08-29,-1.2662997294701293,0.6903462419766877
momentum_252d,120,2007-02-22,-9.22831961291057,-1.8061552452431313
momentum_252d,120,2007-08-14,2.1895386399405248,3.644387484332464
momentum_252d,120,2008-02-05,16.111911660620176,8.855160188415793
momentum_252d,120,2008-07-28,12.90340735984222,6.358402758499864
momentum_252d,120,2009-01-16,-16.25785719614571,-6.134736027348767
momentum_252d,120,2009-07-10,-6.104408586797668,-2.582758339660611
momentum_252d,120,2009-12-30,-1.3579967696063435,-1.0685932100955697
momentum_252d,120,2010-06-23,3.9655793571916544,3.5210451715698587
momentum_252d,120,2010-12-13,-1.2326019312882464,-0.4696076834634096
momentum_252d,120,2011-06-06,-6.606474105206783,-4.337996430736694
momentum_252d,120,2011-11-23,0.6964310755898542,-0.9813434909904087
momentum_252d,120,2012-05-17,-3.582609852046096,-4.154192813629002
momentum_252d,120,2012-11-08,5.796921916165054,4.752381720730433
momentum_252d,120,2013-05-03,-2.2641566825179664,-0.7713930827857467
momentum_252d,120,2013-10-23,-0.009213088094066,0.9282842173652087
momentum_252d,120,2014-04-16,0.22566254329835517,-1.3980089901807693
momentum_252d,120,2014-10-07,8.12258665177568,5.450916023272953
momentum_252d,120,2015-03-31,8.604263783606108,-0.004792120163440069
momentum_252d,120,2015-09-21,0.24755532647367703,0.13107738514288964
momentum_252d,120,2016-03-14,-6.829995066737071,-4.1447137830404515
momentum_252d,120,2016-09-01,-2.3428360527778156,-1.422687665684963
momentum_252d,120,2017-02-24,1.7377076877574136,2.0404215167093493
momentum_252d,120,2017-08-16,11.728712042830278,4.231770706610996
momentum_252d,120,2018-02-07,-3.7215824237421424,2.1861628995057796
momentum_252d,120,2018-07-31,-10.053354740068487,-3.2084200421939935
momentum_252d,120,2019-01-23,-2.9499341557786147,-3.244062444099146
momentum_252d,120,2019-07-16,2.082444775569514,-3.2203024596298833
momentum_252d,120,2020-01-06,15.358544599205375,5.512440368133897
momentum_252d,120,2020-06-26,10.295710284821457,11.005163138148315
momentum_252d,120,2020-12-16,-15.235391967974179,-3.7927996716612324
momentum_252d,120,2021-06-10,5.968975794323229,-0.3234403545832413
momentum_252d,120,2021-11-30,5.4674384790588615,20.090269589163647
momentum_252d,120,2022-05-23,8.097271288268606,2.4576295326143582
momentum_252d,120,2022-11-11,-12.369208056477888,-5.5994833104116495
momentum_252d,120,2023-05-08,9.134346410942085,4.983831752556992
momentum_252d,120,2023-10-27,17.944801506649796,9.517711457021553
momentum_252d,120,2024-04-22,1.6260643810435644,2.910239974109137
momentum_252d,120,2024-10-11,-1.392635527430582,-0.26925922842847927
momentum_252d,120,2025-04-07,-9.662348179907529,-5.546763928809359
momentum_252d,120,2025-09-29,-1.5419988103249398,5.959510939921816
momentum_252d,120,2026-03-23,4.070898262085524,0.8825106691400834
